mtllib 9YSL9F7LL2KR95M5Z8ZLOQQ03.mtl
v 0.124575 0.484245 -0.085235
v 0.104643 0.481802 -0.089634
v 0.125682 0.491573 -0.075336
v 0.113501 0.498901 -0.077536
v 0.134541 0.505007 -0.061039
v 0.117931 0.523327 -0.079736
v 0.135649 0.524548 -0.065439
v 0.138971 0.559966 -0.066539
v 0.076960 0.484245 -0.091834
v 0.085819 0.500122 -0.080836
v 0.096892 0.524548 -0.083035
v 0.109072 0.561187 -0.086335
v 0.078067 0.530654 -0.078636
v 0.092462 0.564851 -0.084135
v 0.080282 0.570957 -0.075336
v 0.106858 0.614924 -0.086335
v 0.094677 0.617367 -0.078636
v 0.101321 0.678432 -0.086335
v 0.092462 0.679653 -0.076436
v 0.102428 0.743160 -0.094034
v 0.094677 0.745603 -0.085235
v 0.097999 0.811553 -0.095133
v 0.121253 0.612482 -0.090734
v 0.112395 0.677210 -0.092934
v 0.112395 0.741939 -0.099532
v 0.103536 0.810332 -0.103932
v 0.105750 0.877504 -0.113830
v 0.099106 0.878725 -0.105032
v 0.096892 0.943454 -0.112730
v 0.103536 0.943454 -0.121529
v 0.113501 0.876282 -0.119329
v 0.112395 0.809111 -0.109431
v 0.123468 0.741939 -0.100632
v 0.125682 0.675989 -0.094034
v 0.137863 0.675989 -0.089634
v 0.135649 0.612482 -0.085235
v 0.147829 0.677210 -0.079736
v 0.147829 0.612482 -0.073137
v 0.134541 0.743160 -0.097333
v 0.123468 0.809111 -0.110530
v 0.124575 0.875061 -0.121529
v 0.112395 0.942233 -0.129227
v 0.105750 1.006961 -0.142425
v 0.095784 1.008182 -0.132527
v 0.081389 1.069248 -0.143525
v 0.071423 1.070469 -0.128127
v 0.060350 1.125427 -0.154523
v 0.051491 1.126649 -0.134726
v 0.030452 1.171837 -0.144625
v 0.038203 1.164509 -0.165520
v 0.076960 1.126649 -0.169920
v 0.093570 1.069248 -0.157822
v 0.119038 1.006961 -0.147924
v 0.123468 0.942233 -0.134726
v 0.134541 0.876282 -0.119329
v 0.132326 0.809111 -0.107231
v 0.142292 0.744382 -0.089634
v 0.024915 1.187714 -0.175419
v 0.057028 1.169394 -0.184218
v 0.097999 1.130312 -0.177618
v 0.110180 1.070469 -0.164421
v 0.132326 1.008182 -0.146824
v 0.135649 0.942233 -0.133627
v 0.141185 0.877504 -0.112730
v 0.140077 0.810332 -0.100632
v 0.008305 1.199926 -0.165520
v 0.026022 1.221910 -0.189716
v 0.039311 1.197484 -0.191916
v 0.065886 1.208476 -0.208413
v 0.082496 1.175501 -0.193016
v 0.109073 1.181607 -0.191916
v 0.120146 1.132755 -0.179818
v 0.097999 1.215803 -0.200714
v 0.129004 1.185271 -0.174319
v 0.124575 1.218246 -0.184218
v 0.092462 1.241451 -0.199615
v 0.117931 1.239008 -0.186417
v 0.057028 1.236565 -0.205114
v -0.223128 -0.999634 0.009348
v -0.237523 -0.993527 -0.000550
v -0.173298 -0.995970 -0.019247
v -0.191015 -0.983757 -0.022546
v -0.156688 -0.983757 -0.044542
v -0.164439 -0.978872 -0.048941
v -0.126790 -0.977650 -0.062139
v -0.135649 -0.973986 -0.066539
v -0.116823 -0.965437 -0.083035
v -0.143400 -0.971544 -0.072037
v -0.126790 -0.964216 -0.087434
v -0.150044 -0.972765 -0.077536
v -0.134541 -0.964216 -0.091834
v -0.141185 -0.965437 -0.096233
v -0.125682 -0.955666 -0.101732
v -0.133434 -0.956888 -0.106132
v -0.129004 -0.950782 -0.116030
v -0.136756 -0.954445 -0.122628
v -0.122360 -0.949560 -0.130327
v -0.131219 -0.954445 -0.135826
v -0.116823 -0.965437 -0.149024
v -0.124575 -0.966659 -0.153423
v -0.120146 -0.989863 -0.183118
v -0.131219 -0.970323 -0.157822
v -0.130112 -0.989863 -0.183118
v -0.138971 -0.989863 -0.178718
v -0.127897 -1.024059 -0.220511
v -0.138971 -1.022838 -0.219411
v -0.142292 -1.063141 -0.264503
v -0.157795 -1.061920 -0.262304
v -0.150044 -1.107108 -0.312895
v -0.168868 -1.104665 -0.309595
v -0.183264 -1.136419 -0.364586
v -0.209840 -1.138862 -0.354687
v -0.197659 -1.152296 -0.426175
v -0.230879 -1.155960 -0.412977
v -0.249704 -1.155960 -0.475666
v -0.290675 -1.160845 -0.455870
v -0.267421 -1.135198 -0.535055
v -0.315037 -1.141305 -0.514159
v -0.334968 -1.110772 -0.568050
v -0.388120 -1.118100 -0.536155
v -0.353793 -1.074133 -0.616441
v -0.413589 -1.081461 -0.582347
v -0.439058 -1.041158 -0.621940
v -0.501068 -1.047264 -0.577948
v -0.463419 -0.997191 -0.657134
v -0.529859 -1.002076 -0.610942
v -0.556435 -0.953224 -0.640636
v -0.619553 -0.954445 -0.586746
v -0.577474 -0.900708 -0.671432
v -0.642807 -0.900708 -0.615341
v -0.661632 -0.845750 -0.646136
v -0.723643 -0.844529 -0.583447
v -0.677135 -0.789570 -0.676930
v -0.741360 -0.784685 -0.614241
v -0.754647 -0.724841 -0.646136
v -0.814444 -0.718735 -0.576848
v -0.827731 -0.655227 -0.606543
v -0.867596 -0.710185 -0.503161
v -0.883099 -0.646678 -0.528457
v -0.930713 -0.636908 -0.444871
v -0.945109 -0.573400 -0.465768
v -0.969470 -0.627137 -0.355787
v -0.987187 -0.562409 -0.371184
v -1.017086 -0.547753 -0.274402
v -1.033695 -0.481802 -0.284300
v -1.038125 -0.530654 -0.174319
v -1.055843 -0.463483 -0.179818
v -1.048091 -0.514777 -0.074237
v -1.066916 -0.443942 -0.075336
v -1.049198 -0.503786 0.023646
v -1.069130 -0.430508 0.023646
v -1.041447 -0.500122 0.120429
v -1.061379 -0.426844 0.119329
v -1.021515 -0.500122 0.219411
v -1.043662 -0.428065 0.218311
v -0.117931 -0.955666 -0.097333
v -0.110180 -0.950782 -0.108331
v -0.120146 -0.949560 -0.111630
v -0.102428 -0.955666 -0.124828
v -0.113501 -0.950782 -0.125928
v -0.095784 -0.973986 -0.143525
v -0.107965 -0.965437 -0.144625
v -0.086926 -1.008182 -0.171020
v -0.100214 -0.995970 -0.175419
v -0.093570 -1.041158 -0.211713
v -0.110180 -0.992306 -0.179818
v -0.106858 -1.031387 -0.216112
v -0.117931 -1.026502 -0.219411
v -0.115717 -1.070469 -0.262304
v -0.129004 -1.065584 -0.264503
v -0.132326 -1.109551 -0.313995
v -0.133434 -1.140083 -0.374484
v -0.157795 -1.136419 -0.372284
v -0.164439 -1.151074 -0.434973
v -0.167761 -1.148632 -0.498762
v -0.208732 -1.151074 -0.489963
v -0.218699 -1.131534 -0.550452
v -0.225342 -1.101001 -0.608743
v -0.280709 -1.104665 -0.592245
v -0.291783 -1.068027 -0.645036
v -0.301748 -1.026502 -0.692327
v -0.371511 -1.033830 -0.660433
v -0.390335 -0.991084 -0.698927
v -0.409160 -0.944675 -0.733020
v -0.485566 -0.950782 -0.689028
v -0.504390 -0.900708 -0.720923
v -0.518786 -0.846971 -0.751717
v -0.592977 -0.846971 -0.702226
v -0.606265 -0.792013 -0.734120
v -0.615124 -0.733391 -0.766015
v -0.688208 -0.729726 -0.708825
v -0.695959 -0.669883 -0.739619
v -0.765721 -0.663776 -0.675831
v -0.773472 -0.601490 -0.704425
v -0.837698 -0.592941 -0.634038
v -0.895279 -0.583170 -0.553752
v -0.906353 -0.519663 -0.575748
v -0.958397 -0.509893 -0.484464
v -1.001583 -0.497679 -0.386582
v -1.014871 -0.434172 -0.401979
v -1.048091 -0.417074 -0.296398
v -1.070238 -0.396312 -0.188617
v -1.080204 -0.329141 -0.200714
v -1.082419 -0.374328 -0.081936
v -1.094599 -0.303493 -0.095133
v -1.086847 -0.356009 0.019247
v -1.102350 -0.281510 0.007149
v -1.082419 -0.349903 0.114930
v -1.100136 -0.271739 0.106131
v -1.064701 -0.354787 0.215012
v -1.085741 -0.277846 0.207314
v -0.103536 -1.077797 -0.259004
v -0.096892 -1.122985 -0.308495
v -0.114609 -1.114436 -0.312895
v -0.109073 -1.148632 -0.371184
v -0.099106 -1.164509 -0.437173
v -0.131219 -1.155960 -0.438273
v -0.125682 -1.152296 -0.504261
v -0.119038 -1.133976 -0.566950
v -0.168868 -1.130313 -0.561451
v -0.168868 -1.101001 -0.620841
v -0.166653 -1.063141 -0.675831
v -0.228664 -1.064362 -0.663733
v -0.231986 -1.020396 -0.714324
v -0.234201 -0.973986 -0.759416
v -0.312822 -0.982536 -0.734120
v -0.327217 -0.936126 -0.770414
v -0.341613 -0.888495 -0.802308
v -0.425770 -0.895823 -0.764915
v -0.439058 -0.844529 -0.795709
v -0.449023 -0.789570 -0.827604
v -0.529859 -0.792013 -0.783611
v -0.537610 -0.734612 -0.815506
v -0.540932 -0.674768 -0.846300
v -0.621768 -0.673546 -0.796809
v -0.623983 -0.611261 -0.825404
v -0.701495 -0.607597 -0.769314
v -0.703710 -0.545310 -0.796809
v -0.777901 -0.537982 -0.730821
v -0.845449 -0.529433 -0.658234
v -0.850986 -0.464704 -0.680229
v -0.914104 -0.456155 -0.595545
v -0.969470 -0.446385 -0.502061
v -0.977222 -0.382878 -0.518559
v -1.024837 -0.369443 -0.416277
v -1.059165 -0.352345 -0.310695
v -1.065808 -0.286395 -0.326093
v -1.087955 -0.261969 -0.218311
v -1.103458 -0.233878 -0.112730
v -1.108995 -0.163043 -0.133627
v -1.114531 -0.208232 -0.009348
v -1.122282 -0.134954 -0.030245
v -1.116746 -0.193576 0.091834
v -1.128926 -0.115413 0.074237
v -1.104565 -0.198461 0.195216
v -1.120068 -0.117856 0.180918
v 0.084711 0.621030 -0.068738
v 0.070316 0.577064 -0.064339
v 0.063671 0.542868 -0.067638
v 0.052598 0.547753 -0.055540
v 0.040417 0.519663 -0.067638
v 0.016056 0.540425 -0.063239
v 0.062565 0.506229 -0.077536
v 0.052598 0.497679 -0.090734
v 0.029344 0.514777 -0.085235
v 0.014949 0.546531 -0.085235
v 0.031559 0.523327 -0.102832
v 0.019378 0.551416 -0.101732
v 0.024915 0.557523 -0.114930
v 0.008305 0.586834 -0.109431
v 0.019378 0.583170 -0.128127
v 0.003876 0.624695 -0.153423
v 0.027130 0.616146 -0.173219
v -0.022700 0.674768 -0.186417
v 0.006090 0.664998 -0.211713
v -0.024915 0.712628 -0.253505
v 0.017164 0.699194 -0.278801
v -0.065886 0.756595 -0.295298
v -0.014949 0.738275 -0.328292
v -0.058135 0.772472 -0.372284
v 0.010520 0.748046 -0.404179
v -0.115717 0.800562 -0.414077
v -0.035989 0.774914 -0.456969
v -0.189907 0.816438 -0.448170
v -0.104643 0.793234 -0.504261
v -0.277387 0.818881 -0.474566
v -0.203196 0.798119 -0.539454
v -0.365974 0.807890 -0.494363
v -0.302856 0.787128 -0.562550
v -0.393657 0.760259 -0.581248
v -0.330539 0.738275 -0.645036
v -0.477814 0.722399 -0.595545
v -0.420233 0.700415 -0.661533
v -0.503283 0.652784 -0.671432
v -0.442380 0.630801 -0.733020
v -0.522107 0.577064 -0.738520
v -0.374832 0.606375 -0.791310
v -0.456775 0.553859 -0.797909
v -0.385906 0.528212 -0.852899
v -0.461204 0.472032 -0.858398
v -0.312822 0.497679 -0.901291
v -0.388120 0.445163 -0.908989
v -0.319465 0.412188 -0.951881
v -0.454560 0.387762 -0.912288
v -0.385906 0.357230 -0.956281
v -0.443487 0.297386 -0.957381
v -0.330539 0.318148 -0.993675
v -0.388120 0.260748 -0.993675
v -0.350471 0.218002 -1.022269
v -0.393657 0.185027 -1.015670
v -0.330539 0.170371 -1.042066
v -0.394765 0.144724 -1.024469
v -0.319465 0.117856 -1.058563
v -0.398086 0.093429 -1.034367
v -0.311714 0.060454 -1.070661
v -0.400301 0.038471 -1.042066
v -0.402516 -0.016488 -1.047565
v -0.484458 0.038471 -1.006872
v -0.491102 -0.016488 -1.010171
v -0.565294 0.055569 -0.965079
v -0.577474 -0.003053 -0.967279
v -0.660524 0.015266 -0.916688
v -0.585226 -0.062897 -0.966179
v -0.670490 -0.048242 -0.915588
v -0.590762 -0.122741 -0.963979
v -0.678241 -0.111749 -0.911189
v -0.682671 -0.174035 -0.904590
v -0.760184 -0.097093 -0.847400
v -0.765721 -0.161822 -0.839702
v -0.835483 -0.084880 -0.771513
v -0.842127 -0.149609 -0.762715
v -0.915211 -0.138618 -0.674731
v -0.847664 -0.214338 -0.750618
v -0.919640 -0.202125 -0.660433
v -0.850986 -0.276625 -0.735220
v -0.922962 -0.265633 -0.646136
v -0.922962 -0.329141 -0.629639
v -0.984973 -0.253420 -0.548253
v -0.983865 -0.318148 -0.533956
v -1.034803 -0.237543 -0.447071
v -1.031481 -0.304714 -0.431674
v -0.919640 -0.392648 -0.613141
v -0.853201 -0.402419 -0.700026
v -0.780116 -0.412188 -0.777013
v -0.780116 -0.474475 -0.755016
v -0.702603 -0.483024 -0.822104
v -0.619553 -0.487910 -0.880394
v -0.622875 -0.550195 -0.853999
v -0.537610 -0.552638 -0.903491
v -0.540932 -0.613703 -0.874895
v -0.453453 -0.613703 -0.916688
v -0.455668 -0.673546 -0.888093
v -0.454560 -0.733391 -0.858398
v -0.365974 -0.728505 -0.895792
v -0.361544 -0.784685 -0.864997
v -0.352686 -0.837201 -0.834202
v -0.260777 -0.828652 -0.866097
v -0.250811 -0.877504 -0.833103
v -0.240845 -0.926356 -0.799009
v -0.155580 -0.919028 -0.816606
v -0.158902 -0.969101 -0.773713
v -0.163332 -1.017953 -0.726422
v -0.095784 -1.020396 -0.730821
v -0.104643 -1.065584 -0.680229
v -0.112395 -1.104665 -0.626339
v -0.055920 -1.110772 -0.626339
v -0.070316 -1.141305 -0.566950
v -0.083604 -1.159624 -0.503161
v -0.043740 -1.173058 -0.497662
v -0.065886 -1.176722 -0.430574
v -0.083604 -1.159624 -0.365685
v -0.057028 -1.175501 -0.356887
v -0.074745 -1.136419 -0.299697
v -0.086926 -1.088789 -0.253505
v -0.063671 -1.103444 -0.242507
v -0.075852 -1.053371 -0.204014
v -0.053706 -1.063141 -0.194116
v -0.070316 -1.017953 -0.163321
v -0.028237 -1.064362 -0.184218
v -0.051491 -1.021617 -0.153423
v -0.031559 -1.019174 -0.145724
v -0.051491 -0.987421 -0.124828
v -0.016056 -1.014289 -0.140225
v -0.034881 -0.984978 -0.118229
v -0.020486 -0.983757 -0.110530
v -0.047062 -0.967880 -0.102832
v -0.031559 -0.967880 -0.095133
v -0.041525 -0.962995 -0.081936
v -0.030452 -0.965437 -0.070938
v -0.053706 -0.966659 -0.072037
v -0.042632 -0.969101 -0.061039
v -0.066994 -0.976429 -0.062139
v -0.057028 -0.976429 -0.052241
v -0.074745 -0.997191 -0.043443
v -0.051491 -0.978872 -0.037943
v -0.066994 -0.997191 -0.031345
v -0.062565 -0.999634 -0.015948
v -0.073638 -1.015511 -0.015948
v -0.060350 -1.003298 0.004949
v -0.081389 -1.021617 -0.004949
v -0.034881 -1.111993 -0.231509
v -0.014949 -1.160845 -0.275501
v -0.047062 -1.152296 -0.288699
v -0.026022 -1.190156 -0.344789
v 0.003876 -1.206033 -0.409677
v -0.031559 -1.191378 -0.421775
v -0.002768 -1.187714 -0.488863
v 0.026022 -1.166951 -0.552652
v -0.021593 -1.153517 -0.562550
v -0.000554 -1.121764 -0.620841
v 0.018271 -1.080239 -0.674731
v -0.042632 -1.071690 -0.679130
v -0.029344 -1.026502 -0.729721
v -0.014949 -0.977650 -0.775913
v -0.085819 -0.971544 -0.778112
v -0.075852 -0.920249 -0.821005
v -0.069208 -0.867733 -0.861697
v -0.156688 -0.868954 -0.853999
v -0.162225 -0.818881 -0.888093
v -0.166653 -0.767587 -0.918888
v -0.267421 -0.777357 -0.896891
v -0.270743 -0.723620 -0.926586
v -0.269635 -0.668661 -0.954082
v -0.365974 -0.671104 -0.924386
v -0.361544 -0.612482 -0.952981
v -0.353793 -0.552638 -0.979377
v -0.447917 -0.553859 -0.944183
v -0.437950 -0.491573 -0.970578
v -0.530966 -0.490352 -0.928786
v -0.522107 -0.429287 -0.952981
v -0.614016 -0.425623 -0.903491
v -0.700389 -0.420738 -0.845200
v -0.695959 -0.358451 -0.864997
v -0.777901 -0.349903 -0.796809
v -0.853201 -0.338911 -0.718723
v -0.003876 -1.113214 -0.219411
v 0.019378 -1.113214 -0.208413
v -0.007198 -1.061920 -0.175419
v 0.008305 -1.059477 -0.167720
v 0.022700 -1.058256 -0.157822
v -0.002768 -1.013068 -0.132527
v 0.008305 -1.015511 -0.121529
v -0.008305 -0.984978 -0.099532
v 0.000554 -0.989863 -0.085235
v -0.019378 -0.970323 -0.083035
v -0.011627 -0.977650 -0.067638
v -0.022700 -0.972765 -0.055540
v -0.035989 -0.972765 -0.045642
v -0.030452 -0.976429 -0.025845
v -0.048169 -0.981314 -0.019247
v 0.016056 -1.164509 -0.262304
v 0.042632 -1.203591 -0.316194
v 0.008305 -1.199927 -0.330491
v 0.041525 -1.214582 -0.394280
v 0.080282 -1.210919 -0.460268
v 0.038203 -1.199927 -0.476766
v 0.072530 -1.179164 -0.539454
v 0.105750 -1.144968 -0.596645
v 0.052598 -1.132755 -0.612042
v 0.079174 -1.092452 -0.664832
v 0.103536 -1.044822 -0.713224
v 0.037095 -1.035051 -0.724222
v 0.057028 -0.986199 -0.770414
v 0.074745 -0.932462 -0.814406
v -0.000554 -0.926356 -0.819905
v 0.011627 -0.871397 -0.860598
v 0.019378 -0.815217 -0.899091
v -0.066993 -0.813996 -0.897991
v -0.066993 -0.760259 -0.930986
v -0.066993 -0.705300 -0.961780
v -0.168868 -0.715071 -0.948582
v -0.168868 -0.658891 -0.976077
v -0.165547 -0.601490 -1.002472
v -0.265207 -0.610039 -0.981577
v -0.256348 -0.548974 -1.006872
v -0.246382 -0.486688 -1.031068
v -0.342720 -0.491573 -1.004672
v -0.330539 -0.428065 -1.026668
v -0.427984 -0.430508 -0.993675
v -0.415804 -0.369443 -1.013471
v -0.513249 -0.368222 -0.972778
v -0.607372 -0.365779 -0.923287
v -0.601835 -0.304714 -0.938684
v -0.691530 -0.297387 -0.881494
v -0.774580 -0.287616 -0.814406
v -0.771258 -0.225330 -0.828704
v 0.042632 -1.166951 -0.248006
v 0.065886 -1.166951 -0.232609
v 0.035989 -1.113214 -0.197415
v 0.052598 -1.114436 -0.184218
v 0.068101 -1.115657 -0.167720
v 0.034881 -1.060698 -0.145724
v 0.044847 -1.064362 -0.131427
v 0.018271 -1.019174 -0.108331
v 0.008305 -0.999634 -0.064339
v -0.003876 -0.987421 -0.047841
v 0.017163 -1.013068 -0.036843
v 0.004983 -0.999634 -0.021446
v 0.073638 -1.207254 -0.297498
v 0.114609 -1.225574 -0.354687
v 0.078067 -1.220689 -0.376684
v 0.121253 -1.218246 -0.438273
v 0.166653 -1.198705 -0.497662
v 0.120145 -1.191378 -0.521858
v 0.158902 -1.155960 -0.576848
v 0.194337 -1.111993 -0.627439
v 0.137863 -1.102223 -0.648336
v 0.166653 -1.053371 -0.695627
v 0.193229 -1.000855 -0.741819
v 0.125682 -0.994748 -0.758316
v 0.146722 -0.939790 -0.802308
v 0.166653 -0.882389 -0.844101
v 0.090247 -0.876282 -0.855099
v 0.102428 -0.818881 -0.894692
v 0.112395 -0.760259 -0.929886
v 0.024915 -0.757817 -0.934285
v 0.028237 -0.700416 -0.966179
v 0.033774 -0.643014 -0.995874
v -0.065886 -0.647900 -0.990375
v -0.061457 -0.590498 -1.016770
v -0.054813 -0.530654 -1.040966
v -0.157795 -0.541647 -1.027768
v -0.146722 -0.479360 -1.050864
v -0.136756 -0.414631 -1.069561
v -0.234201 -0.423180 -1.051964
v -0.223128 -0.358451 -1.070661
v -0.319465 -0.364558 -1.046465
v -0.309500 -0.301050 -1.061862
v -0.406945 -0.307157 -1.029968
v -0.506605 -0.308378 -0.988175
v -0.502175 -0.249756 -1.000273
v -0.597407 -0.244870 -0.951881
v -0.688208 -0.236321 -0.894692
v -0.402516 -0.246092 -1.042066
v -0.402516 -0.187470 -1.048665
v -0.501068 -0.189912 -1.006872
v -0.499961 -0.130068 -1.011271
v -0.496639 -0.072667 -1.011271
v -0.302856 -0.236321 -1.075060
v -0.207625 -0.224109 -1.098156
v -0.214269 -0.291280 -1.086058
v -0.121253 -0.281510 -1.100355
v -0.127897 -0.348681 -1.086058
v -0.030452 -0.337689 -1.093757
v -0.037095 -0.403640 -1.079459
v -0.044847 -0.467147 -1.061862
v 0.055920 -0.458598 -1.064062
v 0.047062 -0.522106 -1.044266
v 0.039311 -0.583170 -1.021170
v 0.136756 -0.579507 -1.017870
v 0.129004 -0.640571 -0.991475
v 0.120145 -0.701637 -0.962879
v 0.209840 -0.702858 -0.950782
v 0.198766 -0.763923 -0.918888
v 0.184371 -0.823767 -0.882594
v 0.262992 -0.828652 -0.863897
v 0.241953 -0.888495 -0.826504
v 0.217591 -0.945897 -0.784711
v 0.287353 -0.952003 -0.760516
v 0.258562 -1.008182 -0.718723
v 0.227557 -1.061920 -0.673631
v 0.286246 -1.068027 -0.645036
v 0.248596 -1.119321 -0.599944
v 0.208732 -1.164509 -0.551552
v 0.255240 -1.170616 -0.518559
v 0.208732 -1.203591 -0.467967
v 0.161117 -1.221910 -0.412977
v 0.198766 -1.225574 -0.382182
v 0.147829 -1.228017 -0.329392
v 0.102428 -1.210919 -0.277701
v 0.129004 -1.212140 -0.254605
v 0.086926 -1.169394 -0.215012
v -0.300641 -0.174035 -1.081659
v -0.302856 -0.114191 -1.084958
v -0.403623 -0.128847 -1.051964
v -0.403623 -0.071446 -1.051964
v -0.203196 -0.156937 -1.105854
v -0.112395 -0.141060 -1.119052
v -0.115717 -0.211896 -1.111354
v -0.024915 -0.199682 -1.116852
v -0.027130 -0.269296 -1.106954
v 0.066993 -0.258305 -1.106954
v 0.065886 -0.326698 -1.094856
v 0.062565 -0.392648 -1.080559
v 0.161117 -0.384099 -1.076160
v 0.155580 -0.450049 -1.059663
v 0.146722 -0.515999 -1.039866
v 0.243059 -0.511114 -1.026668
v 0.231986 -0.575843 -1.004672
v 0.220913 -0.639350 -0.979377
v 0.311714 -0.639350 -0.958481
v 0.297319 -0.704079 -0.930986
v 0.281816 -0.766366 -0.900191
v 0.360437 -0.771251 -0.871596
v 0.338290 -0.833537 -0.837502
v 0.313929 -0.893381 -0.800109
v 0.383691 -0.898266 -0.764915
v 0.353793 -0.956888 -0.727521
v 0.320573 -1.013068 -0.687928
v 0.378154 -1.020396 -0.648336
v 0.339398 -1.074133 -0.608743
v 0.298426 -1.125428 -0.564750
v 0.343827 -1.131534 -0.524057
v 0.298426 -1.174280 -0.480065
v 0.249704 -1.207254 -0.432773
v 0.287353 -1.212140 -0.394280
v 0.233094 -1.229238 -0.348089
v 0.179942 -1.230459 -0.300797
v 0.207625 -1.234123 -0.268902
v 0.152258 -1.214582 -0.228209
v 0.105750 -1.170616 -0.194116
v 0.121253 -1.174280 -0.171020
v 0.080282 -1.119321 -0.150123
v 0.053706 -1.068027 -0.112730
v 0.026022 -1.025281 -0.088534
v -0.204303 -0.092208 -1.109154
v -0.208732 -0.028701 -1.108054
v -0.305070 -0.055569 -1.083859
v -0.307285 0.001832 -1.079459
v -0.113501 -0.071446 -1.121252
v -0.028237 -0.053127 -1.125651
v -0.024915 -0.126405 -1.123452
v 0.062565 -0.114191 -1.123452
v 0.065886 -0.187470 -1.116852
v 0.157795 -0.177699 -1.111354
v 0.163332 -0.248534 -1.101455
v 0.164439 -0.316927 -1.090457
v 0.262992 -0.310821 -1.076160
v 0.260777 -0.379214 -1.061862
v 0.253026 -0.445163 -1.045365
v 0.349364 -0.442721 -1.021170
v 0.338290 -0.508671 -1.002472
v 0.325002 -0.574622 -0.981577
v 0.415804 -0.577064 -0.949682
v 0.399193 -0.643014 -0.926586
v 0.380369 -0.707743 -0.901291
v 0.460097 -0.712628 -0.859498
v 0.436843 -0.776136 -0.830903
v 0.411374 -0.838422 -0.800109
v 0.480029 -0.844529 -0.752817
v 0.447917 -0.905594 -0.720923
v 0.414696 -0.962995 -0.685729
v 0.471171 -0.972765 -0.637337
v 0.430199 -1.027723 -0.602143
v 0.388120 -1.081461 -0.564750
v 0.432414 -1.090010 -0.515259
v 0.387013 -1.137641 -0.477866
v 0.339398 -1.180386 -0.437173
v 0.377047 -1.185271 -0.389881
v 0.322787 -1.217025 -0.351388
v 0.265206 -1.234123 -0.310695
v 0.293997 -1.239008 -0.268902
v 0.231986 -1.239008 -0.233709
v 0.172190 -1.217025 -0.199615
v 0.187693 -1.220689 -0.166620
v 0.133434 -1.177943 -0.144625
v 0.089141 -1.122985 -0.129227
v 0.095784 -1.129091 -0.102832
v 0.061457 -1.075354 -0.085235
v -0.119038 -0.000611 -1.119052
v -0.127897 0.066561 -1.111354
v -0.215377 0.033586 -1.101455
v -0.224235 0.095872 -1.090457
v -0.239738 0.155716 -1.072860
v -0.034881 0.021372 -1.122352
v 0.048169 0.038471 -1.121252
v 0.055920 -0.038471 -1.125651
v 0.142292 -0.028701 -1.120152
v 0.151151 -0.104421 -1.117952
v 0.241953 -0.097093 -1.105854
v 0.253026 -0.170371 -1.098156
v 0.259670 -0.242428 -1.087158
v 0.357115 -0.235100 -1.065161
v 0.361544 -0.305935 -1.051964
v 0.358222 -0.374328 -1.037666
v 0.453453 -0.371886 -1.004672
v 0.444595 -0.441500 -0.988175
v 0.431306 -0.509893 -0.970578
v 0.517678 -0.513556 -0.927686
v 0.501068 -0.581949 -0.906790
v 0.481136 -0.647900 -0.883694
v 0.558650 -0.655227 -0.833103
v 0.535396 -0.719956 -0.808907
v 0.508820 -0.783464 -0.782511
v 0.575259 -0.793234 -0.726422
v 0.543147 -0.854299 -0.698927
v 0.507712 -0.914143 -0.669232
v 0.561972 -0.925134 -0.610942
v 0.521000 -0.983757 -0.581248
v 0.477814 -1.038715 -0.549353
v 0.521000 -1.049707 -0.492163
v 0.474492 -1.099780 -0.461368
v 0.426877 -1.144968 -0.427275
v 0.463419 -1.152296 -0.370084
v 0.411374 -1.191378 -0.338190
v 0.354900 -1.220689 -0.305196
v 0.381476 -1.225574 -0.253505
v 0.318359 -1.242672 -0.223811
v 0.251918 -1.242672 -0.194116
v 0.266313 -1.245115 -0.152323
v 0.199874 -1.223131 -0.130327
v 0.142292 -1.181607 -0.113830
v -0.045954 0.093429 -1.112453
v -0.061457 0.164264 -1.097056
v -0.141185 0.132511 -1.097056
v -0.161117 0.197240 -1.077259
v -0.186586 0.260748 -1.053063
v -0.259670 0.214338 -1.051964
v -0.288460 0.269296 -1.025568
v 0.035989 0.114191 -1.110254
v 0.117931 0.128847 -1.103655
v 0.131219 0.049463 -1.114653
v 0.216483 0.058011 -1.103655
v 0.228664 -0.021372 -1.106954
v 0.317251 -0.011603 -1.088258
v 0.332754 -0.088544 -1.083859
v 0.347149 -0.163043 -1.076160
v 0.439058 -0.153273 -1.044266
v 0.451238 -0.227772 -1.033267
v 0.455668 -0.301050 -1.018970
v 0.546469 -0.298608 -0.978277
v 0.543147 -0.371886 -0.962879
v 0.533181 -0.442721 -0.946383
v 0.616231 -0.446385 -0.893592
v 0.598513 -0.517220 -0.874895
v 0.579689 -0.586834 -0.855099
v 0.652773 -0.594162 -0.795709
v 0.630626 -0.662555 -0.774813
v 0.605157 -0.728505 -0.751717
v 0.668276 -0.739497 -0.686829
v 0.636163 -0.803005 -0.663733
v 0.599621 -0.865291 -0.637337
v 0.651665 -0.879946 -0.572449
v 0.610694 -0.938568 -0.547153
v 0.567508 -0.995970 -0.520758
v 0.608480 -1.008182 -0.454770
v 0.560864 -1.059477 -0.429474
v 0.512142 -1.108329 -0.400879
v 0.546469 -1.113214 -0.337091
v 0.495532 -1.155960 -0.309595
v 0.441272 -1.195042 -0.282100
v 0.466741 -1.196263 -0.223811
v 0.403623 -1.226796 -0.200714
v 0.336076 -1.246336 -0.175419
v 0.018271 0.188691 -1.093757
v -0.007198 0.260748 -1.070661
v -0.083604 0.232657 -1.075060
v -0.112395 0.299829 -1.049764
v -0.147829 0.362115 -1.018970
v -0.219805 0.318148 -1.023369
v -0.262992 0.369443 -0.989275
v 0.097999 0.205789 -1.084958
v 0.177727 0.218002 -1.071761
v 0.199874 0.137396 -1.091557
v 0.282924 0.145945 -1.072860
v 0.301748 0.066561 -1.084958
v 0.389228 0.073888 -1.054163
v 0.406945 -0.003053 -1.056363
v 0.423555 -0.078774 -1.051964
v 0.515464 -0.073888 -1.011271
v 0.529859 -0.149609 -1.002472
v 0.542040 -0.224109 -0.991475
v 0.631734 -0.226551 -0.937584
v 0.633948 -0.301050 -0.924386
v 0.628411 -0.374328 -0.910089
v 0.707032 -0.380435 -0.846300
v 0.692637 -0.452492 -0.832003
v 0.673813 -0.524548 -0.814406
v 0.743574 -0.534318 -0.747318
v 0.720320 -0.605154 -0.728621
v 0.695959 -0.672325 -0.708825
v 0.757969 -0.688202 -0.638437
v 0.725857 -0.754153 -0.617541
v 0.690422 -0.817660 -0.595545
v 0.738038 -0.833537 -0.522957
v 0.697066 -0.893381 -0.502061
v 0.653880 -0.952003 -0.478966
v 0.691530 -0.960552 -0.407478
v 0.645022 -1.015511 -0.385482
v 0.596299 -1.066805 -0.362386
v 0.628411 -1.069248 -0.291998
v 0.578581 -1.116878 -0.270002
v 0.524323 -1.159624 -0.246907
v 0.070316 0.282731 -1.061862
v 0.038203 0.357230 -1.033267
v -0.038203 0.331583 -1.043166
v -0.072530 0.398754 -1.011271
v -0.113501 0.457376 -0.973878
v -0.189907 0.415853 -0.983776
v -0.245274 0.461040 -0.944183
v 0.147829 0.296165 -1.047565
v 0.229772 0.303493 -1.029968
v 0.259670 0.225330 -1.053063
v 0.344935 0.227772 -1.026668
v 0.368189 0.150831 -1.043166
v 0.456775 0.150831 -1.001373
v 0.477814 0.075110 -1.010171
v 0.497747 0.000610 -1.013471
v 0.589655 -0.003053 -0.960680
v 0.608480 -0.077552 -0.957381
v 0.622875 -0.152052 -0.949682
v 0.710354 -0.155716 -0.884793
v 0.715891 -0.231436 -0.873795
v 0.714784 -0.305935 -0.860598
v 0.791190 -0.313263 -0.790210
v 0.781223 -0.388984 -0.777013
v 0.764614 -0.462262 -0.762715
v 0.831053 -0.476918 -0.689028
v 0.808907 -0.550195 -0.674731
v 0.784546 -0.619809 -0.657134
v 0.842127 -0.636908 -0.580147
v 0.812229 -0.705300 -0.562550
v 0.776794 -0.770030 -0.543854
v 0.821088 -0.783464 -0.463568
v 0.780116 -0.844529 -0.445971
v 0.736930 -0.904372 -0.427275
v 0.772365 -0.909257 -0.349188
v 0.725857 -0.965437 -0.331591
v 0.678241 -1.019174 -0.312895
v 0.115717 0.373107 -1.018970
v 0.082496 0.445163 -0.983776
v 0.003876 0.426844 -0.999173
v -0.034881 0.490352 -0.959580
v -0.085818 0.541646 -0.917788
v -0.166653 0.505007 -0.933185
v -0.233094 0.544089 -0.890293
v -0.303963 0.577064 -0.843001
v 0.198766 0.377992 -1.001373
v 0.286246 0.377992 -0.980477
v 0.317251 0.303493 -1.005772
v 0.405838 0.302271 -0.972778
v 0.433521 0.226551 -0.990375
v 0.521001 0.222887 -0.944183
v 0.545362 0.147166 -0.952981
v 0.568616 0.071446 -0.958481
v 0.656095 0.069003 -0.902391
v 0.678241 -0.005496 -0.901291
v 0.697066 -0.081217 -0.894692
v 0.777901 -0.082438 -0.824304
v 0.788975 -0.159379 -0.813306
v 0.793404 -0.237543 -0.802308
v 0.865381 -0.243649 -0.728621
v 0.860952 -0.323034 -0.716523
v 0.848771 -0.401197 -0.703326
v 0.907459 -0.413410 -0.626339
v 0.889742 -0.490352 -0.612042
v 0.867596 -0.564851 -0.596645
v 0.917426 -0.577064 -0.515259
v 0.889742 -0.649121 -0.498762
v 0.857629 -0.717514 -0.481165
v 0.897494 -0.724841 -0.397580
v 0.858737 -0.789570 -0.382182
v 0.816658 -0.850635 -0.365685
v 0.165547 0.451270 -0.967279
v 0.129004 0.519663 -0.926586
v 0.044847 0.511114 -0.943083
v -0.002768 0.564851 -0.901291
v -0.060350 0.612482 -0.856199
v -0.147829 0.583170 -0.874895
v -0.216483 0.619809 -0.828704
v 0.253026 0.451270 -0.947482
v 0.344935 0.445163 -0.921087
v 0.375940 0.375549 -0.949682
v 0.467849 0.369443 -0.911189
v 0.495532 0.298608 -0.930986
v 0.585226 0.291280 -0.878195
v 0.608480 0.219223 -0.890293
v 0.631734 0.144724 -0.897991
v 0.718106 0.141060 -0.835302
v 0.740252 0.067782 -0.837502
v 0.761292 -0.006717 -0.833103
v 0.842127 -0.010381 -0.758316
v 0.854307 -0.086102 -0.749518
v 0.863166 -0.164265 -0.739619
v 0.930713 -0.171593 -0.660433
v 0.929606 -0.252198 -0.651635
v 0.921855 -0.332804 -0.639537
v 0.976114 -0.346239 -0.559251
v 0.960611 -0.425623 -0.546054
v 0.940680 -0.502565 -0.531756
v 0.984973 -0.511114 -0.445971
v 0.959504 -0.584392 -0.429474
v 0.930713 -0.656448 -0.414077
v 0.217591 0.518442 -0.907889
v 0.176620 0.579507 -0.863897
v 0.083604 0.578285 -0.882594
v 0.031559 0.629580 -0.836402
v -0.027130 0.673546 -0.786911
v -0.124575 0.654006 -0.808907
v -0.193229 0.688202 -0.759416
v -0.287353 0.651563 -0.778112
v -0.262992 0.715071 -0.704425
v -0.356008 0.678432 -0.722022
v 0.311714 0.512335 -0.884793
v 0.409160 0.501343 -0.852899
v 0.439058 0.436615 -0.884793
v 0.535396 0.424401 -0.836402
v 0.561972 0.359673 -0.860598
v 0.654987 0.345017 -0.795709
v 0.676027 0.279067 -0.813306
v 0.697067 0.211895 -0.826504
v 0.786760 0.200904 -0.751717
v 0.806692 0.133732 -0.760516
v 0.825517 0.062897 -0.762715
v 0.906353 0.055569 -0.676930
v 0.918533 -0.016488 -0.675831
v 0.926284 -0.093429 -0.669232
v 0.991617 -0.103200 -0.584547
v 0.992724 -0.182584 -0.577948
v 0.987187 -0.264412 -0.570249
v 1.034803 -0.275403 -0.484464
v 1.021515 -0.356009 -0.473466
v 1.004905 -0.434172 -0.460268
v 0.274065 0.573400 -0.841901
v 0.231986 0.627137 -0.794609
v 0.130112 0.633244 -0.816606
v 0.076960 0.679653 -0.766015
v 0.018271 0.716292 -0.713224
v -0.091355 0.711407 -0.737420
v -0.161117 0.739497 -0.683529
v 0.374832 0.561187 -0.813306
v 0.473385 0.544089 -0.773713
v 0.506605 0.486688 -0.807807
v 0.601835 0.468368 -0.750618
v 0.630626 0.408524 -0.774813
v 0.719213 0.391426 -0.703326
v 0.744682 0.329140 -0.722022
v 0.766828 0.265632 -0.738520
v 0.852093 0.254641 -0.653834
v 0.873132 0.191133 -0.665932
v 0.891957 0.125183 -0.673631
v 0.966148 0.117856 -0.580147
v 0.978329 0.048242 -0.585646
v 0.987188 -0.026258 -0.587846
v 1.043662 -0.038471 -0.494363
v 1.045876 -0.115413 -0.494363
v 1.043662 -0.194797 -0.491063
v 0.336076 0.614924 -0.768214
v 0.293997 0.662555 -0.719823
v 0.185478 0.674768 -0.744018
v 0.134541 0.710185 -0.690128
v 0.079174 0.737054 -0.631838
v -0.045954 0.746824 -0.658234
v 0.018271 0.760259 -0.557052
v -0.119038 0.773693 -0.598844
v 0.062565 0.748046 -0.482265
v 0.091355 0.728505 -0.419576
v 0.110180 0.702858 -0.361286
v 0.176620 0.686981 -0.357986
v 0.120146 0.668661 -0.300797
v 0.174405 0.654006 -0.299697
v 0.168868 0.612482 -0.245807
v 0.210947 0.600268 -0.234809
v 0.158902 0.572179 -0.196316
v 0.193229 0.563630 -0.183118
v 0.173298 0.531876 -0.142425
v 0.222020 0.555081 -0.167720
v 0.196552 0.525769 -0.130327
v 0.244167 0.548974 -0.151223
v 0.213162 0.519663 -0.117129
v 0.224235 0.517220 -0.107231
v 0.185478 0.497679 -0.095133
v 0.193229 0.495237 -0.087434
v 0.163332 0.479360 -0.080836
v 0.167761 0.475696 -0.075336
v 0.151151 0.467147 -0.059939
v 0.173298 0.474475 -0.068738
v 0.157795 0.465926 -0.054441
v 0.179942 0.476917 -0.061039
v 0.165547 0.468368 -0.047841
v 0.171083 0.728505 -0.482265
v 0.175512 0.712628 -0.417376
v 0.239738 0.671104 -0.345889
v 0.226450 0.638129 -0.289799
v 0.246382 0.589277 -0.216112
v 0.254133 0.696751 -0.404179
v 0.268529 0.713850 -0.464668
v 0.174405 0.732169 -0.547153
v 0.205410 0.722399 -0.608743
v 0.249704 0.699194 -0.665932
v 0.320573 0.679653 -0.381083
v 0.295105 0.655227 -0.326093
v 0.270743 0.623473 -0.271102
v 0.306178 0.613703 -0.246907
v 0.275172 0.580728 -0.196316
v 0.334968 0.607596 -0.222711
v 0.297319 0.577064 -0.177618
v 0.312822 0.577064 -0.157822
v 0.259670 0.546531 -0.136926
v 0.270743 0.547753 -0.122628
v 0.233094 0.515999 -0.096233
v 0.198766 0.492794 -0.079736
v 0.238631 0.518442 -0.084135
v 0.205410 0.492794 -0.070938
v 0.357115 0.607596 -0.195216
v 0.403623 0.634465 -0.233709
v 0.374832 0.635686 -0.267802
v 0.452346 0.652784 -0.274402
v 0.416911 0.656448 -0.313995
v 0.461204 0.666219 -0.361286
v 0.373725 0.664998 -0.350288
v 0.410267 0.678432 -0.401979
v 0.346041 0.695530 -0.437173
v 0.377047 0.697973 -0.494363
v 0.288461 0.716292 -0.526257
v 0.411374 0.685760 -0.548253
v 0.318359 0.705300 -0.582347
v 0.356008 0.680875 -0.636238
v 0.503283 0.661334 -0.316194
v 0.554220 0.662555 -0.357986
v 0.506605 0.666219 -0.408578
v 0.607372 0.650342 -0.397580
v 0.553113 0.654006 -0.453670
v 0.600729 0.629580 -0.494363
v 0.487780 0.666219 -0.505361
v 0.532074 0.643014 -0.551552
v 0.451238 0.660112 -0.598844
v 0.492210 0.623473 -0.645036
v 0.396979 0.643014 -0.686829
v 0.532074 0.578285 -0.686829
v 0.436843 0.596605 -0.733020
v 0.568616 0.525769 -0.720923
v 0.654987 0.509893 -0.657134
v 0.689315 0.452492 -0.681329
v 0.766828 0.439057 -0.605443
v 0.800049 0.379214 -0.624140
v 0.827731 0.318148 -0.640636
v 0.903031 0.313263 -0.550452
v 0.928499 0.249755 -0.561451
v 0.949538 0.185027 -0.571349
v 1.013764 0.176478 -0.473466
v 1.028159 0.108085 -0.482265
v 1.038125 0.036028 -0.489963
v 0.125682 0.558745 -0.079736
v -0.096892 -1.025281 -0.013748
v -0.081389 -1.019174 -0.025845
v -0.110180 -1.025281 -0.022546
v -0.094677 -1.016732 -0.034644
v -0.106858 -1.013068 -0.043443
v -0.085819 -0.994748 -0.052241
v -0.125682 -1.006961 -0.047841
v -0.101321 -0.991084 -0.057740
v -0.115717 -0.984978 -0.059939
v -0.081389 -0.975207 -0.067638
v -0.094677 -0.973986 -0.073137
v -0.081389 -0.962995 -0.084135
v -0.094677 -0.960552 -0.089634
v -0.072530 -0.959331 -0.096233
v -0.086926 -0.958109 -0.101732
v -0.076960 -0.965437 -0.116030
v -0.099106 -0.954445 -0.105032
v -0.090247 -0.960552 -0.121529
v -0.066994 -0.964216 -0.078636
v -0.057028 -0.961774 -0.090734
v -0.063671 -0.967880 -0.109431
v -0.066994 -0.987421 -0.132527
v -0.081389 -0.982536 -0.140225
v -0.007198 -0.988642 -0.011548
v -0.016056 -0.981314 -0.035743
v -0.231986 0.765144 -0.625239
v 0.279602 0.552638 -0.105032
v 0.325002 0.585613 -0.133627
v 0.373725 0.616146 -0.165520
v 0.423555 0.641793 -0.196316
v 0.477814 0.658891 -0.230409
v 0.534288 0.667440 -0.265603
v 0.591870 0.666219 -0.301897
v 0.650559 0.655227 -0.335991
v 0.708140 0.629580 -0.365685
v 0.659417 0.624695 -0.431674
v 0.762399 0.590498 -0.390981
v 0.709247 0.588055 -0.461368
v 0.812229 0.544089 -0.411877
v 0.755755 0.541646 -0.487764
v 0.798941 0.490352 -0.508660
v 0.690422 0.548974 -0.559251
v 0.731393 0.496458 -0.584547
v 0.617338 0.562408 -0.628539
v 0.647237 0.592941 -0.529557
v 0.575259 0.606375 -0.592245
v 0.129004 1.072911 -0.165520
v 0.133434 1.137641 -0.163321
v 0.141185 1.076575 -0.153423
v 0.143400 1.010625 -0.138025
v 0.144507 0.944675 -0.125928
v -0.137863 -0.965437 -0.149024
v -0.144507 -0.964216 -0.138025
v -0.147829 -0.991084 -0.172120
v -0.156688 -0.993527 -0.165520
v -0.164439 -1.024059 -0.208413
v -0.167761 -0.998412 -0.156723
v -0.177727 -1.028945 -0.199615
v -0.194337 -1.035051 -0.186417
v -0.212055 -1.071690 -0.230409
v -0.213162 -1.042379 -0.166620
v -0.231986 -1.077797 -0.210613
v -0.253026 -1.085125 -0.186417
v -0.279602 -1.122985 -0.227110
v -0.302856 -1.129091 -0.197415
v -0.315037 -1.155960 -0.270002
v -0.339398 -1.160845 -0.237008
v -0.384798 -1.180386 -0.281000
v -0.409160 -1.186492 -0.243607
v -0.432414 -1.184050 -0.327192
v -0.461204 -1.190156 -0.285400
v -0.512142 -1.174280 -0.326093
v -0.486673 -1.193821 -0.241407
v -0.540932 -1.179164 -0.276601
v -0.509927 -1.191378 -0.196316
v -0.566401 -1.177943 -0.226010
v -0.586333 -1.174280 -0.174319
v -0.618446 -1.147411 -0.251306
v -0.641700 -1.143747 -0.195216
v -0.692637 -1.103444 -0.211713
v -0.712569 -1.099780 -0.150123
v -0.741360 -1.055814 -0.226010
v -0.762399 -1.052150 -0.158922
v -0.806692 -0.998412 -0.168820
v -0.823302 -0.991084 -0.096233
v -0.847664 -0.939790 -0.182018
v -0.864274 -0.930020 -0.108331
v -0.883099 -0.878725 -0.200714
v -0.900816 -0.866512 -0.123728
v -0.935143 -0.801783 -0.139125
v -0.912996 -0.854299 -0.045642
v -0.946216 -0.788349 -0.056640
v -0.948431 -0.777357 0.029145
v -0.976114 -0.722399 -0.065439
v -0.977222 -0.711407 0.024745
v -1.003798 -0.644236 0.022546
v -0.994939 -0.638129 0.118229
v -1.027052 -0.575843 0.022546
v -1.018193 -0.570957 0.119329
v -1.027052 -0.585613 -0.074237
v -1.002690 -0.655227 -0.072037
v -0.965041 -0.735833 -0.152323
v -0.947324 -0.749267 -0.237008
v -0.916318 -0.813996 -0.220511
v -0.894172 -0.824988 -0.298598
v -0.862059 -0.887274 -0.276601
v -0.826625 -0.947118 -0.255705
v -0.800049 -0.953224 -0.328292
v -0.785653 -1.003298 -0.239208
v -0.760184 -1.008182 -0.308495
v -0.715891 -1.059477 -0.290899
v -0.685993 -1.060698 -0.354687
v -0.668276 -1.105887 -0.273302
v -0.639485 -1.107108 -0.332691
v -0.591870 -1.147411 -0.307395
v -0.606265 -1.105887 -0.390981
v -0.559757 -1.144968 -0.361286
v -0.523215 -1.137641 -0.410777
v -0.478922 -1.168172 -0.371184
v -0.400301 -1.179164 -0.365685
v -0.356008 -1.176722 -0.316194
v -0.289568 -1.151074 -0.297498
v -0.257455 -1.116878 -0.253505
v -0.999368 -0.569736 0.218311
v -0.975007 -0.636908 0.215012
v -0.968363 -0.705300 0.117129
v -0.949538 -0.702858 0.211713
v -0.921855 -0.768808 0.206214
v -0.940680 -0.771251 0.118229
v -0.908567 -0.837201 0.118229
v -0.915211 -0.843308 0.035743
v -0.878669 -0.909257 0.042343
v -0.875347 -0.919028 -0.033544
v -0.834376 -0.982536 -0.024745
v -0.777901 -1.047264 -0.090734
v -0.729179 -1.096116 -0.085235
v -0.660524 -1.140083 -0.138025
v -0.604050 -1.169394 -0.122628
v -0.528752 -1.188935 -0.150123
v -0.470063 -1.187714 -0.124828
v -0.453453 -1.190156 -0.164421
v -0.416911 -1.164509 -0.097333
v -0.401408 -1.169394 -0.131427
v -0.359330 -1.130313 -0.101732
v -0.382584 -1.170616 -0.166620
v -0.342720 -1.133976 -0.133627
v -0.361544 -1.166951 -0.202914
v -0.323895 -1.133976 -0.165520
v -0.837698 -0.973986 0.046742
v -0.788975 -1.041158 -0.021446
v -0.739145 -1.092452 -0.020346
v -0.674919 -1.136419 -0.078636
v -0.616231 -1.166951 -0.069838
v -0.543147 -1.185271 -0.105032
v -0.483351 -1.184050 -0.085235
v -0.427984 -1.159624 -0.066539
v -0.491102 -1.181607 -0.047841
v -0.554220 -1.181607 -0.058840
v -0.622875 -1.164509 -0.017047
v -0.683778 -1.133976 -0.019247
v -0.741360 -1.090010 0.044542
v -0.792297 -1.035051 0.047841
v -0.832161 -0.969101 0.118229
v -0.873132 -0.903151 0.118229
v -0.855415 -0.901930 0.195216
v -0.890850 -0.834758 0.200714
v -0.815551 -0.967880 0.188616
v -0.785653 -1.031387 0.114930
v -0.733608 -1.086346 0.108331
v -0.684886 -1.132755 0.040143
v -0.622875 -1.163288 0.035743
v -0.558650 -1.179164 -0.014848
v -0.494425 -1.179164 -0.012648
v -0.433521 -1.157181 -0.036843
v -0.381476 -1.116878 -0.025845
v -0.378154 -1.120542 -0.047841
v -0.333861 -1.075354 -0.036843
v -0.370403 -1.125428 -0.073137
v -0.329432 -1.080239 -0.056640
v -0.321680 -1.088789 -0.081936
v -0.310607 -1.096116 -0.107231
v -0.284031 -1.055814 -0.072037
v -0.280709 -1.065584 -0.092934
v -0.248596 -1.028945 -0.072037
v -0.251918 -1.044822 -0.095133
v -0.223128 -1.028945 -0.107231
v -0.258562 -1.065584 -0.124828
v -0.234201 -1.052150 -0.144625
v -0.216483 -1.013068 -0.081936
v -0.213162 -1.003298 -0.067638
v -0.247489 -1.019174 -0.056640
v -0.209840 -0.995970 -0.057740
v -0.247489 -1.009404 -0.045642
v -0.246382 -1.002076 -0.034644
v -0.288461 -1.039937 -0.036843
v -0.288461 -1.035051 -0.025845
v -0.333861 -1.074133 -0.022546
v -0.381476 -1.115657 -0.008248
v -0.433521 -1.155960 -0.010448
v -0.492210 -1.179164 0.022546
v -0.558650 -1.177943 0.030245
v -0.615124 -1.163288 0.087434
v -0.677135 -1.131534 0.098432
v -0.716998 -1.085125 0.168820
v -0.769043 -1.028945 0.180918
v -0.287353 -1.033830 -0.014848
v -0.332754 -1.072912 -0.009348
v -0.379262 -1.116878 0.008248
v -0.431306 -1.157181 0.014848
v -0.485566 -1.180386 0.056640
v -0.550898 -1.180386 0.074237
v -0.600729 -1.165730 0.138025
v -0.661632 -1.131534 0.154523
v -0.246382 -0.997191 -0.024745
v -0.244167 -0.992306 -0.013748
v -0.203196 -0.983757 -0.041243
v -0.198766 -0.981314 -0.032444
v -0.169976 -0.977650 -0.055540
v -0.206518 -0.989863 -0.048941
v -0.175512 -0.980093 -0.063239
v -0.179942 -0.984978 -0.070938
v -0.155580 -0.973986 -0.084135
v -0.184371 -0.991084 -0.080836
v -0.162225 -0.978872 -0.094034
v -0.169976 -0.987421 -0.111630
v -0.147829 -0.967880 -0.105032
v -0.158902 -0.976429 -0.122628
v -0.141185 -0.960552 -0.112730
v -0.151151 -0.967880 -0.130327
v -0.181049 -1.005740 -0.143525
v -0.198766 -1.015511 -0.125928
v -0.189907 -0.999634 -0.097333
v -0.296211 -1.098559 -0.133627
v -0.277387 -1.075354 -0.113830
v -0.275172 -1.093673 -0.160022
v -0.151151 -1.022838 -0.215012
v -0.174405 -1.063141 -0.255705
v -0.193229 -1.065584 -0.245807
v -0.212055 -1.107108 -0.290899
v -0.234201 -1.111993 -0.274402
v -0.262992 -1.146189 -0.321693
v -0.296212 -1.166951 -0.374484
v -0.327217 -1.171837 -0.346989
v -0.365974 -1.174280 -0.400879
v -0.402516 -1.154739 -0.452570
v -0.442380 -1.160845 -0.412977
v -0.482244 -1.131534 -0.456969
v -0.521001 -1.094895 -0.495462
v -0.566401 -1.101001 -0.445971
v -0.607372 -1.058256 -0.474566
v -0.650559 -1.060698 -0.416277
v -0.643914 -1.009404 -0.500961
v -0.690422 -1.010625 -0.440472
v -0.724750 -0.956888 -0.464668
v -0.728071 -1.010625 -0.375584
v -0.765721 -0.956888 -0.397580
v 0.059243 0.552638 -0.026945
v 0.075852 0.584392 -0.026945
v 0.053706 0.548974 -0.035743
v 0.064779 0.585613 -0.037943
v 0.079174 0.627137 -0.042343
v 0.088033 0.627137 -0.030245
v 0.097999 0.685760 -0.042343
v 0.111287 0.684538 -0.039043
v 0.100214 0.750489 -0.053341
v 0.112395 0.750489 -0.051141
v 0.114609 0.816438 -0.067638
v 0.124575 0.815217 -0.069838
v 0.117931 0.882389 -0.078636
v 0.127897 0.882389 -0.079736
v 0.129004 0.949560 -0.085235
v 0.140077 0.948339 -0.091834
v 0.127897 1.016732 -0.089634
v 0.141185 1.016732 -0.096233
v 0.136756 1.083903 -0.101732
v 0.144507 1.082682 -0.117129
v 0.134541 1.147410 -0.099532
v 0.143400 1.146189 -0.119329
v 0.138971 1.196263 -0.127027
v 0.136756 1.190156 -0.150123
v 0.123468 1.228017 -0.140225
v 0.132326 1.224353 -0.162221
v 0.112395 1.242672 -0.169920
v 0.117931 1.239008 -0.186417
v 0.085819 1.250000 -0.179818
v 0.092462 1.241451 -0.199615
v 0.057028 1.236565 -0.205114
v 0.057028 1.248779 -0.183118
v 0.059243 1.245115 -0.166620
v 0.076960 1.243894 -0.160022
v 0.065886 1.232902 -0.141325
v 0.100214 1.242672 -0.151223
v 0.088033 1.236565 -0.130327
v 0.111287 1.224353 -0.119329
v 0.126790 1.195042 -0.106132
v 0.116823 1.147410 -0.087434
v 0.123468 1.082682 -0.090734
v 0.113501 1.015511 -0.088534
v 0.117931 0.948339 -0.083035
v 0.107965 0.881167 -0.080836
v 0.104643 0.816438 -0.068738
v 0.091355 0.749267 -0.062139
v 0.089141 0.684538 -0.052241
v 0.078067 0.624695 -0.055540
v 0.063671 0.581949 -0.052241
v 0.084711 0.621030 -0.068738
v 0.070316 0.577064 -0.064339
v 0.086926 0.682096 -0.064339
v 0.089141 0.746824 -0.074237
v 0.097999 0.815217 -0.075336
v 0.101321 0.881167 -0.086335
v 0.105750 0.948339 -0.085235
v 0.099106 1.013068 -0.089634
v 0.106858 1.081460 -0.088534
v 0.095784 1.144968 -0.083035
v 0.109073 1.193820 -0.092934
v 0.101321 1.219467 -0.102832
v 0.081389 1.225574 -0.107231
v 0.058135 1.226796 -0.113830
v 0.083604 1.195042 -0.090734
v 0.061457 1.190156 -0.095133
v 0.073638 1.138862 -0.087434
v 0.090247 1.077796 -0.091834
v 0.086926 1.011847 -0.095133
v 0.095784 0.947118 -0.091834
v 0.096892 0.879946 -0.095133
v 0.095784 0.812774 -0.085235
v 0.094677 0.745603 -0.085235
v 0.092462 0.679653 -0.076436
v 0.038203 1.186492 -0.105032
v 0.055920 1.132755 -0.098433
v 0.074745 1.074133 -0.098433
v 0.083604 1.009404 -0.107231
v 0.092462 0.944675 -0.101732
v 0.099106 0.878725 -0.105032
v 0.097999 0.811553 -0.095133
v 0.049276 1.129091 -0.117129
v 0.066994 1.071690 -0.112730
v 0.086926 1.008182 -0.120429
v 0.096892 0.943454 -0.112730
v 0.026022 1.179164 -0.125928
v 0.051491 1.126649 -0.134726
v 0.030452 1.171837 -0.144625
v 0.071423 1.070469 -0.128127
v -0.223128 -0.999634 0.009348
v -0.173298 -0.995970 -0.019247
v -0.205410 -1.002076 0.017047
v -0.168868 -0.995970 -0.003850
v -0.158902 -0.998412 0.004949
v -0.182156 -1.000855 0.022546
v -0.146722 -0.999634 0.017047
v -0.161117 -0.998412 0.031344
v -0.144507 -0.997191 0.044542
v -0.175512 -1.014289 0.046742
v -0.156688 -1.005740 0.061039
v -0.168868 -1.027723 0.084135
v -0.146722 -0.998412 0.070937
v -0.157795 -1.020396 0.095133
v -0.137863 -0.992306 0.078636
v -0.150044 -1.011847 0.102832
v -0.131219 -0.987421 0.086334
v -0.142292 -1.005740 0.109431
v -0.134541 -1.006961 0.119329
v -0.141185 -1.039937 0.155623
v -0.126790 -1.010625 0.127027
v -0.130112 -1.041158 0.160022
v -0.119038 -1.017953 0.134726
v -0.117931 -1.042379 0.161121
v -0.099106 -1.047264 0.162221
v -0.089141 -1.091231 0.207314
v -0.074745 -1.054592 0.158922
v -0.058135 -1.101001 0.201814
v -0.024915 -1.107108 0.194116
v -0.000554 -1.151074 0.242507
v 0.007198 -1.105887 0.187517
v 0.034881 -1.149853 0.232609
v 0.032666 -1.102223 0.178718
v 0.063671 -1.147411 0.221611
v 0.085818 -1.147411 0.208413
v 0.097999 -1.184050 0.271102
v 0.127897 -1.186492 0.252405
v 0.137863 -1.201148 0.326092
v 0.175512 -1.207254 0.301897
v 0.227557 -1.206033 0.349188
v 0.207625 -1.213361 0.273302
v 0.267421 -1.215804 0.313994
v 0.301748 -1.223131 0.272202
v 0.327217 -1.197484 0.350288
v 0.365974 -1.204812 0.300797
v 0.426877 -1.173058 0.323893
v 0.460097 -1.179164 0.264503
v 0.483351 -1.133976 0.343689
v 0.519893 -1.137641 0.279900
v 0.537610 -1.087567 0.362386
v 0.576367 -1.091231 0.293098
v 0.630626 -1.039937 0.306295
v 0.661632 -1.041158 0.232609
v 0.714784 -0.986199 0.240307
v 0.684886 -1.042379 0.157822
v 0.736930 -0.987421 0.160022
v 0.748004 -0.991084 0.080836
v 0.797834 -0.934905 0.077536
v 0.750218 -0.998412 0.000550
v 0.800048 -0.943454 -0.006049
v 0.794512 -0.953224 -0.089634
v 0.842127 -0.897045 -0.099532
v 0.779009 -0.961774 -0.172120
v 0.826624 -0.905594 -0.185317
v 0.803371 -0.910479 -0.268902
v 0.848771 -0.851856 -0.283200
v 0.772365 -0.909257 -0.349188
v 0.816658 -0.850635 -0.365685
v -0.151151 -1.041158 0.147924
v -0.158902 -1.085125 0.194116
v -0.144507 -1.082682 0.200714
v -0.151151 -1.130313 0.253505
v -0.130112 -1.082682 0.206214
v -0.129004 -1.131534 0.259004
v -0.113501 -1.085125 0.208413
v -0.103536 -1.132755 0.261204
v -0.073638 -1.138862 0.259004
v -0.038203 -1.146189 0.251305
v -0.017164 -1.180386 0.309595
v 0.023808 -1.182829 0.298597
v 0.062565 -1.184050 0.286499
v 0.096892 -1.198705 0.345889
v 0.134541 -1.196263 0.405278
v 0.183264 -1.199927 0.379983
v 0.229772 -1.180386 0.429474
v 0.281816 -1.188935 0.393180
v 0.384798 -1.166951 0.379983
v 0.439058 -1.126649 0.405278
v 0.052598 0.547753 -0.055540
v 0.049276 0.547753 -0.045642
v -0.107965 -0.958109 -0.094034
v -0.105750 -0.969101 -0.078636
v -0.143400 -0.994748 -0.044542
v -0.145614 -1.017953 -0.032444
v 0.086926 1.008182 -0.120429
v 0.155580 0.472032 -0.031345
v 0.147829 0.467147 -0.036843
v 0.140077 0.467147 -0.041243
v 0.135649 0.472032 -0.046742
v 0.146722 0.470811 -0.065439
v 0.142292 0.478139 -0.070938
v 0.155580 0.484245 -0.088534
v 0.144507 0.490352 -0.095133
v 0.173298 0.501343 -0.103932
v 0.156688 0.507450 -0.113830
v 0.135649 0.512335 -0.121529
v 0.146722 0.537982 -0.153423
v 0.110180 0.515999 -0.127027
v 0.116823 0.544089 -0.160022
v 0.083604 0.519663 -0.128127
v 0.086926 0.552638 -0.160022
v 0.057028 0.528212 -0.127027
v 0.059243 0.562408 -0.153423
v 0.037095 0.573400 -0.141325
v 0.122360 0.583170 -0.201814
v 0.086926 0.595384 -0.198515
v 0.054813 0.606375 -0.189716
v 0.124575 0.628359 -0.246907
v 0.081389 0.641793 -0.242507
v 0.040417 0.652784 -0.230409
v 0.066994 0.683317 -0.294198
v 0.043740 0.718735 -0.351388
v 0.124575 1.218246 -0.184218
v 0.129004 1.185271 -0.174319
v 0.141185 1.142526 -0.141325
v 0.133434 1.137641 -0.163321
v 0.144507 1.080239 -0.134726
v 0.141185 1.076575 -0.153423
v 0.143400 1.010625 -0.138025
v 0.147829 1.015511 -0.109431
v 0.146722 0.947118 -0.101732
v 0.137863 0.881167 -0.084135
v 0.133434 0.813996 -0.074237
v 0.124575 0.749267 -0.054441
v 0.124575 0.684538 -0.041243
v 0.103536 0.624695 -0.025845
v 0.091355 0.580728 -0.021446
v 0.119038 0.622252 -0.029145
v 0.109072 0.575843 -0.021446
v 0.096892 0.550195 -0.012648
v 0.115717 0.539204 -0.019247
v 0.083604 0.531876 -0.007149
v 0.109072 0.520884 -0.011548
v 0.082496 0.519663 0.003849
v 0.106858 0.507450 -0.003850
v 0.105750 0.498901 0.002750
v 0.121253 0.500122 -0.014848
v 0.120146 0.490352 -0.009348
v 0.124575 0.484245 -0.029145
v 0.119038 0.483024 -0.004949
v 0.125682 0.475696 -0.024745
v 0.131219 0.470811 -0.020346
v 0.140077 0.467147 -0.041243
v 0.138971 0.470811 -0.015948
v 0.147829 0.467147 -0.036843
v 0.155580 0.472032 -0.031345
v 0.133434 0.619809 -0.035743
v 0.137863 0.683317 -0.046742
v 0.134541 0.749267 -0.059939
v 0.142292 0.748046 -0.067638
v 0.138971 0.812774 -0.081936
v 0.143400 0.879946 -0.092934
v 0.144507 0.878725 -0.102832
v 0.147829 0.945897 -0.113830
v 0.146722 1.014289 -0.124828
v 0.145614 0.617367 -0.045642
v 0.150044 0.680875 -0.054441
v 0.145614 0.745603 -0.078636
v 0.142292 0.811553 -0.090734
v 0.141185 0.877504 -0.112730
v 0.144507 0.944675 -0.125928
v 0.124575 0.570957 -0.026945
v 0.140077 0.564851 -0.034644
v 0.129004 0.533097 -0.029145
v 0.147829 0.559966 -0.050041
v 0.136756 0.526991 -0.044542
v 0.135649 0.524548 -0.065439
v 0.130112 0.507450 -0.039043
v 0.134541 0.505007 -0.061039
v 0.125682 0.494015 -0.033544
v 0.134541 0.491573 -0.058840
v 0.133434 0.480581 -0.051141
v 0.135649 0.472032 -0.046742
v 0.123468 0.512335 -0.021446
v 0.072530 0.555081 -0.018147
v 0.040417 0.548974 -0.003850
v 0.027130 0.553859 -0.013748
v 0.020486 0.551416 -0.029145
v 0.016056 0.548974 -0.045642
v 0.016056 0.540425 -0.063239
v 0.154473 0.678432 -0.067638
v 0.152258 0.614924 -0.058840
v 0.147829 0.612482 -0.073137
v 0.138971 0.559966 -0.066539
v -0.042632 -0.984978 0.002750
v -0.022700 -0.981314 -0.002750
v 0.140077 0.810332 -0.100632
v 0.142292 0.744382 -0.089634
v 0.147829 0.677210 -0.079736
v 0.858737 -0.789570 -0.382182
v 0.891957 -0.789570 -0.297498
v 0.916318 -0.784685 -0.209513
v 0.930713 -0.724841 -0.311795
v 0.955075 -0.719956 -0.222711
v 0.963933 -0.656448 -0.326093
v 0.989402 -0.651563 -0.234809
v 1.019300 -0.580728 -0.248006
v 1.003798 -0.643014 -0.141325
v 1.033695 -0.572179 -0.152323
v 1.008227 -0.633244 -0.046742
v 1.038125 -0.562409 -0.055540
v 1.037017 -0.555081 0.040143
v 1.063593 -0.491573 -0.064339
v 1.063593 -0.484245 0.033544
v 1.084633 -0.419517 -0.072037
v 1.083526 -0.413410 0.028045
v 1.100136 -0.341353 0.023646
v 1.074667 -0.410967 0.129227
v 1.090169 -0.341353 0.125927
v 1.056949 -0.418295 0.231509
v 1.073560 -0.349903 0.229309
v 1.046984 -0.365779 0.334891
v 1.086847 -0.280288 0.228209
v 1.061379 -0.296165 0.330491
v 1.096814 -0.208232 0.227110
v 1.072452 -0.224109 0.327192
v 1.081311 -0.150831 0.324993
v 1.041447 -0.241207 0.423975
v 1.054735 -0.167929 0.418476
v 1.000476 -0.253420 0.513059
v 1.017086 -0.182584 0.505361
v 0.970578 -0.189912 0.586746
v 1.030374 -0.108085 0.497662
v 0.986080 -0.119077 0.576848
v 1.038125 -0.031143 0.491063
v 0.997154 -0.044577 0.566950
v 1.001583 0.032364 0.558151
v 0.949538 -0.053127 0.639537
v 0.957289 0.020151 0.628538
v 0.895279 -0.058012 0.708825
v 0.907459 0.009160 0.694527
v 0.849878 0.004274 0.755016
v 0.911889 0.077552 0.682429
v 0.859844 0.067782 0.740719
v 0.907459 0.147166 0.672531
v 0.862059 0.128847 0.728621
v 0.855415 0.188691 0.719823
v 0.811122 0.123962 0.778112
v 0.814444 0.175256 0.763815
v 0.754647 0.136175 0.823204
v 0.766828 0.188691 0.802308
v 0.711462 0.218002 0.837502
v 0.729179 0.275403 0.806707
v 0.648344 0.250977 0.875995
v 0.667168 0.308378 0.844100
v 0.596299 0.340132 0.882594
v 0.615124 0.397533 0.841901
v 0.519893 0.371885 0.919987
v 0.539825 0.429287 0.879295
v 0.460097 0.462261 0.911189
v 0.478922 0.517220 0.864997
v 0.373725 0.495237 0.936484
v 0.393657 0.550195 0.891392
v 0.303963 0.580728 0.910089
v 0.325002 0.632022 0.859498
v 0.209840 0.607596 0.922187
v 0.231986 0.660112 0.873795
v 0.133434 0.682096 0.883693
v 0.154473 0.729726 0.830903
v 0.030452 0.696751 0.888093
v 0.051491 0.745603 0.835302
v -0.052598 0.755374 0.832003
v -0.030452 0.801783 0.777013
v -0.153366 0.760259 0.817705
v -0.130112 0.807890 0.761615
v -0.224235 0.810332 0.736320
v -0.194337 0.849413 0.676930
v -0.313929 0.812774 0.698926
v -0.280709 0.851856 0.640636
v -0.360437 0.855520 0.596644
v -0.316144 0.886052 0.537255
v -0.433521 0.855520 0.541654
v -0.383691 0.886052 0.485564
v -0.497747 0.853078 0.477866
v -0.442380 0.884831 0.426175
v -0.496639 0.886052 0.361286
v -0.383691 0.908036 0.373384
v -0.432414 0.908036 0.311795
v -0.322787 0.921470 0.320593
v -0.367081 0.920249 0.263403
v -0.299533 0.921470 0.216111
v -0.402516 0.919027 0.200714
v -0.330539 0.917806 0.158922
v -0.430199 0.916585 0.134726
v -0.354900 0.915364 0.097333
v -0.370403 0.910479 0.033544
v -0.280709 0.899487 0.066538
v -0.292889 0.893381 0.008248
v -0.209840 0.871397 0.041243
v -0.220913 0.865290 -0.010448
v -0.158902 0.823766 -0.023646
v -0.225342 0.857963 -0.064339
v -0.162224 0.816438 -0.069838
v -0.160010 0.809111 -0.117129
v -0.109072 0.756595 -0.108331
v -0.478921 0.815217 0.594445
v -0.400301 0.815217 0.651635
v -0.344935 0.766365 0.752817
v -0.250811 0.763923 0.791310
v -0.175512 0.706521 0.868296
v -0.073638 0.702858 0.883693
v 0.011627 0.639350 0.936484
v 0.112395 0.627137 0.930985
v 0.187693 0.550195 0.967279
v 0.281816 0.525769 0.954081
v 0.349364 0.439057 0.976077
v 0.436843 0.404861 0.951881
v 0.497747 0.315706 0.956281
v 0.577474 0.282731 0.916688
v 0.630626 0.194797 0.903490
v 0.694852 0.163043 0.862797
v 0.677135 0.108085 0.884793
v 0.740252 0.082438 0.841901
v 0.658310 0.051905 0.903490
v 0.722535 0.026258 0.858398
v 0.702603 -0.031143 0.874895
v 0.786760 0.009160 0.810007
v 0.767936 -0.049463 0.826504
v 0.833268 -0.058012 0.770414
v 0.812229 -0.121520 0.785811
v 0.876454 -0.125183 0.722022
v 0.787868 -0.183806 0.800109
v 0.854307 -0.189912 0.735220
v 0.831053 -0.253420 0.748418
v 0.916318 -0.192355 0.662633
v 0.895279 -0.258305 0.674731
v 0.952860 -0.258305 0.596644
v 0.932929 -0.326698 0.605443
v 0.982759 -0.324255 0.520758
v 0.909674 -0.392648 0.613141
v 0.962826 -0.392648 0.527357
v 0.937358 -0.458598 0.531756
v 1.008227 -0.382878 0.434973
v 0.987187 -0.451270 0.437173
v 1.028159 -0.434172 0.335991
v 1.004905 -0.502565 0.335991
v 1.035910 -0.486688 0.233709
v 0.977222 -0.568515 0.334891
v 1.010441 -0.555081 0.234809
v 0.979436 -0.622252 0.234809
v 1.028159 -0.550195 0.136926
v 0.999368 -0.618588 0.140225
v 1.007119 -0.624695 0.046742
v 0.972792 -0.691866 0.054441
v 0.973900 -0.700416 -0.037943
v 0.934035 -0.756595 0.061039
v 0.935143 -0.766366 -0.029145
v 0.893064 -0.827431 -0.020346
v 0.929606 -0.776136 -0.120429
v 0.887527 -0.837201 -0.109431
v 0.873132 -0.846971 -0.197415
v 0.610694 0.138617 0.926586
v 0.557542 0.226551 0.946382
v 0.474492 0.259526 0.985975
v 0.411374 0.348681 0.987075
v 0.321680 0.379214 1.010171
v 0.257455 0.465926 0.993674
v 0.163332 0.486688 1.006872
v 0.091355 0.567293 0.976077
v -0.008305 0.578285 0.980477
v -0.093569 0.645457 0.932085
v -0.197659 0.649121 0.915588
v -0.276280 0.710185 0.841901
v -0.371511 0.713850 0.802308
v -0.434628 0.768808 0.704425
v -0.517678 0.768808 0.645036
v -0.590762 0.765144 0.576848
v -0.547577 0.813996 0.528457
v -0.654987 0.762701 0.500961
v -0.608480 0.812774 0.454770
v -0.662739 0.812774 0.375584
v -0.555327 0.854299 0.408577
v -0.606265 0.854299 0.333791
v -0.542040 0.886052 0.290898
v -0.473385 0.908036 0.245807
v -0.576367 0.883610 0.212812
v -0.504390 0.905593 0.174319
v -0.599621 0.879946 0.129227
v -0.525429 0.901929 0.096233
v -0.535396 0.895823 0.013748
v -0.449023 0.911700 0.063239
v -0.456775 0.903151 -0.012648
v -0.375939 0.900708 -0.034644
v -0.298426 0.884831 -0.052241
v -0.373725 0.889717 -0.105032
v -0.296211 0.873840 -0.114930
v -0.628411 0.710185 0.623040
v -0.550898 0.713850 0.693427
v -0.463419 0.715071 0.752817
v -0.396979 0.654006 0.847400
v -0.300641 0.652784 0.886993
v -0.219805 0.588055 0.956281
v -0.112395 0.584392 0.973877
v -0.029344 0.512335 1.017870
v 0.069208 0.501343 1.015670
v 0.137863 0.419516 1.040966
v 0.230879 0.402418 1.027768
v 0.292889 0.315706 1.038766
v 0.384798 0.290059 1.016770
v 0.449023 0.203346 1.009072
v 0.535396 0.171593 0.969479
v 0.512142 0.116634 0.989275
v 0.588548 0.083659 0.946382
v 0.488888 0.060454 1.003572
v 0.566401 0.028701 0.962879
v 0.545362 -0.027479 0.974977
v 0.637270 -0.004274 0.919987
v 0.615124 -0.060454 0.933185
v 0.680456 -0.088544 0.890293
v 0.745789 -0.109306 0.841901
v 0.657202 -0.148388 0.903490
v 0.721428 -0.170371 0.856198
v 0.631734 -0.208232 0.913388
v 0.694852 -0.231436 0.868296
v 0.667168 -0.293723 0.875995
v 0.762399 -0.246092 0.813306
v 0.735823 -0.308378 0.823204
v 0.806692 -0.316927 0.759416
v 0.873132 -0.323034 0.685729
v 0.780116 -0.380435 0.766014
v 0.848771 -0.386541 0.693427
v 0.750218 -0.443942 0.770414
v 0.822195 -0.451270 0.698926
v 0.790082 -0.514777 0.700026
v 0.884205 -0.457377 0.618641
v 0.854307 -0.520884 0.620840
v 0.909674 -0.523327 0.532856
v 0.960611 -0.517220 0.437173
v 0.879777 -0.585613 0.532856
v 0.931821 -0.580728 0.436073
v 0.845449 -0.646678 0.529557
v 0.898601 -0.641793 0.433873
v 0.863166 -0.702858 0.431674
v 0.945109 -0.632023 0.333791
v 0.909674 -0.694309 0.333791
v 0.944002 -0.686981 0.237008
v 0.963933 -0.686981 0.145724
v 0.903030 -0.751710 0.241407
v 0.922962 -0.751710 0.151223
v 0.858737 -0.812774 0.244707
v 0.879777 -0.813996 0.156723
v 0.833268 -0.873840 0.160022
v 0.890850 -0.818881 0.068738
v 0.845449 -0.878725 0.073137
v 0.847664 -0.886052 -0.013748
v 0.425770 0.144724 1.027768
v 0.358222 0.228994 1.039866
v 0.266313 0.248534 1.062962
v 0.202088 0.334025 1.056363
v 0.110180 0.347460 1.069561
v 0.043740 0.431729 1.049764
v -0.052598 0.442721 1.049764
v -0.132326 0.519663 1.010171
v -0.238630 0.522106 0.991475
v -0.323895 0.589277 0.927686
v -0.421341 0.589277 0.886993
v -0.513249 0.589277 0.838602
v -0.489995 0.655227 0.797909
v -0.578581 0.654006 0.738519
v -0.440165 0.519663 0.923286
v -0.342720 0.520884 0.962879
v -0.255240 0.451270 1.021169
v -0.152258 0.448828 1.039866
v -0.078067 0.368222 1.076159
v 0.016056 0.358451 1.077259
v 0.081389 0.274182 1.092657
v 0.174405 0.263190 1.080559
v 0.241953 0.181363 1.081659
v 0.333861 0.166707 1.058563
v 0.313929 0.101979 1.070661
v 0.403623 0.084880 1.040966
v 0.298426 0.036028 1.077259
v 0.387013 0.022594 1.048664
v 0.372617 -0.040913 1.053063
v 0.468956 0.001832 1.013470
v 0.451238 -0.059233 1.020070
v 0.524323 -0.086102 0.983776
v 0.591870 -0.117856 0.945283
v 0.505498 -0.147166 0.989275
v 0.569723 -0.177699 0.952981
v 0.486673 -0.210674 0.991475
v 0.545362 -0.241207 0.957381
v 0.518786 -0.303493 0.960680
v 0.604050 -0.270518 0.919987
v 0.574153 -0.332804 0.924386
v 0.636163 -0.356009 0.882594
v 0.707032 -0.371886 0.829803
v 0.601835 -0.418295 0.885893
v 0.673813 -0.434172 0.833102
v 0.563079 -0.479360 0.889193
v 0.637270 -0.495237 0.835302
v 0.598513 -0.555081 0.834202
v 0.716998 -0.506229 0.770414
v 0.679349 -0.567293 0.768214
v 0.754647 -0.577064 0.697827
v 0.821088 -0.583170 0.619741
v 0.715891 -0.636908 0.693427
v 0.785653 -0.645457 0.616441
v 0.673813 -0.695530 0.687928
v 0.745789 -0.704079 0.610942
v 0.704817 -0.761480 0.602143
v 0.808907 -0.706522 0.525157
v 0.769043 -0.765144 0.518558
v 0.824410 -0.761480 0.428374
v 0.869810 -0.756595 0.333791
v 0.782331 -0.820103 0.423975
v 0.826624 -0.816438 0.333791
v 0.738038 -0.877504 0.417376
v 0.781223 -0.875061 0.331591
v 0.732501 -0.932462 0.327192
v 0.812229 -0.872619 0.245807
v 0.764614 -0.930020 0.244707
v 0.785653 -0.931241 0.161121
v 0.222020 0.111749 1.093757
v 0.148936 0.191133 1.098156
v 0.055920 0.198461 1.109154
v -0.011627 0.282731 1.099256
v -0.104643 0.288837 1.097056
v -0.174405 0.374328 1.065161
v -0.271850 0.375549 1.046465
v -0.357115 0.448828 0.993674
v -0.456775 0.446385 0.955181
v -0.552005 0.445163 0.904590
v -0.533181 0.518442 0.873795
v -0.642807 0.446385 0.841901
v -0.622875 0.518442 0.814406
v -0.709247 0.517220 0.742918
v -0.600729 0.589277 0.779212
v -0.685993 0.585613 0.709925
v -0.660524 0.650342 0.669232
v -0.732501 0.646678 0.590045
v -0.695959 0.707743 0.546053
v -0.795619 0.645457 0.504261
v -0.755755 0.706521 0.463568
v -0.806692 0.704079 0.372284
v -0.712569 0.762701 0.419576
v -0.759077 0.759037 0.331591
v -0.705925 0.809111 0.289799
v -0.643914 0.850635 0.251305
v -0.733608 0.804226 0.197415
v -0.669383 0.845750 0.163321
v -0.746896 0.801783 0.096233
v -0.680456 0.842086 0.067638
v -0.678241 0.834758 -0.035743
v -0.609587 0.873840 0.040143
v -0.607372 0.864069 -0.055540
v -0.532074 0.884831 -0.074237
v -0.453453 0.892159 -0.090734
v -0.569723 0.370664 0.926586
v -0.472277 0.371885 0.979377
v -0.371511 0.373107 1.018970
v -0.292889 0.294944 1.066261
v -0.197659 0.293723 1.086058
v -0.129004 0.205789 1.112453
v -0.037095 0.202125 1.114653
v 0.035989 0.121519 1.119052
v 0.129004 0.119077 1.109154
v 0.114609 0.044577 1.113553
v 0.207625 0.042135 1.098156
v 0.107965 -0.028701 1.113553
v 0.197659 -0.027479 1.099256
v 0.193229 -0.097093 1.097056
v 0.287353 -0.031143 1.078359
v 0.279602 -0.098315 1.078359
v 0.361544 -0.105643 1.053063
v 0.436843 -0.122741 1.022269
v 0.352686 -0.171593 1.050864
v 0.423555 -0.186248 1.022269
v 0.346041 -0.236321 1.045365
v 0.409160 -0.250977 1.020070
v 0.389228 -0.315706 1.015670
v 0.437950 -0.340132 0.990375
v 0.401408 -0.399976 0.990375
v 0.486673 -0.367001 0.961780
v 0.445701 -0.428065 0.963979
v 0.539825 -0.395090 0.928786
v 0.498853 -0.456155 0.932085
v 0.451238 -0.512335 0.933185
v 0.519893 -0.537982 0.890293
v 0.394765 -0.564851 0.933185
v 0.468956 -0.592941 0.889193
v 0.329432 -0.610039 0.934285
v 0.408052 -0.644236 0.888093
v 0.337183 -0.693087 0.885893
v 0.441272 -0.722399 0.825404
v 0.238630 -0.748046 0.879295
v 0.382584 -0.776136 0.813306
v 0.340505 -0.829873 0.789111
v 0.450131 -0.850635 0.722022
v 0.307285 -0.886052 0.756116
v 0.408052 -0.904372 0.696727
v 0.368188 -0.956888 0.667032
v 0.496639 -0.916585 0.630738
v 0.452345 -0.969101 0.606543
v 0.570830 -0.925134 0.560351
v 0.525429 -0.977650 0.540554
v 0.587440 -0.982536 0.469067
v 0.539825 -1.033830 0.449270
v 0.640592 -0.986199 0.394280
v 0.589655 -1.038715 0.378883
v 0.682671 -0.987421 0.318393
v 0.552005 -0.612482 0.833102
v 0.499961 -0.668661 0.829803
v 0.543147 -0.740718 0.755016
v 0.494424 -0.795676 0.741819
v 0.630626 -0.752932 0.680229
v 0.586333 -0.807890 0.668132
v 0.660524 -0.817660 0.591145
v 0.725857 -0.821324 0.509760
v 0.616231 -0.871397 0.577948
v 0.681563 -0.876282 0.498761
v 0.635056 -0.930020 0.485564
v 0.689315 -0.932462 0.407478
v 0.638378 -0.627137 0.766014
v 0.591870 -0.684539 0.761615
v 0.897494 -0.724841 -0.397580
v 0.930713 -0.656448 -0.414077
v 0.959504 -0.584392 -0.429474
v 0.993832 -0.585613 -0.340390
v 0.984973 -0.511114 -0.445971
v 1.019300 -0.512335 -0.355787
v 1.040339 -0.436615 -0.370084
v 1.043662 -0.508671 -0.261204
v 1.064701 -0.434172 -0.273302
v 1.058057 -0.500122 -0.163321
v 1.079096 -0.426844 -0.173219
v 1.094599 -0.353566 -0.180918
v 1.100136 -0.346239 -0.077536
v 1.107887 -0.280288 -0.186417
v 1.113423 -0.272961 -0.080836
v 1.123390 -0.199682 -0.080836
v 1.113423 -0.268075 0.022546
v 1.124497 -0.194797 0.023646
v 1.103458 -0.270518 0.124828
v 1.114531 -0.198461 0.125927
v 1.122282 -0.125183 0.128127
v 1.104565 -0.136175 0.228209
v 1.125604 -0.050684 0.132527
v 1.108995 -0.061676 0.229309
v 1.111209 0.016488 0.231509
v 1.089062 -0.076331 0.322793
v 1.091277 0.003053 0.321693
v 1.063593 -0.093429 0.412977
v 1.068023 -0.015266 0.408577
v 1.066916 0.065340 0.406378
v 1.038125 0.048242 0.485564
v 1.056949 0.147166 0.405278
v 1.031481 0.130068 0.481165
v 1.013764 0.213116 0.480065
v 0.998261 0.111749 0.551552
v 0.983865 0.193576 0.548253
v 0.957289 0.094650 0.618641
v 0.948431 0.170371 0.613141
v 0.928499 0.247313 0.609842
v 0.893064 0.215559 0.669232
v 0.894172 0.325476 0.615341
v 0.865381 0.285173 0.672531
v 0.823302 0.349902 0.685729
v 0.836590 0.244870 0.719823
v 0.801156 0.296165 0.735220
v 0.813336 0.218002 0.752817
v 0.781223 0.241207 0.774813
v 1.004905 -0.434172 -0.460268
v 1.021515 -0.356009 -0.473466
v 1.055842 -0.359673 -0.381083
v 1.034803 -0.275403 -0.484464
v 1.070238 -0.281510 -0.390981
v 1.080204 -0.203346 -0.396480
v 1.094599 -0.283952 -0.290899
v 1.104565 -0.208232 -0.294198
v 1.118960 -0.207011 -0.187517
v 1.125604 -0.132511 -0.185317
v 1.128926 -0.125183 -0.077536
v 1.125604 -0.059233 -0.179818
v 1.132249 -0.050684 -0.072037
v 1.131141 0.025036 -0.067638
v 1.133356 -0.045799 0.032444
v 1.132249 0.029922 0.036843
v 1.125604 0.026258 0.136926
v 1.121175 0.104421 0.139125
v 1.107887 0.095872 0.232609
v 1.108995 0.182584 0.140225
v 1.096814 0.176478 0.234809
v 1.077989 0.255862 0.235908
v 1.077989 0.164264 0.322793
v 1.059165 0.246092 0.323893
v 1.038125 0.231436 0.405278
v 1.011549 0.314485 0.407478
v 0.987188 0.297386 0.482265
v 0.975007 0.396312 0.412977
v 0.947324 0.380435 0.488863
v 0.895279 0.458598 0.500961
v 0.919640 0.357230 0.554852
v 0.868703 0.434172 0.569150
v 0.846556 0.397533 0.629639
v 0.786760 0.447606 0.659334
v 0.767936 0.392647 0.717623
v 0.720320 0.481802 0.700026
v 0.703710 0.425622 0.756116
v 0.631734 0.456155 0.795709
v 0.685993 0.367001 0.804508
v 0.557542 0.485467 0.832003
v 0.494425 0.570957 0.812206
v 0.412482 0.601490 0.839702
v 0.344935 0.679653 0.803408
v 0.253026 0.707743 0.819905
v 0.174405 0.772472 0.774813
v 0.072530 0.789570 0.780312
v -0.007198 0.839644 0.717623
v -0.103536 0.846971 0.702226
v -0.161117 0.879946 0.614241
v -0.241953 0.882389 0.580147
v -0.267421 0.906815 0.477866
v -0.329432 0.908036 0.428374
v 0.429092 0.649121 0.781411
v 0.508820 0.619809 0.751717
v 0.586333 0.592941 0.717623
v 0.599621 0.638129 0.649435
v 0.664954 0.564851 0.676930
v 0.679349 0.611260 0.604343
v 0.760184 0.574622 0.555952
v 0.783438 0.611260 0.444871
v 0.833268 0.522106 0.521858
v 0.866488 0.541646 0.430574
v 0.926284 0.473254 0.420675
v 0.959504 0.478139 0.326092
v 1.000476 0.406082 0.326092
v 0.984973 0.476917 0.224910
v 1.022622 0.408524 0.231509
v 1.038125 0.404861 0.131427
v 1.052520 0.334025 0.234809
v 1.068023 0.334025 0.138025
v 1.092384 0.259526 0.141325
v 1.100136 0.258305 0.040143
v 1.115638 0.182584 0.040143
v 1.101243 0.250977 -0.064339
v 1.116746 0.176478 -0.063239
v 1.108995 0.167929 -0.165520
v 1.125604 0.100757 -0.064339
v 1.118960 0.090987 -0.167720
v 1.124497 0.016488 -0.173219
v 1.110101 0.015266 -0.279900
v 1.111209 -0.058012 -0.287599
v 1.082419 0.022594 -0.387682
v 1.084633 -0.050684 -0.393180
v 1.043662 -0.038471 -0.494363
v 1.084633 -0.126405 -0.396480
v 1.045876 -0.115413 -0.494363
v 1.043662 -0.194797 -0.491063
v 1.038125 0.036028 -0.489963
v 1.028159 0.108085 -0.482265
v 1.074667 0.094650 -0.378883
v 1.013764 0.176478 -0.473466
v 1.061379 0.165486 -0.371184
v 1.041447 0.236321 -0.363486
v 1.090170 0.161822 -0.267802
v 1.072452 0.235100 -0.264503
v 1.092384 0.242428 -0.165520
v 1.066916 0.314485 -0.166620
v 1.076882 0.323033 -0.066539
v 1.034803 0.385320 -0.166620
v 1.044769 0.392647 -0.069838
v 1.006013 0.457376 -0.070938
v 1.045876 0.398754 0.030245
v 1.007119 0.463483 0.024745
v 1.000476 0.470811 0.122628
v 0.956183 0.531876 0.114930
v 0.940680 0.537982 0.216111
v 0.906353 0.584392 0.105032
v 0.889742 0.591720 0.204014
v 0.852093 0.630801 0.092934
v 0.836590 0.636907 0.184218
v 0.794512 0.669883 0.078636
v 0.780116 0.674768 0.158922
v 0.732501 0.700415 0.064339
v 0.723643 0.702858 0.131427
v 0.669383 0.723620 0.118229
v 0.671598 0.722399 0.165520
v 0.620661 0.738275 0.136926
v 0.640592 0.732169 0.195216
v 0.573045 0.751710 0.172120
v 0.597407 0.746824 0.237008
v 0.549791 0.766365 0.279900
v 0.575259 0.755374 0.352488
v 0.516571 0.778578 0.394280
v 0.595192 0.735833 0.426175
v 0.529859 0.761480 0.467967
v 0.606265 0.710185 0.500961
v 0.534288 0.737054 0.541654
v 0.530966 0.704079 0.615341
v 0.461204 0.762701 0.577948
v 0.454560 0.730948 0.649435
v 0.374832 0.759037 0.678030
v 0.361544 0.722399 0.742918
v 0.287353 0.785906 0.700026
v 0.271850 0.749267 0.762715
v 0.444595 0.693087 0.717623
v 0.522107 0.664998 0.685729
v 0.607372 0.678432 0.575748
v 0.687100 0.649121 0.522957
v 0.677135 0.682096 0.450370
v 0.744682 0.660112 0.376684
v 0.800049 0.646678 0.283200
v 0.751326 0.680875 0.240307
v 0.993832 0.244870 -0.463568
v 0.969470 0.309600 -0.455870
v 1.017086 0.305935 -0.357986
v 0.938465 0.373107 -0.448170
v 0.986080 0.374328 -0.353588
v 0.947324 0.437836 -0.350288
v 1.015978 0.377992 -0.261204
v 0.977222 0.443942 -0.257904
v 0.997154 0.451270 -0.165520
v 0.952861 0.512335 -0.163321
v 0.960611 0.518442 -0.072037
v 0.903031 0.567293 -0.160022
v 0.910782 0.573400 -0.073137
v 0.855415 0.621030 -0.073137
v 0.911889 0.578285 0.014848
v 0.856522 0.627137 0.009348
v 0.901923 0.434172 -0.440472
v 0.858737 0.491573 -0.428375
v 0.904138 0.497679 -0.343689
v 0.812229 0.544089 -0.411877
v 0.855415 0.550195 -0.331591
v 0.803371 0.597826 -0.316194
v 0.885313 0.558745 -0.246907
v 0.831053 0.606375 -0.237008
v 0.847664 0.614924 -0.154523
v 0.795619 0.661334 -0.072037
v 0.797834 0.666219 0.002750
v 0.772365 0.646678 -0.223811
v 0.787868 0.654006 -0.147924
v 0.731393 0.693087 -0.068738
v 0.733608 0.697973 -0.001650
v 0.666061 0.718735 0.001650
v 0.668276 0.722399 0.062139
v 0.599621 0.730948 0.021446
v 0.609587 0.737054 0.079736
v 0.537610 0.738275 0.052241
v 0.553113 0.748046 0.111630
v 0.501068 0.757816 0.147924
v 0.523215 0.766365 0.211713
v 0.474492 0.782242 0.250206
v 0.497747 0.785906 0.321693
v 0.422447 0.800562 0.286499
v 0.440165 0.806668 0.359086
v 0.377047 0.826209 0.392081
v 0.453453 0.801783 0.432773
v 0.384798 0.824988 0.465768
v 0.460097 0.787128 0.506460
v 0.387013 0.812774 0.539454
v 0.382584 0.790791 0.609842
v 0.307285 0.835979 0.565850
v 0.299534 0.815217 0.635138
v 0.208732 0.837201 0.651635
v 0.192123 0.809111 0.715423
v 0.112395 0.855520 0.658234
v 0.093570 0.826209 0.720923
v 0.961719 0.524548 0.019247
v -0.223128 0.848192 -0.119329
v 0.465634 -0.275403 0.991475
v 0.850986 0.602711 0.315094
v 0.908567 0.544089 0.324993
v -0.743574 0.798119 -0.015948
v -0.803371 0.755374 0.002750
v -0.806692 0.756595 0.123728
v -0.857629 0.707743 0.019247
v -0.860951 0.707743 0.147924
v -0.908567 0.654006 0.168820
v -0.844342 0.704079 0.267802
v -0.889742 0.649121 0.296398
v -0.849878 0.645457 0.408577
v -0.888635 0.583170 0.437173
v -0.831053 0.580728 0.539454
v -0.921855 0.518442 0.459169
v -0.860951 0.513556 0.564750
v -0.889742 0.445163 0.582347
v -0.790082 0.513556 0.659334
v -0.814444 0.445163 0.682429
v -0.730286 0.446385 0.769314
v -0.752433 0.374328 0.785811
v -0.662739 0.371885 0.862797
v -0.773472 0.301050 0.794609
v -0.682671 0.297386 0.874895
v -0.698174 0.221666 0.880394
v -0.587440 0.294944 0.941984
v -0.602943 0.219223 0.949682
v -0.488888 0.294944 0.995874
v -0.505498 0.215559 1.004672
v -0.409160 0.214338 1.046465
v -0.518786 0.134954 1.009072
v -0.423555 0.131290 1.051964
v -0.526537 0.054348 1.010171
v -0.432414 0.049463 1.054163
v -0.434628 -0.033586 1.053063
v -0.339398 0.045799 1.087158
v -0.341613 -0.039692 1.084958
v -0.248596 0.040913 1.108054
v -0.249704 -0.043356 1.105854
v -0.161117 -0.045799 1.117952
v -0.243059 -0.127626 1.100355
v -0.154473 -0.128847 1.112453
v -0.229772 -0.211896 1.090457
v -0.141185 -0.211896 1.101455
v -0.125682 -0.292502 1.087158
v -0.055920 -0.204568 1.108054
v -0.040417 -0.283952 1.093757
v 0.028237 -0.191134 1.109154
v 0.042632 -0.268075 1.094856
v 0.122360 -0.250977 1.091557
v 0.138971 -0.324255 1.076159
v 0.212054 -0.308378 1.068461
v 0.158902 -0.393869 1.055263
v 0.229772 -0.375549 1.048664
v 0.186586 -0.458598 1.031068
v 0.255240 -0.435394 1.025568
v 0.222020 -0.517220 1.002472
v 0.290675 -0.485467 0.999173
v 0.336076 -0.528212 0.969479
v 0.350471 -0.447606 0.994774
v 0.395871 -0.483024 0.966179
v -0.905245 0.656448 0.034644
v -0.949538 0.600268 0.050041
v -0.950646 0.597826 0.186417
v -0.988295 0.541646 0.066538
v -0.986080 0.537982 0.202914
v -1.017086 0.473254 0.218311
v -0.965041 0.526991 0.335991
v -0.994939 0.459819 0.350288
v -0.951753 0.450049 0.472366
v -0.976114 0.379214 0.480065
v -0.914103 0.375549 0.592245
v -0.993832 0.304714 0.485564
v -0.932929 0.302271 0.597744
v -0.945109 0.227772 0.599944
v -0.858737 0.302271 0.701126
v -0.873132 0.227772 0.703325
v -0.788975 0.226551 0.797909
v -0.796726 0.152052 0.801208
v -0.709247 0.147166 0.884793
v -0.801156 0.076331 0.804508
v -0.714784 0.070225 0.888093
v -0.716998 -0.007938 0.888093
v -0.622875 0.062897 0.957381
v -0.625089 -0.016488 0.955181
v -0.528752 -0.025036 1.007972
v -0.524323 -0.105643 1.002472
v -0.427984 -0.115413 1.046465
v -0.514356 -0.183806 0.995874
v -0.416911 -0.194797 1.038766
v -0.403623 -0.275403 1.029968
v -0.322787 -0.205789 1.070661
v -0.308392 -0.286395 1.059663
v -0.215377 -0.293723 1.077259
v -0.197659 -0.373107 1.059663
v -0.107965 -0.371886 1.069561
v -0.177727 -0.452492 1.038766
v -0.086926 -0.448827 1.048664
v -0.059243 -0.522106 1.023369
v 0.000554 -0.434172 1.055263
v 0.029344 -0.503786 1.029968
v 0.111287 -0.480581 1.032168
v 0.064779 -0.569736 1.001373
v 0.147829 -0.542868 1.003572
v 0.193229 -0.599047 0.970578
v 0.268529 -0.567293 0.970578
v -1.006012 0.230215 0.488863
v -1.014871 0.154495 0.491063
v -0.953968 0.152052 0.601043
v -1.019300 0.078774 0.494363
v -0.957289 0.078774 0.604343
v -1.017086 0.003053 0.500961
v -0.953968 0.005496 0.609842
v -0.945109 -0.069004 0.615341
v -0.881991 0.005496 0.713224
v -0.874240 -0.069004 0.714324
v -0.801156 0.000610 0.805607
v -0.795619 -0.076331 0.804508
v -0.712569 -0.086102 0.885893
v -0.620660 -0.095872 0.950782
v -0.701495 -0.164265 0.881494
v -0.610694 -0.174035 0.945283
v -0.687100 -0.241207 0.875995
v -0.596299 -0.252198 0.938684
v -0.579689 -0.330362 0.929886
v -0.501068 -0.263190 0.989275
v -0.484458 -0.341353 0.978277
v -0.388120 -0.356009 1.017870
v -0.291783 -0.367001 1.044266
v -0.371511 -0.434172 1.000273
v -0.274065 -0.447606 1.025568
v -0.354900 -0.511114 0.979377
v -0.254133 -0.523327 1.002472
v -0.234201 -0.596605 0.974977
v -0.153366 -0.529433 1.014570
v -0.129004 -0.600268 0.987075
v -0.028237 -0.591720 0.994774
v 0.105750 -0.629580 0.968379
v 0.160010 -0.685760 0.932085
v 0.254133 -0.649121 0.934285
v -0.883099 0.079995 0.709925
v -0.880883 0.153273 0.706625
v 0.315036 -0.406082 1.017870
v 0.290675 -0.357230 1.037666
v 0.279602 -0.298608 1.054163
v 0.275172 -0.232657 1.066261
v 0.275172 -0.165486 1.073960
v 0.200981 -0.238764 1.082759
v 0.194337 -0.167929 1.091557
v 0.111287 -0.176478 1.103654
v 0.106858 -0.103200 1.110254
v 0.019378 -0.112970 1.116852
v -0.066993 -0.122741 1.116852
v 0.017164 -0.034807 1.121252
v -0.071423 -0.040913 1.123451
v 0.022700 0.043356 1.122352
v -0.068101 0.039692 1.125651
v -0.057028 0.121519 1.122352
v -0.158902 0.038471 1.120152
v -0.147829 0.121519 1.119052
v -0.237523 0.126404 1.106954
v -0.219805 0.210674 1.099256
v -0.329432 0.130068 1.084958
v -0.312822 0.213116 1.078359
v -0.390335 0.294944 1.036566
v 0.052598 0.506229 -0.107231
v 0.035989 0.542868 -0.120429
v 0.080282 0.497679 -0.108331
v 0.106858 0.495237 -0.106132
v 0.127897 0.494015 -0.101732
v 0.124575 0.484245 -0.085235
v 0.124575 0.484245 -0.085235
v 0.135649 0.483024 -0.077536
v 0.133434 0.480581 -0.051141
v -1.127819 -0.037250 0.168820
v -1.133356 -0.038471 0.054441
v -1.125604 -0.060454 -0.051141
v -1.130034 0.036028 0.039043
v -1.123390 0.015266 -0.067638
v -1.121175 0.112970 0.025845
v -1.113423 0.092208 -0.080836
v -1.099028 0.167929 -0.094034
v -1.101243 0.060454 -0.184218
v -1.087955 0.134954 -0.197415
v -1.081311 0.025036 -0.284300
v -1.069130 0.097093 -0.297498
v -1.042554 0.062897 -0.397580
v -1.049198 0.169150 -0.312895
v -1.024837 0.133732 -0.409677
v -1.024837 0.241207 -0.329392
v -1.001583 0.204568 -0.421775
v -0.972792 0.277846 -0.437173
v -0.970578 0.174035 -0.515259
v -0.944002 0.244870 -0.525157
v -0.925177 0.148388 -0.609842
v -0.900816 0.219223 -0.613141
v -0.843234 0.200904 -0.700026
v -0.868703 0.287616 -0.619741
v -0.812229 0.268075 -0.703326
v -0.826624 0.356008 -0.631838
v -0.773472 0.332804 -0.711025
v -0.720320 0.395090 -0.719823
v -0.705925 0.310821 -0.789111
v -0.656095 0.373107 -0.793510
v -0.631733 0.288837 -0.858398
v -0.585226 0.349902 -0.859498
v -0.511034 0.326698 -0.913388
v -1.106780 0.188691 0.014848
v -1.090169 0.264411 0.001650
v -1.081311 0.242428 -0.109431
v -1.069130 0.336468 -0.013748
v -1.058057 0.312042 -0.129227
v -1.029266 0.380435 -0.149024
v -1.043662 0.277846 -0.233709
v -1.013763 0.347460 -0.253505
v -0.993832 0.312042 -0.348089
v -0.957289 0.382877 -0.366785
v -0.935143 0.348681 -0.453670
v -0.915211 0.450049 -0.387682
v -0.891957 0.417074 -0.473466
v -0.841020 0.483024 -0.492163
v -0.864274 0.384099 -0.553752
v -0.812229 0.451270 -0.571349
v -0.774580 0.420738 -0.646136
v -0.715891 0.483024 -0.660433
v -0.660524 0.457376 -0.729721
v -0.649451 0.542868 -0.670332
v -0.595192 0.518442 -0.736320
v -0.532074 0.496458 -0.800109
v -0.597406 0.435394 -0.796809
v -0.527644 0.412188 -0.859498
v -1.126712 0.040913 0.155623
v -1.120068 0.117856 0.144625
v -1.107887 0.193576 0.132527
v -1.093492 0.269296 0.121528
v -1.074667 0.342574 0.110530
v -1.051413 0.413410 0.097333
v -1.043662 0.403640 -0.031345
v -1.021515 0.479360 0.083035
v -1.011549 0.468368 -0.048941
v -0.988295 0.541646 0.066538
v -0.975007 0.530654 -0.065439
v -0.934035 0.590498 -0.081936
v -0.958397 0.509893 -0.186417
v -0.916318 0.569736 -0.202914
v -0.938465 0.481802 -0.293098
v -0.893064 0.544089 -0.309595
v -0.867596 0.513556 -0.405278
v -0.814444 0.573400 -0.420675
v -0.785653 0.544089 -0.507560
v -0.759077 0.629580 -0.431674
v -0.725857 0.600268 -0.519658
v -0.699281 0.679653 -0.438273
v -0.662739 0.652784 -0.525157
v -0.597406 0.701637 -0.526257
v -0.623983 0.625916 -0.603243
v -0.554220 0.677210 -0.603243
v -0.578581 0.599047 -0.673631
v -0.996046 0.446385 -0.168820
v -0.978329 0.415853 -0.273302
v -0.690422 0.570957 -0.598844
v -0.753541 0.512335 -0.586746
v -0.949538 0.600268 0.050041
v -0.905245 0.656448 0.034644
v -0.888635 0.645457 -0.097333
v -0.857629 0.707743 0.019247
v -0.838805 0.696751 -0.109431
v -0.785653 0.744382 -0.121529
v -0.815551 0.677210 -0.227110
v -0.760184 0.724841 -0.235909
v -0.788975 0.655227 -0.334891
v -0.731393 0.704079 -0.341490
v -0.671598 0.748046 -0.345889
v -0.636163 0.726062 -0.440472
v -0.607372 0.788349 -0.346989
v -0.569723 0.767587 -0.438273
v -0.497747 0.801783 -0.431674
v -0.527644 0.745603 -0.520758
v -0.450131 0.781021 -0.510860
v -0.843234 0.601490 -0.323893
v -0.867596 0.625916 -0.216112
v -0.418018 0.826209 -0.419576
v -0.462312 0.843307 -0.339290
v -0.381476 0.853078 -0.330491
v -0.496639 0.857963 -0.253505
v -0.418018 0.867733 -0.252405
v -0.441272 0.879946 -0.172120
v -0.361544 0.877504 -0.177618
v -0.453453 0.892159 -0.090734
v -0.373725 0.889717 -0.105032
v -0.519893 0.872619 -0.163321
v -0.594084 0.851856 -0.153423
v -0.569723 0.835979 -0.251306
v -0.637270 0.805447 -0.248006
v -0.701495 0.768808 -0.242507
v -0.662739 0.822545 -0.142425
v -0.726965 0.787128 -0.132527
v -0.743574 0.798119 -0.015948
v -0.803371 0.755374 0.002750
v -0.678241 0.834758 -0.035743
v -0.607372 0.864069 -0.055540
v -0.532074 0.884831 -0.074237
v -0.296211 0.873840 -0.114930
v -0.284031 0.864069 -0.178718
v -0.260777 0.853078 -0.242507
v -0.189907 0.826209 -0.230409
v -0.225342 0.838422 -0.302996
v -0.158902 0.811553 -0.282100
v -0.114609 0.793234 -0.330491
v -0.178834 0.820103 -0.361286
v -0.301748 0.851856 -0.319493
v -0.338290 0.866512 -0.249106
v -0.253026 0.834758 -0.386582
v -0.334968 0.837201 -0.405278
v -0.223128 0.848192 -0.119329
v -0.212054 0.838422 -0.174319
v -0.132326 0.785906 -0.211713
v -0.104643 0.772472 -0.256804
v -0.059242 0.726062 -0.221611
v -0.160010 0.809111 -0.117129
v -0.150044 0.799340 -0.164421
v -0.083604 0.737054 -0.186417
v -0.109072 0.756595 -0.108331
v -0.100214 0.748046 -0.147924
v -0.057028 0.691866 -0.125928
v -0.042632 0.684538 -0.156723
v -0.022700 0.635686 -0.105032
v -0.012735 0.630801 -0.129227
v -0.062565 0.699194 -0.096233
v -0.026022 0.639350 -0.081936
v -0.001661 0.585613 -0.072037
v 0.001661 0.584392 -0.089634
v -1.111209 -0.089765 -0.152323
v -1.108994 -0.015266 -0.169920
v -1.092384 -0.121520 -0.253505
v -1.089062 -0.048242 -0.270002
v -1.064701 -0.079995 -0.371184
v -1.055842 -0.009160 -0.385482
v -1.020408 -0.034807 -0.487764
v -1.007119 0.034807 -0.497662
v -0.958397 0.011603 -0.597744
v -0.990509 0.103200 -0.506461
v -0.944002 0.078774 -0.604343
v -0.883099 0.062897 -0.696727
v -0.865381 0.131290 -0.700026
v -0.796726 0.117856 -0.783611
v -0.773472 0.183805 -0.783611
v -0.743574 0.248534 -0.784711
v -0.699281 0.164264 -0.856199
v -0.669383 0.226551 -0.856199
v -0.596299 0.200904 -0.914488
v -0.558650 0.263190 -0.913388
v -0.525429 0.175256 -0.959580
v -0.491102 0.236321 -0.957381
v -0.433521 0.205789 -0.993675
v -1.029267 -0.101979 -0.475666
v -1.033695 -0.170371 -0.461368
v -0.983865 -0.187470 -0.563650
v -0.979437 -0.122741 -0.577948
v -0.970578 -0.055569 -0.588946
v -0.907459 -0.072667 -0.684629
v -0.897494 -0.005496 -0.691228
v -0.826624 -0.017709 -0.778112
v -0.751326 -0.032365 -0.852899
v -0.813336 0.049463 -0.782511
v -0.739145 0.033586 -0.856199
v -0.722535 0.099536 -0.856199
v -0.645022 0.077552 -0.916688
v -0.623983 0.138617 -0.915588
v -0.549791 0.114191 -0.962879
v -0.475599 0.093429 -1.002472
v -0.458990 0.150831 -0.996974
v -1.091277 -0.192355 -0.235909
v -1.069130 -0.218002 -0.341490
v -1.069130 -0.149609 -0.356887
v 0.858737 0.491573 -0.428375
v 0.901923 0.434172 -0.440472
v 0.838805 0.434172 -0.525157
v 0.938465 0.373107 -0.448170
v 0.873132 0.374328 -0.539454
v 0.969470 0.309600 -0.455870
v 0.993832 0.244870 -0.463568
v 0.034881 -1.035051 -0.059939
v 0.032667 1.228017 -0.125928
v 0.045954 1.235344 -0.153423
v 0.030452 1.236565 -0.169920
v 0.007198 1.221910 -0.143525
v 0.026022 1.221910 -0.189716
v 0.008305 1.199926 -0.165520
v -0.432414 -1.190156 -0.204014
v 0.105750 0.491573 0.009348
v 0.106858 0.485467 0.015947
v 0.084711 0.502565 0.030245
v 0.109072 0.480581 0.023646
v 0.090247 0.501343 0.039043
v 0.099106 0.506229 0.046742
v 0.088033 0.545310 0.062139
v 0.110180 0.511114 0.051141
v 0.100214 0.545310 0.065439
v 0.115717 0.547753 0.069838
v 0.121253 0.591720 0.088534
v 0.129004 0.555081 0.073137
v 0.138971 0.589277 0.087434
v 0.140077 0.544089 0.063239
v 0.160010 0.584392 0.079736
v 0.157795 0.534318 0.050041
v 0.183264 0.577064 0.065439
v 0.210947 0.569736 0.043442
v 0.212055 0.628359 0.090734
v 0.243059 0.619809 0.065439
v 0.276280 0.673546 0.096233
v 0.309500 0.661334 0.057740
v 0.308392 0.722399 0.141325
v 0.360437 0.713850 0.094033
v 0.381476 0.752931 0.160022
v 0.431306 0.748046 0.127027
v 0.402516 0.781021 0.219411
v 0.451238 0.768808 0.184218
v 0.117931 0.483024 0.031344
v 0.127897 0.492794 0.035743
v 0.140077 0.507450 0.040143
v 0.156688 0.497679 0.020346
v 0.179942 0.526991 0.029145
v 0.231986 0.559966 0.014848
v 0.269635 0.608818 0.032444
v 0.330539 0.645457 0.012648
v 0.384798 0.688202 0.023646
v 0.414696 0.728505 0.084135
v 0.451238 0.718735 0.028045
v 0.481136 0.743160 0.088534
v 0.524323 0.723620 -0.008248
v 0.591870 0.722399 -0.037943
v 0.661632 0.713850 -0.058840
v 0.135649 0.474475 0.011548
v 0.144507 0.483024 0.014848
v 0.172190 0.492794 -0.001650
v 0.197659 0.519663 0.004949
v 0.243059 0.550195 -0.013748
v 0.284031 0.596605 -0.002750
v 0.338290 0.628359 -0.033544
v 0.392550 0.668661 -0.036843
v 0.453453 0.695530 -0.047841
v 0.390335 0.649121 -0.088534
v 0.446809 0.674768 -0.106132
v 0.383691 0.630801 -0.130327
v 0.437950 0.656448 -0.154523
v 0.423555 0.641793 -0.196316
v 0.494425 0.674768 -0.182018
v 0.477814 0.658891 -0.230409
v 0.556435 0.682096 -0.212812
v 0.534288 0.667440 -0.265603
v 0.591870 0.666219 -0.301897
v 0.338290 0.612482 -0.074237
v 0.289568 0.584392 -0.034644
v 0.246382 0.541646 -0.035743
v 0.206518 0.512335 -0.018147
v 0.181049 0.490352 -0.022546
v 0.165547 0.479360 -0.026945
v 0.157795 0.480581 -0.007149
v 0.147829 0.474475 -0.011548
v 0.126790 0.470811 0.004949
v 0.165547 0.468368 -0.047841
v 0.174405 0.475696 -0.042343
v 0.179942 0.476917 -0.061039
v 0.186586 0.480581 -0.054441
v 0.210947 0.496458 -0.061039
v 0.193229 0.486688 -0.047841
v 0.213162 0.502565 -0.050041
v 0.212054 0.507450 -0.035743
v 0.246382 0.531876 -0.054441
v 0.187693 0.486688 -0.037943
v 0.365974 0.818881 0.319493
v 0.306178 0.837201 0.348089
v 0.310607 0.848192 0.420675
v 0.241953 0.856742 0.370084
v 0.239738 0.868954 0.441572
v 0.164439 0.886052 0.454770
v 0.231986 0.868954 0.514159
v 0.147829 0.886052 0.524057
v 0.220913 0.857963 0.584547
v 0.131219 0.875061 0.592245
v 0.350471 0.796898 0.253505
v 0.331646 0.763923 0.194116
v 0.296211 0.813996 0.282100
v 0.282924 0.777357 0.222711
v 0.264099 0.734612 0.169920
v 0.239738 0.683317 0.124828
v 0.204303 0.691866 0.143525
v 0.182156 0.635686 0.106131
v 0.222020 0.744382 0.189716
v 0.181049 0.754152 0.200714
v 0.169976 0.699194 0.153423
v 0.138971 0.705300 0.154523
v 0.130112 0.645457 0.117129
v 0.111287 0.710185 0.151223
v 0.109072 0.650342 0.114930
v 0.089141 0.652784 0.109431
v 0.103536 0.594162 0.087434
v 0.088033 0.596605 0.083035
v 0.085819 0.715071 0.142425
v 0.106858 0.768808 0.196315
v 0.143400 0.762701 0.202914
v 0.184371 0.803005 0.254605
v 0.233094 0.790791 0.242507
v 0.073638 0.773693 0.184218
v 0.094677 0.821324 0.248006
v 0.137863 0.813996 0.256804
v 0.181049 0.844528 0.315094
v 0.239738 0.829873 0.302996
v 0.053706 0.826209 0.233709
v 0.072530 0.865290 0.307395
v 0.124575 0.857963 0.317294
v 0.176620 0.872619 0.383282
v 0.024915 0.870176 0.289799
v 0.047062 0.890938 0.373384
v 0.109072 0.883610 0.385482
v 0.088033 0.897044 0.453670
v 0.064779 0.897044 0.521858
v 0.040417 0.888495 0.590045
v 0.016056 0.868954 0.656034
v 0.017164 0.904372 0.440472
v -0.013841 0.905593 0.507560
v -0.044847 0.895823 0.575748
v -0.075852 0.876282 0.640636
v -0.124575 0.900708 0.550452
v -0.085818 0.911700 0.484464
v -0.048169 0.909258 0.418476
v -0.010520 0.895823 0.352488
v -0.020486 0.873840 0.266702
v 0.013841 0.831094 0.213912
v 0.041525 0.776136 0.168820
v 0.060350 0.717513 0.130327
v 0.069208 0.656448 0.100632
v 0.071423 0.600268 0.076436
v 0.048169 0.658891 0.087434
v 0.055920 0.601490 0.066538
v 0.040417 0.603932 0.052241
v 0.054813 0.548974 0.039043
v 0.029344 0.603932 0.036843
v 0.047062 0.548974 0.028045
v 0.041525 0.548974 0.013748
v -0.021593 0.833537 0.189716
v 0.010520 0.779799 0.149023
v -0.017163 0.781021 0.124828
v 0.034881 0.719956 0.113830
v 0.011627 0.722399 0.092934
v 0.028237 0.660112 0.070937
v 0.012735 0.661334 0.051141
v 0.021593 0.602711 0.022546
v 0.013841 0.599047 0.006049
v 0.000554 0.660112 0.030245
v -0.024915 0.721177 0.045642
v -0.008305 0.722399 0.069838
v -0.061457 0.781021 0.067638
v -0.041525 0.781021 0.097333
v -0.084711 0.835979 0.132527
v -0.055920 0.835979 0.163321
v -0.102428 0.879946 0.208413
v -0.063671 0.877504 0.240307
v -0.112394 0.905593 0.296398
v -0.063671 0.901929 0.327192
v 0.311714 0.848192 0.493263
v 0.081389 0.506229 0.021446
v 0.064779 0.547753 0.048941
v 0.075852 0.546531 0.056640
v 0.205410 0.492794 -0.070938
v 0.243059 0.524548 -0.069838
v 0.238631 0.518442 -0.084135
v 0.279602 0.552638 -0.105032
v 0.288460 0.572179 -0.063239
v 0.285138 0.561187 -0.086335
v 0.332754 0.597826 -0.107231
v 0.325002 0.585613 -0.133627
v 0.373725 0.616146 -0.165520
v -0.137863 0.879946 0.172120
v -0.197659 0.909258 0.219411
v -0.231986 0.906815 0.172120
v -0.259670 0.903151 0.121528
v -0.167761 0.877504 0.132527
v -0.110180 0.834758 0.097333
v -0.131219 0.832315 0.059939
v -0.080282 0.778578 0.035743
v -0.147829 0.828652 0.019247
v -0.094677 0.774914 0.002750
v -0.104643 0.771251 -0.033544
v -0.058135 0.711407 -0.036843
v -0.109072 0.765144 -0.070938
v -0.062565 0.705300 -0.066539
v -0.062565 0.699194 -0.096233
v -0.026022 0.644236 -0.058840
v -0.026022 0.639350 -0.081936
v -0.001661 0.589277 -0.051141
v -0.001661 0.585613 -0.072037
v -0.192123 0.875061 0.088534
v 0.705925 0.707743 0.195216
v 0.671598 0.717513 0.253505
v 0.627305 0.733391 0.306295
v 0.708140 0.693087 0.315094
v 0.656095 0.711407 0.377783
v 0.001661 0.592941 -0.031345
v -0.022700 0.649121 -0.034644
v -0.016056 0.654006 -0.011548
v -0.049276 0.715071 -0.008248
v -0.039311 0.718735 0.019247
v -0.008305 0.657669 0.010448
v 0.007198 0.596605 -0.011548
v 0.154473 0.641793 0.114930
v -0.537610 -1.184050 0.117129
v -0.474492 -1.182829 0.090734
v -0.414696 -1.160845 0.064339
v -0.424662 -1.158403 0.039043
v -0.373725 -1.116878 0.025845
v -0.363759 -1.120542 0.045642
v -0.323895 -1.075354 0.014848
v -0.316144 -1.077797 0.029145
v -0.278494 -1.033830 0.006049
v -0.267421 -1.037494 0.017047
v -0.329432 -1.074133 0.001650
v -0.285138 -1.032609 -0.004949
v 0.745789 0.636907 -0.296398
v 0.708140 0.675989 -0.206214
v 0.683778 0.664998 -0.272202
v 0.640592 0.693087 -0.183118
v 0.619553 0.679653 -0.243607
v 0.722535 0.685760 -0.136926
v 0.653880 0.705300 -0.121529
v 0.583011 0.711407 -0.098433
v 0.516571 0.707743 -0.070938
v 0.507712 0.691866 -0.129227
v 0.571938 0.697973 -0.156723
v -0.133434 -1.035051 -0.018147
v -0.150044 -1.019174 -0.015948
v -0.123468 -1.027723 -0.032444
v -0.145614 -1.017953 -0.032444
v -0.144507 -1.015511 -0.003850
v -0.135649 -1.013068 0.007149
v -0.123468 -1.010625 0.019247
v -0.114609 -1.024059 0.009348
v -0.111287 -1.008182 0.029145
v -0.101321 -1.017953 0.019247
v -0.101321 -1.003298 0.034644
v -0.089141 -1.005740 0.029145
v -0.083604 -0.993527 0.039043
v -0.074745 -1.008182 0.019247
v -0.065886 -0.993527 0.030245
v -0.054813 -0.993527 0.021446
v -0.039311 -0.983757 0.026945
v -0.042632 -0.984978 0.002750
v -0.022700 -0.981314 -0.002750
v -0.090247 -1.022838 0.008248
v -0.105750 -1.028945 -0.001650
v -0.126790 -1.027723 0.000550
v -0.135649 -1.028945 -0.007149
v -0.117931 -1.033830 -0.010448
v -0.060350 -1.003298 0.004949
v -0.081389 -1.021617 -0.004949
v -0.096892 -1.025281 -0.013748
v -0.110180 -1.025281 -0.022546
v 0.650559 0.655227 -0.335991
v 0.708140 0.629580 -0.365685
v 0.762399 0.590498 -0.390981
v 0.134541 0.491573 -0.058840
v 0.124575 0.484245 -0.085235
v 0.081389 0.512335 0.012648
v -0.123468 -1.027723 -0.032444
v -1.017086 -0.599047 -0.169920
v -0.992724 -0.668661 -0.163321
v -0.998261 -0.614925 -0.263404
v -0.975007 -0.682096 -0.251306
v -0.924070 -0.760259 -0.319493
v -0.891957 -0.767587 -0.399779
v -0.865381 -0.832316 -0.375584
v -0.826625 -0.835979 -0.449270
v -0.834376 -0.894602 -0.351388
v -0.798941 -0.898266 -0.422875
v -0.948431 -0.693087 -0.338190
v -0.912996 -0.701637 -0.422875
v -0.849878 -0.773693 -0.475666
v -0.779009 -0.840865 -0.518559
v -0.754647 -0.899487 -0.489963
v -0.676027 -0.956888 -0.527357
v -0.590762 -1.005740 -0.558151
v -0.702603 -0.900708 -0.554852
v -0.798941 -0.779799 -0.547153
v 0.152258 -1.190156 0.230409
v 0.173298 -1.195042 0.205114
v 0.121253 -1.152296 0.174319
v 0.135648 -1.155960 0.153423
v 0.079174 -1.101001 0.145724
v 0.090247 -1.103444 0.129227
v 0.052598 -1.057035 0.102832
v 0.060350 -1.061920 0.087434
v 0.028237 -1.024059 0.075336
v 0.037095 -1.032609 0.062139
v 0.022700 -1.013068 0.042343
v 0.021593 -1.013068 0.014848
v 0.002768 -0.992306 0.018147
v 0.004983 -0.999634 -0.021446
v -0.007198 -0.988642 -0.011548
v 0.104643 -1.148632 0.193016
v 0.066993 -1.099780 0.158922
v 0.042632 -1.054592 0.114930
v 0.017163 -1.017953 0.087434
v 0.004983 -0.998412 0.068738
v 0.009412 -0.998412 0.050041
v -0.009413 -0.980093 0.046742
v -0.016056 -0.981314 0.021446
v -0.029344 -0.975207 0.047841
v -0.057028 -0.982536 0.041243
v 0.082496 -0.414631 1.057463
v 0.060350 -0.342574 1.078359
v -0.021593 -0.360894 1.076159
v 0.051491 -1.099780 0.169920
v 0.020486 -1.053371 0.133626
v 0.003876 -1.055814 0.141325
v -0.006090 -1.011847 0.101732
v -0.022700 -1.014289 0.107231
v -0.039311 -0.986199 0.077536
v -0.060350 -0.992306 0.084135
v -0.048169 -0.977650 0.056640
v -0.069208 -0.982536 0.065439
v -0.076960 -0.983757 0.051141
v -0.097999 -0.986199 0.062139
v -0.105750 -0.993527 0.047841
v -0.116823 -0.984978 0.074237
v -0.124575 -0.987421 0.064339
v -0.021593 -0.983757 0.072037
v -0.006090 -0.989863 0.069838
v 0.006090 -1.014289 0.095133
v 0.032666 -1.053371 0.125927
v -0.121253 -0.998412 0.041243
v -0.133434 -0.992306 0.055540
v -0.133434 -0.999634 0.030245
v -0.204303 -1.022838 0.035743
v -0.247489 -1.039937 0.030245
v -0.218699 -1.046043 0.052241
v -0.254133 -1.061920 0.048941
v -0.255240 -1.076575 0.063239
v -0.293997 -1.093673 0.059939
v -0.279602 -1.102223 0.077536
v -0.313929 -1.143747 0.106131
v -0.287353 -1.149853 0.135826
v -0.356008 -1.182829 0.144625
v -0.328324 -1.187714 0.176518
v -0.379262 -1.206033 0.223810
v -0.349364 -1.206033 0.257904
v -0.435736 -1.202369 0.274402
v -0.401408 -1.202369 0.310695
v -0.453453 -1.179164 0.362386
v -0.410267 -1.176722 0.398679
v -0.502176 -1.144968 0.408577
v -0.454560 -1.142526 0.449270
v -0.495532 -1.099780 0.493263
v -0.437950 -1.098559 0.533955
v -0.533181 -1.048486 0.529557
v -0.471171 -1.049707 0.575748
v -0.499961 -0.994748 0.612042
v -0.402516 -1.052150 0.615341
v -0.425770 -0.999634 0.654934
v -0.342720 -1.004519 0.687928
v -0.446809 -0.943454 0.692327
v -0.359330 -0.950782 0.726422
v -0.372617 -0.893381 0.763815
v -0.272958 -0.899487 0.788011
v -0.385906 -0.833537 0.799009
v -0.284031 -0.842086 0.825404
v -0.295105 -0.783464 0.860598
v -0.184371 -0.790791 0.878195
v -0.308392 -0.721177 0.895791
v -0.198766 -0.729726 0.913388
v -0.215377 -0.664998 0.945283
v -0.080282 -0.730948 0.923286
v -0.104643 -0.667440 0.956281
v 0.006090 -0.655227 0.963979
v -0.588548 -1.046043 0.478966
v -0.547577 -1.099780 0.447071
v -0.544255 -1.143747 0.362386
v -0.492210 -1.180386 0.322793
v -0.465634 -1.198705 0.237008
v -0.408052 -1.202369 0.189716
v -0.380369 -1.174280 0.116030
v -0.336076 -1.135198 0.083035
v -0.303963 -1.083903 0.044542
v -0.316144 -1.077797 0.029145
v -0.267421 -1.037494 0.017047
v -0.351578 -1.126649 0.063239
v -0.400301 -1.166951 0.089634
v -0.434628 -1.195042 0.156723
v -0.493317 -1.192599 0.198515
v -0.525429 -1.177943 0.278800
v -0.580796 -1.140083 0.313994
v -0.592977 -1.096116 0.396480
v -0.637270 -1.042379 0.425075
v -0.623983 -0.987421 0.509760
v -0.566401 -0.991084 0.563650
v -0.594084 -0.931241 0.596644
v -0.524323 -0.937347 0.647236
v -0.544255 -0.876282 0.681329
v -0.463419 -0.884831 0.726422
v -0.617338 -0.867733 0.629639
v -0.680456 -0.860406 0.571349
v -0.654988 -0.925134 0.540554
v -0.708140 -0.917807 0.480065
v -0.676027 -0.981314 0.452570
v -0.678241 -1.036273 0.367885
v -0.631734 -1.092452 0.342589
v -0.612909 -1.136419 0.262304
v -0.554220 -1.171837 0.233709
v -0.517678 -1.187714 0.157822
v -0.456775 -1.187714 0.123728
v -0.414696 -1.160845 0.064339
v -0.363759 -1.120542 0.045642
v -0.187693 -1.035051 0.066538
v -0.233094 -1.071690 0.075336
v -0.205410 -1.066805 0.094033
v -0.255240 -1.108329 0.101732
v -0.227557 -1.107108 0.128127
v -0.260777 -1.149853 0.167720
v -0.299534 -1.187714 0.209513
v -0.272958 -1.182829 0.240307
v -0.317251 -1.203591 0.290898
v -0.364867 -1.199927 0.344789
v -0.326110 -1.197484 0.376684
v -0.364867 -1.174280 0.433873
v -0.402516 -1.141305 0.486664
v -0.346041 -1.141305 0.520758
v -0.374832 -1.099780 0.570249
v -0.325002 -1.055814 0.646136
v -0.238631 -1.059477 0.667032
v -0.250811 -1.009404 0.708825
v -0.153366 -1.009404 0.722022
v -0.160010 -0.958109 0.762715
v -0.048169 -1.004519 0.727521
v -0.048169 -0.953224 0.770414
v 0.070316 -0.941011 0.769314
v 0.083604 -0.884831 0.811107
v 0.179942 -0.933683 0.756116
v 0.203196 -0.873840 0.799009
v 0.224235 -0.812774 0.838602
v -0.184371 -1.060698 0.114930
v -0.205410 -1.101001 0.152323
v -0.236416 -1.142526 0.196315
v -0.171083 -1.053371 0.129227
v -0.187693 -1.094895 0.171020
v -0.214269 -1.136419 0.218311
v -0.246382 -1.177943 0.266702
v -0.284031 -1.199927 0.320593
v -0.249704 -1.197484 0.345889
v -0.282924 -1.195042 0.406378
v -0.315037 -1.173058 0.464668
v -0.259670 -1.173058 0.491063
v -0.282924 -1.141305 0.548253
v -0.305070 -1.102223 0.601043
v -0.225342 -1.104665 0.620840
v -0.141185 -1.102223 0.631838
v -0.145614 -1.058256 0.679129
v -0.049276 -1.053371 0.682429
v 0.044847 -1.048486 0.679129
v 0.058135 -0.995970 0.725322
v 0.156688 -0.991084 0.711024
v 0.244167 -0.997191 0.679129
v 0.275172 -0.942232 0.718723
v 0.133434 -1.046043 0.663732
v 0.110180 -1.094895 0.614241
v 0.030452 -1.096116 0.628538
v 0.013841 -1.137641 0.574648
v -0.061457 -1.138862 0.580147
v -0.003876 -1.169394 0.515259
v -0.069208 -1.169394 0.520758
v -0.075852 -1.188935 0.456969
v -0.131219 -1.190156 0.456969
v -0.129004 -1.190156 0.387682
v -0.185479 -1.192599 0.447071
v -0.171083 -1.192599 0.379983
v -0.210947 -1.193821 0.365685
v -0.189907 -1.171837 0.302996
v -0.218699 -1.173058 0.287599
v -0.235308 -1.192599 0.429474
v -0.199874 -1.173058 0.510859
v -0.213162 -1.142526 0.568050
v -0.137863 -1.141305 0.579048
v -0.054813 -1.098559 0.634038
v 0.091355 -0.826209 0.852899
v -0.049276 -0.844529 0.850700
v -0.060350 -0.789570 0.888093
v -0.173298 -0.848192 0.840801
v 0.078067 -0.771251 0.892492
v 0.042632 -0.713850 0.929886
v -0.322788 -0.655227 0.926586
v -0.338290 -0.584392 0.955181
v -0.424662 -0.640571 0.896891
v -0.411374 -0.707743 0.867197
v -0.398086 -0.772472 0.833102
v -0.492210 -0.759038 0.794609
v -0.477814 -0.822545 0.761615
v -0.437950 -0.569736 0.923286
v -0.518786 -0.624695 0.855099
v -0.505498 -0.694309 0.826504
v -0.577474 -0.746824 0.746218
v -0.561972 -0.812774 0.714324
v -0.532074 -0.553859 0.880394
v -0.606265 -0.611261 0.802308
v -0.591870 -0.679653 0.775913
v -0.654988 -0.734612 0.689028
v -0.637270 -0.801783 0.660433
v -0.620660 -0.540425 0.825404
v -0.688208 -0.596605 0.739619
v -0.671598 -0.666219 0.715423
v -0.723643 -0.724841 0.624140
v -0.703710 -0.793234 0.598844
v -0.735823 -0.853078 0.506460
v -0.784546 -0.846971 0.434973
v -0.754647 -0.911700 0.412977
v -0.795619 -0.906815 0.342589
v -0.757970 -0.971544 0.326092
v -0.829947 -0.903151 0.270002
v -0.791190 -0.967880 0.259004
v -0.855415 -0.901930 0.195216
v -0.815551 -0.967880 0.188616
v -0.761292 -0.785907 0.530656
v -0.784546 -0.717514 0.553752
v -0.743574 -0.655227 0.648335
v -0.761292 -0.584392 0.668132
v -0.703710 -0.525769 0.759416
v -0.719213 -0.453713 0.774813
v -0.637270 -0.468368 0.844100
v -0.652773 -0.393869 0.858398
v -0.563079 -0.406082 0.917788
v -0.468956 -0.419517 0.963979
v -0.547577 -0.481802 0.900191
v -0.452346 -0.495237 0.945283
v -0.165547 -0.904372 0.802308
v -0.047062 -0.899487 0.811107
v -0.262992 -0.955666 0.749518
v -0.474492 -1.182829 0.090734
v -0.537610 -1.184050 0.117129
v -0.600729 -1.165730 0.138025
v -0.580796 -1.168172 0.186417
v -0.640592 -1.133976 0.209513
v -0.694852 -1.085125 0.229309
v -0.666061 -1.088789 0.286499
v -0.714784 -1.032609 0.307395
v -0.719213 -0.975207 0.390981
v -0.769043 -1.028945 0.180918
v -0.745789 -1.030166 0.244707
v -0.716998 -1.085125 0.168820
v -0.661632 -1.131534 0.154523
v 0.489995 -1.081461 0.428374
v 0.433521 -1.074133 0.489963
v 0.384798 -1.119321 0.462468
v 0.333861 -1.157181 0.430574
v 0.322787 -1.109551 0.513059
v 0.277387 -1.148632 0.473466
v 0.175512 -1.175501 0.460268
v 0.119038 -1.173058 0.485564
v 0.084711 -1.195042 0.425075
v 0.032666 -1.192599 0.440472
v 0.052598 -1.197484 0.361286
v 0.007198 -1.196263 0.374484
v -0.038203 -1.191378 0.384382
v -0.055920 -1.174280 0.318393
v -0.083604 -1.188935 0.388781
v -0.093570 -1.170616 0.321693
v -0.127897 -1.169394 0.320593
v -0.160010 -1.170616 0.313994
v -0.172190 -1.130313 0.245807
v -0.193229 -1.132755 0.234809
v -0.020486 -1.188935 0.451470
v 0.058135 -1.171837 0.504261
v 0.084711 -1.137641 0.561451
v 0.152258 -1.138862 0.539454
v 0.184371 -1.096116 0.588945
v 0.256348 -1.101001 0.555952
v 0.215377 -1.048486 0.636237
v 0.293997 -1.055814 0.596644
v 0.330539 -1.006961 0.634038
v 0.410267 -1.017953 0.577948
v 0.124575 0.522106 0.055540
v 0.367081 -1.065584 0.547153
v 0.478922 -1.027723 0.516359
v 0.542040 -0.864069 0.651635
v 0.216483 -1.142526 0.509760
v 0.361544 -0.369443 1.013470
v 0.331646 -0.343796 1.028868
v 0.338290 -0.299829 1.036566
v -0.173298 -1.088789 0.184218
v -0.161117 -1.046043 0.139125
v -1.021515 0.479360 0.083035
v -1.051413 0.413410 0.097333
v -1.044769 0.406082 0.228209
v -1.074667 0.342574 0.110530
v -1.066915 0.334025 0.238108
v -1.093492 0.269296 0.121528
v -1.084633 0.259526 0.248006
v -1.095706 0.182584 0.256804
v -1.054735 0.242428 0.371184
v -1.063593 0.165486 0.376684
v -1.020408 0.390205 0.357986
v -1.039232 0.316927 0.365685
v -1.107887 0.193576 0.132527
v -1.120068 0.117856 0.144625
v -1.104565 0.104421 0.266702
v -1.126712 0.040913 0.155623
v -1.107887 0.025036 0.275501
v -1.105672 -0.055569 0.284300
v -1.071345 0.007938 0.389881
v -1.064701 -0.069004 0.397580
v -1.009335 -0.070225 0.508660
v -0.932929 -0.142281 0.618641
v -0.862059 -0.144724 0.715423
v -0.784546 -0.152052 0.803408
v -0.847664 -0.220445 0.715423
v -0.770150 -0.228994 0.801208
v -0.753541 -0.305935 0.795709
v -0.669383 -0.318148 0.868296
v -0.735823 -0.380435 0.786911
v -0.812229 -0.368222 0.706625
v -0.795619 -0.441500 0.697827
v -0.777901 -0.513556 0.684629
v -0.845449 -0.505008 0.603243
v -0.826625 -0.577064 0.590045
v -0.806692 -0.647900 0.573548
v -0.859844 -0.643014 0.493263
v -0.836590 -0.712628 0.476766
v -0.811122 -0.779799 0.456969
v -0.855415 -0.774915 0.377783
v -0.827731 -0.840865 0.360186
v -0.864274 -0.837201 0.282100
v -0.829947 -0.294944 0.713224
v -0.899708 -0.288837 0.620840
v -0.917426 -0.215559 0.620840
v -0.981651 -0.216780 0.520758
v -0.997154 -0.143503 0.515259
v -1.052520 -0.143503 0.405278
v -0.880883 -0.360894 0.617541
v -0.863166 -0.432951 0.612042
v -0.922962 -0.431729 0.519658
v -0.901923 -0.502565 0.515259
v -0.881991 -0.572179 0.505361
v -0.928499 -0.570957 0.414077
v -0.905245 -0.639350 0.405278
v -0.881991 -0.707743 0.393180
v -0.919640 -0.704079 0.304096
v -0.894172 -0.771251 0.294198
v -0.921855 -0.768808 0.206214
v -0.890850 -0.834758 0.200714
v -0.961719 -0.288837 0.522957
v -0.941787 -0.359673 0.522957
v -0.972792 -0.431729 0.422875
v -0.951753 -0.502565 0.419576
v -0.968363 -0.569736 0.317294
v -0.945109 -0.636908 0.311795
v -0.949538 -0.702858 0.211713
v -1.014871 -0.288837 0.419576
v -0.993832 -0.360894 0.421775
v -1.013764 -0.431729 0.320593
v -0.991617 -0.501343 0.320593
v -0.999368 -0.569736 0.218311
v -0.975007 -0.636908 0.215012
v -1.034803 -0.216780 0.412977
v -1.056949 -0.286395 0.312895
v -1.034803 -0.359673 0.318393
v -1.043662 -0.428065 0.218311
v -1.021515 -0.500122 0.219411
v -1.076882 -0.210674 0.304096
v -1.085741 -0.277846 0.207314
v -1.064701 -0.354787 0.215012
v -1.094599 -0.133732 0.293098
v -1.120068 -0.117856 0.180918
v -1.127819 -0.037250 0.168820
v -1.104565 -0.198461 0.195216
v 1.111209 -0.132511 -0.293098
v 0.958397 0.275403 0.548253
v -0.089141 -1.016732 0.124828
v -0.065886 -1.019174 0.120429
v -0.047062 -1.059477 0.154523
v -0.042632 -1.017953 0.113830
v -0.019378 -1.059477 0.147924
v -0.080282 -0.995970 0.092934
v -0.090247 -0.986199 0.075336
v -0.100214 -0.994748 0.100632
v -0.110180 -0.986199 0.085235
v -0.115717 -0.997191 0.109431
v -0.124575 -0.989863 0.098432
v -0.107965 -1.014289 0.129227
v -0.188801 -1.104665 -0.301897
v -0.236416 -1.142526 -0.340390
v -0.262992 -1.160845 -0.396480
v -0.328324 -1.166951 -0.430574
v -0.360437 -1.148632 -0.485564
v -0.436843 -1.124206 -0.498762
v -0.470063 -1.088789 -0.541654
v -0.557542 -1.053371 -0.529557
v 0.934035 0.505007 -0.254605
v 1.081311 -0.358451 -0.283200
v -0.594084 -0.183806 -0.959580
v -0.930713 0.590498 0.318393
v -1.068023 0.207010 -0.213912
v 1.053628 -0.480581 0.132527
v 0.935143 -0.123962 0.650535
v 0.339398 0.643014 -0.298598
v -0.287353 -1.046043 -0.052241
v 0.017163 -1.013068 -0.036843
v 0.034881 -1.035051 -0.059939
v 0.031559 -1.031387 -0.007149
v 0.045954 -1.052150 -0.030245
v 0.059242 -1.069248 -0.001650
v 0.068101 -1.087567 -0.052241
v 0.075852 -1.097337 -0.021446
v 0.106858 -1.138862 -0.033544
v 0.085818 -1.105887 -0.000550
v 0.111287 -1.138862 -0.001650
v 0.112394 -1.131534 0.029145
v 0.157795 -1.185271 -0.003850
v 0.160010 -1.180386 0.032444
v 0.219805 -1.221910 0.031344
v 0.218699 -1.217025 0.070937
v 0.291783 -1.243894 0.028045
v 0.289568 -1.240229 0.073137
v 0.365974 -1.240229 0.076436
v 0.284031 -1.235344 0.118229
v 0.358222 -1.236565 0.127027
v 0.344935 -1.231680 0.176518
v 0.431306 -1.219467 0.135826
v 0.416911 -1.214582 0.190816
v 0.502175 -1.187714 0.143525
v 0.484458 -1.184050 0.204014
v 0.548683 -1.142526 0.215012
v 0.158902 -1.173058 0.067638
v 0.111287 -1.121764 0.059939
v 0.079174 -1.092452 0.019247
v 0.050384 -1.052150 0.020346
v 0.074745 -1.080239 0.043442
v 0.068101 -1.068027 0.067638
v 0.106858 -1.113214 0.087434
v 0.154473 -1.166951 0.099532
v 0.214269 -1.210919 0.109431
v 0.205410 -1.206033 0.144625
v 0.272957 -1.230459 0.161121
v 0.257455 -1.225574 0.201814
v 0.327217 -1.228017 0.226010
v 0.394765 -1.210919 0.246907
v 0.100214 -1.107108 0.110530
v 0.146722 -1.160845 0.128127
v 0.191015 -1.199927 0.176518
v 0.235308 -1.220689 0.239208
v 0.043739 -1.039937 0.042343
v 0.061457 -1.075354 -0.085235
v 0.102428 -1.135198 -0.069838
v 0.095784 -1.129091 -0.102832
v 0.142292 -1.181607 -0.113830
v 0.148936 -1.185271 -0.078636
v 0.199874 -1.223131 -0.130327
v 0.207625 -1.226796 -0.091834
v 0.266313 -1.245115 -0.152323
v 0.277387 -1.247557 -0.108331
v 0.350471 -1.248779 -0.125928
v 0.285138 -1.250000 -0.062139
v 0.361544 -1.250000 -0.076436
v 0.289568 -1.248779 -0.017047
v 0.368188 -1.248779 -0.025845
v 0.368188 -1.243894 0.024745
v 0.444594 -1.226796 0.023646
v 0.441272 -1.223131 0.079736
v 0.516571 -1.195042 0.020346
v 0.513249 -1.191378 0.081936
v 0.581904 -1.153517 0.018147
v 0.578581 -1.149853 0.084135
v 0.639485 -1.099780 0.084135
v 0.567508 -1.146189 0.149023
v 0.628411 -1.096116 0.153423
v 0.607372 -1.093673 0.223810
v 0.695959 -1.046043 0.083035
v 0.698174 -1.052150 0.007149
v 0.692637 -1.059477 -0.068738
v 0.744682 -1.006961 -0.079736
v 0.730286 -1.014289 -0.158922
v 0.707032 -1.019174 -0.237008
v 0.755755 -0.965437 -0.253505
v 0.725857 -0.965437 -0.331591
v 0.679349 -1.066805 -0.144625
v 0.626197 -1.115657 -0.129227
v 0.638378 -1.109551 -0.057740
v 0.578581 -1.157181 -0.048941
v 0.514356 -1.198705 -0.041243
v 0.567508 -1.160845 -0.116030
v 0.504390 -1.199927 -0.102832
v 0.549791 -1.160845 -0.182018
v 0.487780 -1.198705 -0.164421
v 0.466741 -1.196263 -0.223811
v 0.421341 -1.229238 -0.145724
v 0.403623 -1.226796 -0.200714
v 0.336076 -1.246336 -0.175419
v 0.605157 -1.118100 -0.200714
v 0.657202 -1.070469 -0.219411
v 0.628411 -1.069248 -0.291998
v 0.678241 -1.019174 -0.312895
v 0.578581 -1.116878 -0.270002
v 0.524323 -1.159624 -0.246907
v 0.968363 -0.710185 -0.130327
v 0.435736 -1.230459 -0.089634
v 0.443487 -1.230459 -0.033544
v -0.792297 0.755374 0.233709
v 1.102350 0.088544 -0.272202
v -0.615124 0.141060 0.955181
v 1.126712 0.106863 0.039043
v 0.802263 0.067782 0.794609
v 1.025944 -0.313263 0.429474
v -0.838805 0.374328 0.695627
v -0.333861 -0.122741 1.079459
v -0.908567 0.315706 -0.537255
v 0.648344 0.512335 0.740719
v 0.739145 0.533097 0.635138
v 0.808907 0.490352 0.596644
v 0.573045 0.540425 0.778112
v 0.213162 -1.228017 -0.051141
v 0.153366 -1.187714 -0.041243
v 0.217591 -1.226796 -0.009348
v 0.121253 0.475696 -0.000550
v 1.046984 0.307157 -0.263404
v 1.089062 0.082438 0.321693
v 1.131141 -0.120298 0.026945
v -0.762399 0.581949 0.628538
v -0.134541 -1.170616 0.520758
v -0.537610 0.820103 -0.344789
v 0.446809 0.678432 -0.454770
v -0.107965 0.914143 0.389881
v -0.164439 0.919027 0.355787
v -0.216483 0.919027 0.416276
v -0.215377 0.921470 0.315094
v -0.272957 0.920249 0.372284
v -0.157795 0.908036 0.260104
v -0.260777 0.921470 0.268902
v -0.153366 0.915364 0.453670
v -0.198766 0.904372 0.517459
v 0.642807 -1.104665 0.013748
v 1.076882 0.330362 0.036843
v 1.032589 0.327919 0.324993
v -1.070238 0.087323 0.383282
v 0.749111 0.334025 0.767114
v 0.124575 0.484245 -0.085235
# num_vertices: 3490

vt 0.858799 0.495766
vt 0.855564 0.495088
vt 0.859692 0.493505
vt 0.857460 0.492148
vt 0.861365 0.490566
vt 0.857237 0.487513
vt 0.860696 0.487061
vt 0.860361 0.481408
vt 0.851548 0.494183
vt 0.852552 0.491470
vt 0.853667 0.487513
vt 0.854671 0.481521
vt 0.850432 0.486835
vt 0.852105 0.481182
vt 0.849540 0.480504
vt 0.852998 0.473155
vt 0.850655 0.473042
vt 0.850655 0.463433
vt 0.848536 0.463433
vt 0.849763 0.453032
vt 0.847978 0.453145
vt 0.847308 0.442631
vt 0.855341 0.473042
vt 0.852775 0.463320
vt 0.851659 0.452919
vt 0.848982 0.442518
vt 0.847978 0.432004
vt 0.846416 0.432230
vt 0.844631 0.421942
vt 0.846416 0.421603
vt 0.849651 0.431778
vt 0.850655 0.442405
vt 0.853444 0.452806
vt 0.854894 0.463094
vt 0.856903 0.462980
vt 0.857795 0.472929
vt 0.859134 0.462641
vt 0.860361 0.472816
vt 0.855229 0.452579
vt 0.852217 0.442292
vt 0.851213 0.431664
vt 0.848201 0.421377
vt 0.846304 0.411089
vt 0.844073 0.411541
vt 0.840949 0.401818
vt 0.838272 0.402723
vt 0.837380 0.393000
vt 0.834144 0.394244
vt 0.830240 0.387234
vt 0.833921 0.386443
vt 0.840726 0.391869
vt 0.843738 0.401027
vt 0.848424 0.410636
vt 0.850097 0.421037
vt 0.852886 0.431438
vt 0.853890 0.442065
vt 0.857014 0.452353
vt 0.832248 0.382260
vt 0.837714 0.384747
vt 0.844185 0.390965
vt 0.846527 0.400349
vt 0.850655 0.410297
vt 0.851882 0.420811
vt 0.854448 0.431325
vt 0.855452 0.441952
vt 0.828901 0.380903
vt 0.832582 0.376381
vt 0.835037 0.379886
vt 0.839499 0.377851
vt 0.841842 0.383277
vt 0.846081 0.382486
vt 0.847755 0.390287
vt 0.844408 0.376946
vt 0.850209 0.382373
vt 0.849316 0.376946
vt 0.843850 0.372763
vt 0.848424 0.373442
vt 0.837937 0.373555
vt 0.560488 0.916892
vt 0.561380 0.914179
vt 0.569970 0.922997
vt 0.569301 0.919379
vt 0.575994 0.923223
vt 0.575994 0.921301
vt 0.581907 0.925824
vt 0.581684 0.924015
vt 0.586146 0.925032
vt 0.581572 0.922432
vt 0.585589 0.923336
vt 0.581572 0.920849
vt 0.585254 0.921867
vt 0.585031 0.920510
vt 0.587708 0.922093
vt 0.587374 0.920849
vt 0.589159 0.920623
vt 0.589047 0.919040
vt 0.591390 0.919945
vt 0.591055 0.918475
vt 0.594513 0.918362
vt 0.593956 0.917005
vt 0.598306 0.913614
vt 0.593732 0.915762
vt 0.597079 0.912596
vt 0.595629 0.911918
vt 0.602992 0.907509
vt 0.601319 0.906491
vt 0.607901 0.899595
vt 0.605558 0.898125
vt 0.614706 0.891568
vt 0.611471 0.889759
vt 0.617049 0.880828
vt 0.612251 0.878680
vt 0.622515 0.872010
vt 0.616602 0.869410
vt 0.621288 0.860478
vt 0.614148 0.857878
vt 0.626085 0.851773
vt 0.618164 0.848834
vt 0.622180 0.839903
vt 0.612921 0.837189
vt 0.626085 0.831310
vt 0.615821 0.828258
vt 0.618276 0.819553
vt 0.607231 0.816387
vt 0.620507 0.810848
vt 0.608793 0.807343
vt 0.610690 0.798299
vt 0.598864 0.794794
vt 0.613144 0.789593
vt 0.601095 0.785637
vt 0.604108 0.776705
vt 0.591948 0.772635
vt 0.607678 0.767887
vt 0.595406 0.763478
vt 0.599422 0.754434
vt 0.587039 0.749798
vt 0.591167 0.740528
vt 0.574544 0.745276
vt 0.578226 0.735667
vt 0.564950 0.731031
vt 0.568408 0.721196
vt 0.551451 0.726622
vt 0.554352 0.716221
vt 0.540184 0.711134
vt 0.542861 0.700394
vt 0.525904 0.706047
vt 0.528135 0.694402
vt 0.511513 0.701298
vt 0.513298 0.688636
vt 0.497010 0.697907
vt 0.498906 0.684114
vt 0.482396 0.696098
vt 0.484404 0.681740
vt 0.466666 0.695533
vt 0.468785 0.680949
vt 0.588154 0.923336
vt 0.590497 0.923223
vt 0.589716 0.921867
vt 0.593286 0.922545
vt 0.591948 0.921301
vt 0.597191 0.920849
vt 0.595183 0.919719
vt 0.603550 0.918023
vt 0.600872 0.916440
vt 0.608682 0.911692
vt 0.599534 0.914857
vt 0.606339 0.909996
vt 0.604554 0.908639
vt 0.612028 0.902421
vt 0.610020 0.900952
vt 0.617495 0.893377
vt 0.625304 0.885576
vt 0.621399 0.883089
vt 0.627981 0.874723
vt 0.634675 0.866696
vt 0.628093 0.863531
vt 0.633783 0.855165
vt 0.639584 0.846912
vt 0.631105 0.843181
vt 0.636014 0.834815
vt 0.640588 0.826562
vt 0.629432 0.822944
vt 0.632444 0.814691
vt 0.635010 0.806325
vt 0.622627 0.802369
vt 0.625304 0.793890
vt 0.628539 0.785524
vt 0.616379 0.781001
vt 0.620061 0.772409
vt 0.624077 0.763930
vt 0.611694 0.759182
vt 0.616156 0.750477
vt 0.603661 0.745502
vt 0.608124 0.736684
vt 0.595406 0.731484
vt 0.582242 0.726283
vt 0.586258 0.717126
vt 0.572090 0.711699
vt 0.557476 0.706160
vt 0.560934 0.696324
vt 0.546208 0.689993
vt 0.531147 0.683210
vt 0.535387 0.672356
vt 0.516421 0.676313
vt 0.520995 0.664556
vt 0.502142 0.670435
vt 0.506939 0.657320
vt 0.487751 0.667156
vt 0.492548 0.652572
vt 0.471909 0.666138
vt 0.476595 0.651102
vt 0.614260 0.904117
vt 0.623184 0.897786
vt 0.620172 0.895412
vt 0.628985 0.888403
vt 0.637910 0.881506
vt 0.633113 0.877889
vt 0.640922 0.870427
vt 0.648285 0.862852
vt 0.641146 0.858783
vt 0.647616 0.850869
vt 0.654086 0.842955
vt 0.645273 0.838659
vt 0.650963 0.830519
vt 0.656206 0.822492
vt 0.644492 0.818535
vt 0.647728 0.810395
vt 0.650628 0.802256
vt 0.637687 0.798073
vt 0.640922 0.789933
vt 0.644604 0.781680
vt 0.632221 0.777158
vt 0.636460 0.768792
vt 0.640922 0.760539
vt 0.628539 0.755564
vt 0.633336 0.747311
vt 0.620730 0.742111
vt 0.625639 0.733858
vt 0.612809 0.728205
vt 0.599757 0.722552
vt 0.604219 0.713847
vt 0.590274 0.708082
vt 0.575771 0.702316
vt 0.579676 0.693158
vt 0.564950 0.686714
vt 0.550113 0.679931
vt 0.554798 0.669982
vt 0.540518 0.661842
vt 0.526685 0.653250
vt 0.533379 0.642171
vt 0.513075 0.644771
vt 0.520214 0.632901
vt 0.498683 0.638440
vt 0.506158 0.624987
vt 0.482619 0.636066
vt 0.489759 0.621143
vt 0.848312 0.472816
vt 0.847085 0.479825
vt 0.847197 0.485139
vt 0.844296 0.484348
vt 0.844408 0.488983
vt 0.838941 0.487965
vt 0.848647 0.490566
vt 0.847420 0.493053
vt 0.843181 0.491809
vt 0.837714 0.491357
vt 0.842065 0.494296
vt 0.837268 0.494070
vt 0.836822 0.496444
vt 0.831132 0.495314
vt 0.832694 0.498592
vt 0.825108 0.502210
vt 0.829013 0.506506
vt 0.814621 0.506167
vt 0.819530 0.511594
vt 0.808486 0.516455
vt 0.816072 0.522899
vt 0.796660 0.520638
vt 0.805696 0.528439
vt 0.794541 0.532396
vt 0.806589 0.541327
vt 0.782046 0.535561
vt 0.795545 0.546075
vt 0.767878 0.537822
vt 0.781823 0.549467
vt 0.752259 0.539631
vt 0.764419 0.550936
vt 0.736752 0.541892
vt 0.747351 0.552745
vt 0.731732 0.555798
vt 0.741773 0.565973
vt 0.717341 0.559755
vt 0.726712 0.569590
vt 0.712432 0.574113
vt 0.721803 0.583383
vt 0.707970 0.587905
vt 0.731398 0.592766
vt 0.717564 0.597063
vt 0.727381 0.606220
vt 0.714552 0.610855
vt 0.736641 0.615716
vt 0.724146 0.619786
vt 0.732513 0.628944
vt 0.712544 0.624761
vt 0.721134 0.633353
vt 0.710647 0.638666
vt 0.727158 0.642397
vt 0.716895 0.647145
vt 0.720353 0.655398
vt 0.712990 0.657546
vt 0.720799 0.663199
vt 0.710871 0.662860
vt 0.719907 0.670887
vt 0.708193 0.669643
vt 0.718233 0.678801
vt 0.705293 0.676879
vt 0.702392 0.683888
vt 0.693802 0.671904
vt 0.690232 0.678688
vt 0.683204 0.664895
vt 0.678853 0.672017
vt 0.667474 0.664443
vt 0.674613 0.679253
vt 0.662788 0.672130
vt 0.670709 0.686714
vt 0.658326 0.679818
vt 0.654086 0.687619
vt 0.645831 0.672696
vt 0.641146 0.680609
vt 0.632779 0.665347
vt 0.627870 0.673487
vt 0.613590 0.666138
vt 0.622850 0.681514
vt 0.608458 0.674278
vt 0.618053 0.689428
vt 0.603438 0.682418
vt 0.598753 0.690784
vt 0.588712 0.675296
vt 0.584027 0.684114
vt 0.574210 0.667947
vt 0.569301 0.677331
vt 0.594402 0.699263
vt 0.608682 0.705481
vt 0.622292 0.711812
vt 0.617495 0.719839
vt 0.630547 0.725831
vt 0.643600 0.731597
vt 0.638357 0.739284
vt 0.651186 0.744711
vt 0.645943 0.752512
vt 0.658549 0.757712
vt 0.653529 0.765513
vt 0.648843 0.773540
vt 0.661673 0.778288
vt 0.657545 0.786202
vt 0.653863 0.794229
vt 0.667362 0.798751
vt 0.664015 0.806665
vt 0.660445 0.814578
vt 0.672494 0.819214
vt 0.666804 0.827014
vt 0.660445 0.834928
vt 0.669259 0.840016
vt 0.662342 0.847703
vt 0.655425 0.855278
vt 0.662900 0.860252
vt 0.654979 0.867488
vt 0.646724 0.874497
vt 0.652078 0.879245
vt 0.642596 0.885576
vt 0.632890 0.891681
vt 0.637129 0.895751
vt 0.626977 0.901065
vt 0.617272 0.906378
vt 0.621176 0.909770
vt 0.611805 0.914066
vt 0.614817 0.917458
vt 0.606004 0.920284
vt 0.617272 0.921414
vt 0.607901 0.923223
vt 0.609016 0.926276
vt 0.601653 0.927293
vt 0.609686 0.928989
vt 0.602769 0.929780
vt 0.603550 0.932155
vt 0.598418 0.930459
vt 0.599422 0.932833
vt 0.596521 0.933285
vt 0.597079 0.935772
vt 0.593844 0.933624
vt 0.594402 0.935998
vt 0.590497 0.933737
vt 0.591167 0.935998
vt 0.586146 0.935659
vt 0.591055 0.938486
vt 0.586481 0.938146
vt 0.586146 0.940747
vt 0.582911 0.939729
vt 0.584919 0.943799
vt 0.580792 0.940747
vt 0.624969 0.914179
vt 0.635456 0.909996
vt 0.631328 0.905248
vt 0.641592 0.900273
vt 0.652078 0.894960
vt 0.647281 0.890098
vt 0.657433 0.884107
vt 0.667251 0.877776
vt 0.661226 0.872462
vt 0.669928 0.865566
vt 0.678183 0.858443
vt 0.670374 0.852904
vt 0.677849 0.845555
vt 0.685212 0.838207
vt 0.676175 0.832328
vt 0.682869 0.824753
vt 0.688893 0.816953
vt 0.677291 0.811413
vt 0.681196 0.803612
vt 0.685100 0.795924
vt 0.670932 0.790950
vt 0.675060 0.783376
vt 0.679522 0.775801
vt 0.666358 0.770600
vt 0.671490 0.763026
vt 0.676956 0.755564
vt 0.664015 0.750138
vt 0.669593 0.742789
vt 0.656541 0.737136
vt 0.662007 0.729788
vt 0.648843 0.724022
vt 0.635567 0.718030
vt 0.640476 0.710456
vt 0.627089 0.704012
vt 0.613256 0.697341
vt 0.628093 0.918927
vt 0.629990 0.922771
vt 0.618722 0.924919
vt 0.619614 0.927745
vt 0.620395 0.930233
vt 0.610355 0.931363
vt 0.610913 0.933737
vt 0.603996 0.934529
vt 0.604219 0.937129
vt 0.599868 0.935207
vt 0.600091 0.938033
vt 0.597191 0.938486
vt 0.594290 0.938599
vt 0.593732 0.941877
vt 0.590274 0.941538
vt 0.639026 0.914857
vt 0.649847 0.910335
vt 0.645831 0.905248
vt 0.656652 0.900160
vt 0.667697 0.894960
vt 0.662677 0.889420
vt 0.673052 0.883428
vt 0.682980 0.877210
vt 0.676622 0.871218
vt 0.685658 0.864548
vt 0.694248 0.857652
vt 0.686216 0.851434
vt 0.694137 0.844199
vt 0.701723 0.836624
vt 0.692463 0.830632
vt 0.699157 0.822831
vt 0.705181 0.814691
vt 0.693913 0.809039
vt 0.698487 0.801125
vt 0.702950 0.793211
vt 0.689116 0.788350
vt 0.693467 0.780662
vt 0.698153 0.772975
vt 0.684542 0.768226
vt 0.690009 0.760652
vt 0.695698 0.753190
vt 0.682646 0.748103
vt 0.688447 0.740754
vt 0.675283 0.735441
vt 0.680749 0.728205
vt 0.667362 0.722665
vt 0.653863 0.716561
vt 0.658549 0.709325
vt 0.645162 0.702881
vt 0.631886 0.696211
vt 0.636572 0.688523
vt 0.641703 0.919379
vt 0.643934 0.923562
vt 0.631328 0.925937
vt 0.632555 0.929215
vt 0.633671 0.932720
vt 0.621176 0.932946
vt 0.621734 0.935772
vt 0.611359 0.936225
vt 0.604331 0.940860
vt 0.600203 0.941651
vt 0.604554 0.945721
vt 0.600091 0.946286
vt 0.653306 0.915423
vt 0.664908 0.911240
vt 0.660892 0.905587
vt 0.672382 0.900839
vt 0.683761 0.895638
vt 0.678630 0.889420
vt 0.689116 0.883541
vt 0.699603 0.877210
vt 0.692798 0.870766
vt 0.702057 0.863983
vt 0.711094 0.856634
vt 0.702727 0.850417
vt 0.710871 0.842729
vt 0.718680 0.834928
vt 0.709086 0.828823
vt 0.715668 0.820683
vt 0.721803 0.812543
vt 0.710536 0.806665
vt 0.715668 0.798525
vt 0.720688 0.790498
vt 0.707524 0.785297
vt 0.712209 0.777610
vt 0.717341 0.769809
vt 0.703396 0.765400
vt 0.708974 0.757712
vt 0.714440 0.749798
vt 0.701388 0.745502
vt 0.706854 0.737702
vt 0.694025 0.733180
vt 0.699268 0.725492
vt 0.685769 0.720857
vt 0.672159 0.715430
vt 0.676287 0.708082
vt 0.662900 0.701864
vt 0.649736 0.695306
vt 0.690009 0.713395
vt 0.693467 0.705820
vt 0.679857 0.700620
vt 0.683204 0.693045
vt 0.686662 0.685810
vt 0.703842 0.717691
vt 0.716895 0.721309
vt 0.712098 0.729562
vt 0.724592 0.733406
vt 0.719684 0.741772
vt 0.732625 0.745728
vt 0.727828 0.753981
vt 0.722696 0.762008
vt 0.736083 0.766644
vt 0.730840 0.774670
vt 0.725708 0.782584
vt 0.738426 0.788011
vt 0.732959 0.796264
vt 0.727493 0.804404
vt 0.738984 0.810395
vt 0.732736 0.818648
vt 0.725931 0.826901
vt 0.735972 0.833232
vt 0.728051 0.841372
vt 0.719795 0.849173
vt 0.728497 0.855843
vt 0.719238 0.863305
vt 0.709643 0.870427
vt 0.716672 0.877323
vt 0.705962 0.883994
vt 0.694917 0.890098
vt 0.700161 0.897108
vt 0.688559 0.902308
vt 0.676733 0.906944
vt 0.680638 0.913388
vt 0.668366 0.917118
vt 0.656318 0.920623
vt 0.658772 0.925824
vt 0.645719 0.927859
vt 0.707635 0.709890
vt 0.710759 0.702090
vt 0.696591 0.698359
vt 0.699603 0.691010
vt 0.721134 0.712943
vt 0.733517 0.715882
vt 0.729278 0.724700
vt 0.741438 0.727979
vt 0.737087 0.737023
vt 0.749693 0.740754
vt 0.745566 0.749685
vt 0.740992 0.758278
vt 0.754156 0.762913
vt 0.749247 0.771392
vt 0.743892 0.779758
vt 0.756499 0.785184
vt 0.750809 0.793663
vt 0.745008 0.802029
vt 0.756722 0.808134
vt 0.750251 0.816613
vt 0.743334 0.824979
vt 0.753486 0.831876
vt 0.745566 0.840129
vt 0.737199 0.848155
vt 0.746012 0.855504
vt 0.736752 0.863079
vt 0.726935 0.870314
vt 0.733852 0.878115
vt 0.722919 0.884785
vt 0.711540 0.891229
vt 0.716672 0.898917
vt 0.704846 0.904456
vt 0.692798 0.909318
vt 0.696591 0.916666
vt 0.683985 0.920171
vt 0.671490 0.923223
vt 0.673944 0.929554
vt 0.660780 0.931250
vt 0.647170 0.932268
vt 0.648174 0.936790
vt 0.634452 0.936225
vt 0.622069 0.939164
vt 0.611582 0.939729
vt 0.724592 0.704577
vt 0.727270 0.696098
vt 0.713436 0.694402
vt 0.715891 0.686827
vt 0.737087 0.706612
vt 0.748801 0.708760
vt 0.745343 0.718596
vt 0.757056 0.721535
vt 0.753486 0.731371
vt 0.765646 0.735214
vt 0.762300 0.744824
vt 0.758507 0.754094
vt 0.771559 0.758843
vt 0.767097 0.768000
vt 0.762077 0.776705
vt 0.774906 0.782471
vt 0.769105 0.791176
vt 0.762969 0.799655
vt 0.774906 0.806552
vt 0.768101 0.815031
vt 0.761073 0.823510
vt 0.771448 0.831310
vt 0.763304 0.839563
vt 0.754937 0.847590
vt 0.763750 0.855956
vt 0.754267 0.863644
vt 0.744339 0.871105
vt 0.751144 0.879811
vt 0.739988 0.886594
vt 0.728385 0.892925
vt 0.733182 0.901630
vt 0.721134 0.907170
vt 0.708974 0.912257
vt 0.712655 0.920623
vt 0.699938 0.924354
vt 0.686885 0.927293
vt 0.689228 0.934868
vt 0.675618 0.936225
vt 0.662007 0.936790
vt 0.662565 0.942556
vt 0.648620 0.941312
vt 0.634898 0.939842
vt 0.635010 0.944364
vt 0.622292 0.943686
vt 0.739988 0.697341
vt 0.742219 0.687958
vt 0.729613 0.687732
vt 0.731398 0.679027
vt 0.732178 0.670095
vt 0.751813 0.698698
vt 0.763192 0.700733
vt 0.760292 0.711247
vt 0.771559 0.714413
vt 0.768770 0.725040
vt 0.780707 0.728883
vt 0.778141 0.739284
vt 0.775129 0.749346
vt 0.788182 0.753981
vt 0.784723 0.764043
vt 0.780149 0.773540
vt 0.793090 0.779306
vt 0.787512 0.788689
vt 0.781376 0.797733
vt 0.793313 0.804969
vt 0.786285 0.814013
vt 0.779034 0.822718
vt 0.789520 0.831084
vt 0.781376 0.839789
vt 0.772786 0.848042
vt 0.781711 0.857200
vt 0.771894 0.865114
vt 0.761742 0.872575
vt 0.768435 0.882411
vt 0.757056 0.889307
vt 0.745231 0.895751
vt 0.749916 0.905587
vt 0.737533 0.911013
vt 0.725150 0.916101
vt 0.728720 0.925710
vt 0.715779 0.929554
vt 0.702615 0.932607
vt 0.704512 0.941312
vt 0.690567 0.942669
vt 0.676622 0.943008
vt 0.676510 0.950017
vt 0.662342 0.948547
vt 0.648508 0.946399
vt 0.754044 0.688636
vt 0.755494 0.678235
vt 0.743781 0.678461
vt 0.744339 0.668626
vt 0.743781 0.658564
vt 0.732178 0.661051
vt 0.730840 0.651668
vt 0.765535 0.689993
vt 0.776691 0.692141
vt 0.774348 0.703446
vt 0.785616 0.706612
vt 0.783161 0.717917
vt 0.795210 0.721422
vt 0.793202 0.732614
vt 0.790971 0.743467
vt 0.803912 0.747650
vt 0.801234 0.758730
vt 0.797664 0.769357
vt 0.810494 0.775010
vt 0.805696 0.785524
vt 0.799784 0.795472
vt 0.811721 0.802821
vt 0.804692 0.812656
vt 0.797329 0.822040
vt 0.807928 0.830745
vt 0.799672 0.840016
vt 0.790859 0.848834
vt 0.799784 0.858669
vt 0.789855 0.867149
vt 0.779368 0.875062
vt 0.785839 0.885689
vt 0.774125 0.892925
vt 0.762188 0.899595
vt 0.766762 0.910448
vt 0.754044 0.916101
vt 0.741326 0.921188
vt 0.744896 0.931815
vt 0.731732 0.935772
vt 0.718233 0.939051
vt 0.720018 0.948887
vt 0.705404 0.950243
vt 0.690901 0.950695
vt 0.766874 0.678914
vt 0.767097 0.667608
vt 0.755829 0.667608
vt 0.755160 0.656755
vt 0.753486 0.645902
vt 0.741996 0.648389
vt 0.738426 0.638553
vt 0.778030 0.680383
vt 0.789074 0.682644
vt 0.787735 0.694854
vt 0.799114 0.697907
vt 0.797218 0.709890
vt 0.809601 0.713282
vt 0.807816 0.724927
vt 0.806031 0.736345
vt 0.819195 0.741093
vt 0.816964 0.752625
vt 0.814175 0.764043
vt 0.827451 0.770487
vt 0.823211 0.781793
vt 0.817968 0.792533
vt 0.830128 0.800447
vt 0.823323 0.810961
vt 0.815848 0.821022
vt 0.826558 0.830406
vt 0.818080 0.840355
vt 0.809155 0.849738
vt 0.818080 0.860591
vt 0.807928 0.869523
vt 0.797106 0.877889
vt 0.803577 0.889533
vt 0.791640 0.897108
vt 0.779368 0.904004
vt 0.784389 0.915536
vt 0.771224 0.921641
vt 0.758060 0.927067
vt 0.761965 0.938373
vt 0.748132 0.942895
vt 0.734187 0.946286
vt 0.778141 0.668287
vt 0.777583 0.655964
vt 0.766427 0.655964
vt 0.764977 0.644319
vt 0.762300 0.633240
vt 0.750251 0.635501
vt 0.744673 0.625326
vt 0.789186 0.669982
vt 0.800565 0.672696
vt 0.800230 0.685471
vt 0.812167 0.689088
vt 0.811051 0.701411
vt 0.823992 0.705707
vt 0.822654 0.717691
vt 0.820980 0.729449
vt 0.834702 0.735214
vt 0.832917 0.747198
vt 0.830574 0.758956
vt 0.844408 0.765852
vt 0.840726 0.777836
vt 0.835929 0.789367
vt 0.848647 0.797620
vt 0.842177 0.809152
vt 0.834702 0.820118
vt 0.845412 0.830180
vt 0.836599 0.840920
vt 0.827562 0.851095
vt 0.836599 0.862626
vt 0.826112 0.872349
vt 0.815179 0.881280
vt 0.822207 0.893377
vt 0.809936 0.901517
vt 0.797329 0.908865
vt 0.803131 0.920849
vt 0.789520 0.927406
vt 0.775798 0.933172
vt 0.788739 0.657207
vt 0.787958 0.644545
vt 0.776468 0.643754
vt 0.774348 0.631883
vt 0.769886 0.620465
vt 0.757168 0.622500
vt 0.749693 0.612325
vt 0.740880 0.602376
vt 0.800230 0.659921
vt 0.812390 0.663764
vt 0.812613 0.676539
vt 0.825331 0.680836
vt 0.824885 0.693385
vt 0.838160 0.698020
vt 0.837380 0.710569
vt 0.836264 0.723005
vt 0.849986 0.728318
vt 0.848759 0.741093
vt 0.846974 0.753529
vt 0.861030 0.759860
vt 0.858130 0.772861
vt 0.853890 0.785524
vt 0.866831 0.793324
vt 0.860807 0.806325
vt 0.853556 0.818648
vt 0.864377 0.828484
vt 0.855564 0.840694
vt 0.846304 0.851999
vt 0.855675 0.863418
vt 0.845189 0.874384
vt 0.833921 0.884333
vt 0.841954 0.896316
vt 0.829459 0.905474
vt 0.816518 0.913614
vt 0.799672 0.647032
vt 0.798222 0.634031
vt 0.786285 0.631996
vt 0.782380 0.620126
vt 0.776802 0.608594
vt 0.763192 0.609725
vt 0.755048 0.599324
vt 0.811944 0.650876
vt 0.824773 0.655398
vt 0.825108 0.668173
vt 0.838607 0.672809
vt 0.838607 0.685358
vt 0.852663 0.690332
vt 0.851882 0.702881
vt 0.851101 0.715543
vt 0.865493 0.720857
vt 0.864377 0.733632
vt 0.863038 0.746746
vt 0.877764 0.752964
vt 0.875198 0.766417
vt 0.871628 0.779984
vt 0.885016 0.787785
vt 0.879326 0.801690
vt 0.872409 0.815370
vt 0.883565 0.825319
vt 0.874864 0.838885
vt 0.865604 0.851547
vt 0.875756 0.862739
vt 0.865158 0.874949
vt 0.853890 0.886142
vt 0.810828 0.637762
vt 0.808709 0.624874
vt 0.795321 0.621595
vt 0.790859 0.609272
vt 0.784835 0.597176
vt 0.769551 0.597289
vt 0.761073 0.586549
vt 0.745900 0.589149
vt 0.751701 0.576147
vt 0.736306 0.579313
vt 0.823992 0.642623
vt 0.838160 0.648163
vt 0.838607 0.660486
vt 0.853444 0.666138
vt 0.853221 0.678235
vt 0.868839 0.684227
vt 0.867835 0.696211
vt 0.866608 0.708308
vt 0.882673 0.714865
vt 0.881111 0.727188
vt 0.879549 0.739850
vt 0.895614 0.746633
vt 0.892825 0.759973
vt 0.889478 0.773766
vt 0.903535 0.782019
vt 0.898068 0.796603
vt 0.891375 0.811074
vt 0.903311 0.820909
vt 0.894833 0.835493
vt 0.885685 0.849512
vt 0.822765 0.629735
vt 0.820422 0.616847
vt 0.805362 0.611986
vt 0.800676 0.599437
vt 0.794652 0.587227
vt 0.777249 0.585644
vt 0.768324 0.574565
vt 0.837380 0.635501
vt 0.852329 0.641832
vt 0.853109 0.654042
vt 0.868839 0.659921
vt 0.869174 0.672130
vt 0.885350 0.678009
vt 0.885016 0.690445
vt 0.884123 0.702655
vt 0.901080 0.708647
vt 0.899742 0.721196
vt 0.897957 0.733745
vt 0.914914 0.740189
vt 0.911790 0.753755
vt 0.907997 0.767661
vt 0.923058 0.775801
vt 0.917591 0.790724
vt 0.911009 0.805986
vt 0.835706 0.622839
vt 0.833363 0.610064
vt 0.817076 0.604072
vt 0.812613 0.591523
vt 0.807258 0.578748
vt 0.786954 0.575130
vt 0.801011 0.563825
vt 0.777137 0.562807
vt 0.811721 0.556250
vt 0.820199 0.549354
vt 0.827562 0.542231
vt 0.839276 0.547545
vt 0.834144 0.533978
vt 0.843962 0.538274
vt 0.848536 0.528778
vt 0.856456 0.530926
vt 0.852329 0.519281
vt 0.858799 0.520638
vt 0.860138 0.511594
vt 0.864489 0.521090
vt 0.864600 0.511820
vt 0.869286 0.520977
vt 0.868170 0.511707
vt 0.870736 0.511481
vt 0.866608 0.504584
vt 0.868393 0.504245
vt 0.865270 0.499158
vt 0.866608 0.498932
vt 0.866274 0.495201
vt 0.867835 0.498819
vt 0.867724 0.495314
vt 0.869509 0.498932
vt 0.869397 0.495653
vt 0.829682 0.564842
vt 0.834479 0.556250
vt 0.850878 0.551841
vt 0.853556 0.541553
vt 0.863708 0.531830
vt 0.848312 0.561790
vt 0.845970 0.571851
vt 0.826224 0.574113
vt 0.827451 0.585418
vt 0.830463 0.597628
vt 0.860584 0.565407
vt 0.861253 0.554441
vt 0.862369 0.543249
vt 0.869955 0.543701
vt 0.869732 0.531943
vt 0.876202 0.543475
vt 0.874417 0.531604
vt 0.878545 0.531152
vt 0.872744 0.520751
vt 0.875756 0.520412
vt 0.872856 0.511028
vt 0.869955 0.503906
vt 0.875087 0.510689
vt 0.871628 0.503680
vt 0.881780 0.542684
vt 0.885462 0.554554
vt 0.878434 0.555572
vt 0.889478 0.566764
vt 0.880888 0.567782
vt 0.883565 0.579991
vt 0.871405 0.567329
vt 0.872409 0.578974
vt 0.860026 0.576261
vt 0.860249 0.587227
vt 0.844854 0.581913
vt 0.861253 0.598532
vt 0.845523 0.592540
vt 0.847308 0.604298
vt 0.893494 0.579200
vt 0.897399 0.591975
vt 0.886020 0.592201
vt 0.901303 0.604976
vt 0.888809 0.604637
vt 0.891709 0.617299
vt 0.875422 0.602376
vt 0.877653 0.614699
vt 0.863038 0.610403
vt 0.864935 0.622726
vt 0.849428 0.616621
vt 0.866608 0.635162
vt 0.851101 0.629283
vt 0.867947 0.647598
vt 0.883677 0.652685
vt 0.884904 0.665347
vt 0.900969 0.669869
vt 0.901750 0.682984
vt 0.901750 0.695985
vt 0.919041 0.700281
vt 0.918595 0.713508
vt 0.917256 0.726848
vt 0.934660 0.732501
vt 0.931759 0.746746
vt 0.927743 0.761104
vt 0.857460 0.481521
vt 0.578783 0.938033
vt 0.582130 0.937807
vt 0.577668 0.935659
vt 0.581126 0.935320
vt 0.580234 0.932833
vt 0.585477 0.933285
vt 0.578783 0.929667
vt 0.584027 0.930685
vt 0.582688 0.928085
vt 0.588935 0.931363
vt 0.587708 0.929102
vt 0.591278 0.928989
vt 0.590051 0.926954
vt 0.593956 0.928650
vt 0.592617 0.926615
vt 0.595964 0.925937
vt 0.591390 0.924693
vt 0.594625 0.924015
vt 0.592617 0.931250
vt 0.595406 0.930911
vt 0.597079 0.928085
vt 0.600761 0.924806
vt 0.599199 0.922545
vt 0.596410 0.946060
vt 0.596968 0.941990
vt 0.758283 0.563599
vt 0.878768 0.519847
vt 0.882784 0.530248
vt 0.887247 0.541327
vt 0.892044 0.552632
vt 0.897176 0.564390
vt 0.902419 0.576600
vt 0.907662 0.589601
vt 0.913017 0.602828
vt 0.918372 0.616508
vt 0.905431 0.617977
vt 0.923058 0.630640
vt 0.909113 0.631431
vt 0.927297 0.645223
vt 0.912459 0.645110
vt 0.915248 0.659129
vt 0.897287 0.643302
vt 0.899518 0.656529
vt 0.882004 0.639910
vt 0.894721 0.630187
vt 0.879995 0.627248
vt 0.849428 0.399896
vt 0.851213 0.389948
vt 0.852217 0.399557
vt 0.852886 0.410071
vt 0.853890 0.420698
vt 0.591948 0.916214
vt 0.589939 0.916440
vt 0.593732 0.911466
vt 0.591836 0.910674
vt 0.597079 0.904230
vt 0.589605 0.909770
vt 0.594290 0.902987
vt 0.590609 0.901630
vt 0.594737 0.893377
vt 0.585923 0.900273
vt 0.589605 0.891907
vt 0.583915 0.890551
vt 0.586370 0.881506
vt 0.579564 0.880376
vt 0.587820 0.871897
vt 0.580680 0.870992
vt 0.581572 0.861044
vt 0.573875 0.860252
vt 0.582577 0.851095
vt 0.574321 0.850190
vt 0.574767 0.840242
vt 0.566066 0.849625
vt 0.565843 0.839450
vt 0.557810 0.849286
vt 0.556918 0.838998
vt 0.548216 0.838772
vt 0.556025 0.828710
vt 0.546654 0.828145
vt 0.544869 0.817292
vt 0.534940 0.816839
vt 0.543196 0.806099
vt 0.532598 0.805421
vt 0.530924 0.793663
vt 0.519768 0.792759
vt 0.530366 0.781680
vt 0.518987 0.780097
vt 0.531147 0.769696
vt 0.519434 0.767322
vt 0.520326 0.754886
vt 0.507385 0.765400
vt 0.507831 0.752399
vt 0.494779 0.750816
vt 0.508612 0.739624
vt 0.495002 0.737702
vt 0.495448 0.724587
vt 0.480722 0.723570
vt 0.496006 0.711360
vt 0.481280 0.710003
vt 0.510286 0.714073
vt 0.509393 0.726962
vt 0.521553 0.742563
vt 0.534271 0.745728
vt 0.532598 0.757599
vt 0.544535 0.760312
vt 0.542750 0.771844
vt 0.541746 0.783262
vt 0.553125 0.784958
vt 0.541969 0.794681
vt 0.553013 0.796038
vt 0.553682 0.807117
vt 0.564169 0.808247
vt 0.554910 0.817970
vt 0.564838 0.818874
vt 0.565508 0.829275
vt 0.574990 0.819892
vt 0.574990 0.830067
vt 0.584585 0.831310
vt 0.583581 0.841259
vt 0.590720 0.852338
vt 0.589159 0.862174
vt 0.594737 0.873140
vt 0.592728 0.882750
vt 0.465550 0.709890
vt 0.465327 0.723909
vt 0.480722 0.737136
vt 0.465885 0.738041
vt 0.467223 0.752173
vt 0.481168 0.750703
vt 0.482284 0.764609
vt 0.495002 0.764156
vt 0.495894 0.777949
vt 0.507497 0.778627
vt 0.508724 0.791968
vt 0.521999 0.804969
vt 0.524788 0.816726
vt 0.537283 0.827919
vt 0.539626 0.838885
vt 0.549778 0.849286
vt 0.551340 0.859574
vt 0.558703 0.859461
vt 0.552902 0.869975
vt 0.559260 0.869636
vt 0.559818 0.879924
vt 0.566177 0.869749
vt 0.565954 0.879471
vt 0.573317 0.870201
vt 0.572536 0.879698
vt 0.497679 0.791968
vt 0.511290 0.804969
vt 0.514748 0.817292
vt 0.527912 0.828145
vt 0.531147 0.839337
vt 0.542080 0.849512
vt 0.544646 0.860026
vt 0.547212 0.870766
vt 0.538399 0.861044
vt 0.534606 0.850303
vt 0.522892 0.840468
vt 0.518653 0.829049
vt 0.504819 0.818535
vt 0.500691 0.805647
vt 0.486746 0.793324
vt 0.484069 0.778853
vt 0.472132 0.781454
vt 0.469232 0.766644
vt 0.475814 0.796377
vt 0.490428 0.807569
vt 0.495448 0.821249
vt 0.509728 0.830858
vt 0.514971 0.842503
vt 0.527466 0.851547
vt 0.532709 0.862400
vt 0.542303 0.871784
vt 0.546766 0.882976
vt 0.550113 0.881846
vt 0.554352 0.892360
vt 0.554463 0.880715
vt 0.557364 0.891003
vt 0.561603 0.889533
vt 0.566400 0.888403
vt 0.564838 0.897673
vt 0.568074 0.895638
vt 0.569189 0.904230
vt 0.571755 0.900726
vt 0.576775 0.904682
vt 0.574879 0.895977
vt 0.580457 0.898578
vt 0.574210 0.908639
vt 0.572759 0.911126
vt 0.567516 0.906378
vt 0.571867 0.913048
vt 0.566177 0.908187
vt 0.564950 0.909657
vt 0.559930 0.901291
vt 0.558480 0.902421
vt 0.552232 0.893490
vt 0.544200 0.884107
vt 0.538176 0.873253
vt 0.527466 0.864435
vt 0.520772 0.853695
vt 0.507608 0.845781
vt 0.501249 0.833911
vt 0.486412 0.825205
vt 0.480499 0.811187
vt 0.557141 0.903552
vt 0.550559 0.894508
vt 0.541857 0.885463
vt 0.534494 0.874949
vt 0.522557 0.867149
vt 0.514636 0.856748
vt 0.500691 0.850190
vt 0.493217 0.838320
vt 0.563946 0.910900
vt 0.562719 0.912257
vt 0.570528 0.915988
vt 0.569970 0.917458
vt 0.576218 0.919719
vt 0.571197 0.914631
vt 0.576664 0.918249
vt 0.577110 0.916666
vt 0.581684 0.919266
vt 0.577779 0.914631
vt 0.582019 0.917231
vt 0.583357 0.914066
vt 0.585142 0.918588
vt 0.586146 0.915196
vt 0.587262 0.919153
vt 0.588266 0.915988
vt 0.586370 0.908639
vt 0.581907 0.907057
vt 0.579230 0.911805
vt 0.571644 0.888063
vt 0.571086 0.893716
vt 0.577668 0.889081
vt 0.599311 0.905361
vt 0.602657 0.896656
vt 0.599087 0.894960
vt 0.603438 0.886029
vt 0.598306 0.884333
vt 0.601095 0.874723
vt 0.603661 0.865114
vt 0.596633 0.863418
vt 0.598864 0.853808
vt 0.601207 0.844312
vt 0.592394 0.842616
vt 0.593956 0.832893
vt 0.595294 0.823284
vt 0.585142 0.821362
vt 0.585477 0.811413
vt 0.574767 0.809604
vt 0.586146 0.801577
vt 0.574879 0.799316
vt 0.575771 0.789141
vt 0.563946 0.797507
vt 0.564504 0.786880
vt 0.156417 0.133654
vt 0.150393 0.130376
vt 0.158202 0.132184
vt 0.152513 0.128906
vt 0.147604 0.123253
vt 0.145596 0.124497
vt 0.140353 0.116131
vt 0.138568 0.117148
vt 0.135221 0.106860
vt 0.133436 0.107765
vt 0.128527 0.098155
vt 0.127077 0.098834
vt 0.123619 0.088546
vt 0.122168 0.089224
vt 0.117148 0.079614
vt 0.115363 0.080519
vt 0.112463 0.070118
vt 0.110231 0.071135
vt 0.105211 0.061865
vt 0.102534 0.062995
vt 0.101084 0.053047
vt 0.097848 0.054177
vt 0.095171 0.046603
vt 0.091601 0.047168
vt 0.094167 0.040950
vt 0.090932 0.040724
vt 0.092047 0.036089
vt 0.089258 0.035523
vt 0.094390 0.031566
vt 0.091378 0.029644
vt 0.097067 0.024896
vt 0.098295 0.028288
vt 0.099187 0.030662
vt 0.097291 0.033149
vt 0.100637 0.034506
vt 0.095282 0.036541
vt 0.098741 0.037558
vt 0.097737 0.041628
vt 0.098629 0.046603
vt 0.104096 0.051803
vt 0.107889 0.060621
vt 0.114582 0.069100
vt 0.118933 0.078823
vt 0.125069 0.087867
vt 0.129978 0.097477
vt 0.136894 0.105956
vt 0.142138 0.115113
vt 0.149277 0.122010
vt 0.154298 0.127323
vt 0.151062 0.120540
vt 0.155860 0.125514
vt 0.143811 0.113983
vt 0.138568 0.104938
vt 0.131428 0.096685
vt 0.126408 0.087189
vt 0.120607 0.078145
vt 0.116814 0.068196
vt 0.110566 0.059491
vt 0.107219 0.050333
vt 0.101753 0.045698
vt 0.100414 0.042193
vt 0.101864 0.039819
vt 0.103984 0.037332
vt 0.104653 0.043663
vt 0.107442 0.041967
vt 0.110566 0.049203
vt 0.113244 0.058473
vt 0.118822 0.067405
vt 0.122391 0.077353
vt 0.127858 0.086624
vt 0.132767 0.096007
vt 0.140130 0.103921
vt 0.145596 0.112852
vt 0.110343 0.039706
vt 0.113690 0.047846
vt 0.115921 0.057456
vt 0.120718 0.066839
vt 0.124065 0.076788
vt 0.129308 0.085945
vt 0.134105 0.095103
vt 0.116590 0.046490
vt 0.118487 0.056664
vt 0.122838 0.066274
vt 0.125738 0.076223
vt 0.113244 0.037332
vt 0.119379 0.045472
vt 0.116033 0.035976
vt 0.121164 0.055986
vt 0.437995 0.607237
vt 0.430632 0.615264
vt 0.434536 0.607237
vt 0.428958 0.613342
vt 0.426616 0.612664
vt 0.429962 0.608142
vt 0.423715 0.611873
vt 0.425388 0.608594
vt 0.421484 0.608142
vt 0.427620 0.604072
vt 0.422934 0.604185
vt 0.424608 0.598306
vt 0.420034 0.604072
vt 0.421484 0.598193
vt 0.417691 0.603959
vt 0.419141 0.598645
vt 0.415794 0.603620
vt 0.417133 0.598758
vt 0.415237 0.597854
vt 0.415013 0.590166
vt 0.413340 0.597063
vt 0.412782 0.590053
vt 0.411667 0.595819
vt 0.410439 0.590505
vt 0.406870 0.590958
vt 0.403076 0.581913
vt 0.402072 0.591975
vt 0.396718 0.583722
vt 0.390247 0.586096
vt 0.383553 0.577843
vt 0.384223 0.589036
vt 0.376748 0.581235
vt 0.379537 0.591862
vt 0.371393 0.584400
vt 0.366931 0.587340
vt 0.363473 0.576487
vt 0.357560 0.580104
vt 0.355775 0.568686
vt 0.348524 0.572982
vt 0.339487 0.565973
vt 0.341718 0.577617
vt 0.331678 0.571286
vt 0.324427 0.577165
vt 0.321861 0.565068
vt 0.313717 0.571625
vt 0.303342 0.565860
vt 0.295086 0.573095
vt 0.293078 0.559868
vt 0.284042 0.567216
vt 0.283149 0.553424
vt 0.273332 0.560885
vt 0.263069 0.554215
vt 0.253140 0.561677
vt 0.242542 0.554667
vt 0.244103 0.569477
vt 0.232836 0.562694
vt 0.224246 0.571286
vt 0.212867 0.564390
vt 0.216883 0.580783
vt 0.204723 0.573886
vt 0.197583 0.584174
vt 0.185200 0.576826
vt 0.191112 0.595141
vt 0.177948 0.587679
vt 0.171032 0.598984
vt 0.157421 0.590618
vt 0.164227 0.610742
vt 0.149612 0.602150
vt 0.417356 0.590279
vt 0.417021 0.579878
vt 0.414009 0.580104
vt 0.413005 0.568686
vt 0.410997 0.580444
vt 0.408543 0.569477
vt 0.407762 0.581009
vt 0.403746 0.570608
vt 0.397833 0.572304
vt 0.390805 0.574791
vt 0.385115 0.565973
vt 0.377529 0.569364
vt 0.370166 0.572869
vt 0.363473 0.564616
vt 0.356556 0.556476
vt 0.347854 0.560998
vt 0.339934 0.553424
vt 0.330674 0.558963
vt 0.312267 0.558850
vt 0.302784 0.552632
vt 0.159541 0.128793
vt 0.159318 0.130489
vt 0.588935 0.925032
vt 0.586927 0.927067
vt 0.576998 0.926050
vt 0.574098 0.928989
vt 0.841954 0.412106
vt 0.870178 0.492601
vt 0.868616 0.492261
vt 0.867166 0.492035
vt 0.865827 0.491922
vt 0.864935 0.495314
vt 0.863261 0.495427
vt 0.863373 0.499497
vt 0.861030 0.499610
vt 0.864042 0.504697
vt 0.860919 0.504471
vt 0.857014 0.503906
vt 0.855118 0.510689
vt 0.852886 0.502775
vt 0.849874 0.509107
vt 0.848536 0.501193
vt 0.844854 0.506958
vt 0.844185 0.499271
vt 0.840057 0.504471
vt 0.836041 0.501532
vt 0.845747 0.517020
vt 0.839388 0.514081
vt 0.833698 0.510576
vt 0.840392 0.525499
vt 0.832694 0.521429
vt 0.825554 0.516794
vt 0.824773 0.528778
vt 0.816183 0.535787
vt 0.087473 0.040045
vt 0.087696 0.047394
vt 0.094613 0.055195
vt 0.091155 0.056551
vt 0.099968 0.064239
vt 0.097402 0.065822
vt 0.103984 0.074640
vt 0.108112 0.072153
vt 0.113690 0.081423
vt 0.120607 0.090015
vt 0.125627 0.099512
vt 0.131763 0.108556
vt 0.136560 0.118053
vt 0.143476 0.125853
vt 0.148050 0.132184
vt 0.141134 0.126871
vt 0.145261 0.133654
vt 0.148385 0.137611
vt 0.144257 0.139759
vt 0.150839 0.140550
vt 0.145150 0.143038
vt 0.150839 0.143377
vt 0.145373 0.145412
vt 0.145484 0.147221
vt 0.141803 0.146542
vt 0.141803 0.148351
vt 0.138233 0.149029
vt 0.141691 0.149821
vt 0.138010 0.150499
vt 0.137787 0.151969
vt 0.134105 0.152308
vt 0.137452 0.153552
vt 0.133771 0.153891
vt 0.133213 0.155926
vt 0.138791 0.127888
vt 0.134552 0.118957
vt 0.130089 0.109348
vt 0.128416 0.110026
vt 0.124176 0.100190
vt 0.119156 0.090694
vt 0.117706 0.091485
vt 0.112016 0.082441
vt 0.105992 0.073396
vt 0.136448 0.128906
vt 0.132543 0.119862
vt 0.126742 0.110704
vt 0.122838 0.100868
vt 0.116367 0.092276
vt 0.110343 0.083458
vt 0.142361 0.135011
vt 0.139572 0.136141
vt 0.140910 0.141003
vt 0.136894 0.137159
vt 0.137898 0.142020
vt 0.134440 0.142698
vt 0.138233 0.145186
vt 0.134663 0.145525
vt 0.138345 0.147334
vt 0.134328 0.147447
vt 0.134663 0.149369
vt 0.134440 0.150838
vt 0.141580 0.144394
vt 0.153294 0.135350
vt 0.160768 0.137837
vt 0.163669 0.135463
vt 0.164673 0.132750
vt 0.165677 0.129810
vt 0.165565 0.126871
vt 0.130424 0.120653
vt 0.134217 0.129810
vt 0.131874 0.130602
vt 0.133994 0.138063
vt 0.589270 0.944930
vt 0.592952 0.945608
vt 0.121387 0.101547
vt 0.125069 0.111269
vt 0.128304 0.121444
vt 0.135221 0.592766
vt 0.144146 0.581348
vt 0.152736 0.570495
vt 0.131093 0.571399
vt 0.140687 0.560772
vt 0.118710 0.560659
vt 0.129085 0.550484
vt 0.118152 0.539631
vt 0.139572 0.540649
vt 0.129197 0.530248
vt 0.149947 0.531491
vt 0.140241 0.521316
vt 0.151397 0.512950
vt 0.131205 0.510802
vt 0.142919 0.502889
vt 0.122838 0.499949
vt 0.135109 0.492488
vt 0.128081 0.481634
vt 0.147939 0.485930
vt 0.141357 0.475643
vt 0.161772 0.480391
vt 0.155413 0.470781
vt 0.170362 0.466824
vt 0.149724 0.460832
vt 0.164338 0.457441
vt 0.144592 0.450545
vt 0.158760 0.447605
vt 0.153628 0.437317
vt 0.172705 0.444779
vt 0.167015 0.435056
vt 0.185758 0.441613
vt 0.179733 0.432456
vt 0.191893 0.429064
vt 0.174155 0.422733
vt 0.185869 0.420133
vt 0.169024 0.412445
vt 0.180403 0.410636
vt 0.175606 0.400349
vt 0.191670 0.408036
vt 0.186539 0.398653
vt 0.202826 0.404871
vt 0.197360 0.396618
vt 0.207846 0.393678
vt 0.192674 0.387913
vt 0.202826 0.386104
vt 0.189104 0.378529
vt 0.198699 0.378190
vt 0.195910 0.370050
vt 0.207735 0.375929
vt 0.203830 0.369372
vt 0.215879 0.371294
vt 0.210635 0.365189
vt 0.217329 0.358406
vt 0.210635 0.351848
vt 0.224692 0.351057
vt 0.217887 0.344387
vt 0.226254 0.336925
vt 0.218891 0.330029
vt 0.235179 0.329238
vt 0.227704 0.322454
vt 0.236740 0.314541
vt 0.229043 0.307644
vt 0.246000 0.306175
vt 0.238302 0.299504
vt 0.247897 0.291138
vt 0.240087 0.284355
vt 0.258048 0.283112
vt 0.250239 0.276102
vt 0.261172 0.268301
vt 0.253475 0.261292
vt 0.273109 0.261066
vt 0.265523 0.253718
vt 0.277683 0.246369
vt 0.269874 0.239020
vt 0.289620 0.239247
vt 0.281699 0.231559
vt 0.292967 0.223871
vt 0.284377 0.216410
vt 0.303900 0.215844
vt 0.294752 0.208383
vt 0.304681 0.199904
vt 0.294194 0.193007
vt 0.314052 0.190859
vt 0.302672 0.184076
vt 0.322419 0.181363
vt 0.310370 0.174693
vt 0.317510 0.164857
vt 0.297652 0.168814
vt 0.304011 0.159204
vt 0.284265 0.163727
vt 0.289732 0.154343
vt 0.275006 0.150725
vt 0.294194 0.144620
vt 0.278576 0.141455
vt 0.297429 0.134446
vt 0.281030 0.131845
vt 0.282034 0.121783
vt 0.264630 0.130602
vt 0.265077 0.121444
vt 0.248343 0.130602
vt 0.248454 0.122349
vt 0.232501 0.124045
vt 0.247339 0.114096
vt 0.231609 0.116809
vt 0.229378 0.109574
vt 0.214652 0.113983
vt 0.324538 0.198321
vt 0.314498 0.207252
vt 0.312490 0.223645
vt 0.301222 0.231672
vt 0.297429 0.247160
vt 0.285269 0.254170
vt 0.280472 0.268867
vt 0.268870 0.275650
vt 0.265746 0.290347
vt 0.255706 0.298035
vt 0.253698 0.312732
vt 0.244327 0.321098
vt 0.242430 0.335569
vt 0.233171 0.343482
vt 0.231163 0.357388
vt 0.223353 0.364623
vt 0.229266 0.370841
vt 0.221234 0.377512
vt 0.235179 0.377059
vt 0.226812 0.383843
vt 0.232836 0.390174
vt 0.217887 0.389608
vt 0.223800 0.396166
vt 0.213648 0.401027
vt 0.220118 0.408262
vt 0.208962 0.412784
vt 0.226700 0.415046
vt 0.215544 0.420246
vt 0.222126 0.427368
vt 0.203719 0.424994
vt 0.210189 0.432682
vt 0.198141 0.437430
vt 0.204611 0.445570
vt 0.192116 0.450318
vt 0.211305 0.453258
vt 0.198699 0.458797
vt 0.205392 0.466937
vt 0.185088 0.463207
vt 0.191559 0.472025
vt 0.176610 0.476095
vt 0.183303 0.485139
vt 0.168577 0.489887
vt 0.190220 0.494070
vt 0.175829 0.499158
vt 0.183638 0.508315
vt 0.162999 0.505489
vt 0.171478 0.514985
vt 0.160433 0.522786
vt 0.170251 0.532170
vt 0.160210 0.541101
vt 0.180514 0.540875
vt 0.170920 0.550145
vt 0.181853 0.558624
vt 0.161549 0.560094
vt 0.173263 0.568799
vt 0.165119 0.579426
vt 0.237410 0.363606
vt 0.239864 0.349700
vt 0.249458 0.341674
vt 0.251913 0.327316
vt 0.261395 0.319402
vt 0.263403 0.304931
vt 0.273667 0.297809
vt 0.276456 0.283451
vt 0.287723 0.276894
vt 0.292632 0.262197
vt 0.304904 0.255300
vt 0.309143 0.239812
vt 0.320634 0.231898
vt 0.323534 0.215166
vt 0.334244 0.206122
vt 0.344396 0.196625
vt 0.333798 0.188598
vt 0.353655 0.186450
vt 0.342388 0.178424
vt 0.350420 0.167457
vt 0.330451 0.171301
vt 0.337702 0.160448
vt 0.323869 0.154456
vt 0.309366 0.149143
vt 0.328777 0.143151
vt 0.313382 0.138402
vt 0.331901 0.130941
vt 0.315725 0.126758
vt 0.316060 0.114209
vt 0.299103 0.123592
vt 0.298656 0.112061
vt 0.281141 0.111383
vt 0.263850 0.112174
vt 0.278018 0.100755
vt 0.260949 0.102677
vt 0.354102 0.205330
vt 0.343280 0.214601
vt 0.332013 0.223419
vt 0.328666 0.240264
vt 0.316952 0.247952
vt 0.312378 0.263440
vt 0.299883 0.270336
vt 0.295310 0.284920
vt 0.284153 0.291364
vt 0.281588 0.305496
vt 0.271324 0.312053
vt 0.269204 0.326185
vt 0.259276 0.333647
vt 0.256152 0.347665
vt 0.246335 0.355692
vt 0.252694 0.361571
vt 0.243546 0.369598
vt 0.258718 0.367563
vt 0.249570 0.375477
vt 0.255483 0.381582
vt 0.241203 0.383164
vt 0.247227 0.389382
vt 0.239083 0.396505
vt 0.230158 0.402723
vt 0.245442 0.402836
vt 0.236740 0.409280
vt 0.251913 0.409393
vt 0.243434 0.415950
vt 0.250239 0.422620
vt 0.233505 0.421829
vt 0.240310 0.428725
vt 0.228820 0.434378
vt 0.216771 0.440030
vt 0.235625 0.441500
vt 0.223465 0.447379
vt 0.242653 0.448623
vt 0.230382 0.454614
vt 0.237410 0.461963
vt 0.218110 0.460832
vt 0.225138 0.468407
vt 0.212309 0.474738
vt 0.198252 0.480504
vt 0.219226 0.482426
vt 0.205169 0.488644
vt 0.226589 0.489887
vt 0.212420 0.496444
vt 0.220118 0.504019
vt 0.197694 0.502549
vt 0.205838 0.510576
vt 0.192340 0.517020
vt 0.180737 0.524030
vt 0.201822 0.525160
vt 0.190666 0.532622
vt 0.211751 0.532961
vt 0.200930 0.540649
vt 0.211416 0.548336
vt 0.191001 0.549128
vt 0.201822 0.556928
vt 0.193121 0.566538
vt 0.262622 0.353883
vt 0.266415 0.340091
vt 0.276679 0.333308
vt 0.279245 0.319515
vt 0.289620 0.313410
vt 0.292186 0.299278
vt 0.303007 0.293060
vt 0.307023 0.278476
vt 0.319406 0.271806
vt 0.324650 0.256318
vt 0.336475 0.248969
vt 0.347966 0.241282
vt 0.340045 0.232124
vt 0.351536 0.223645
vt 0.343950 0.258240
vt 0.331901 0.265136
vt 0.326323 0.280511
vt 0.314275 0.286729
vt 0.310928 0.301539
vt 0.300218 0.307418
vt 0.297652 0.321324
vt 0.287054 0.327203
vt 0.283707 0.340656
vt 0.273109 0.346874
vt 0.279356 0.353996
vt 0.268758 0.360440
vt 0.284823 0.361571
vt 0.274225 0.367337
vt 0.279356 0.374798
vt 0.264519 0.374007
vt 0.269762 0.380903
vt 0.261172 0.388026
vt 0.253363 0.395600
vt 0.266750 0.394922
vt 0.259387 0.402157
vt 0.272328 0.402157
vt 0.265523 0.409054
vt 0.272105 0.415950
vt 0.258495 0.416063
vt 0.265411 0.422733
vt 0.257268 0.429290
vt 0.247227 0.435621
vt 0.264854 0.435847
vt 0.254590 0.442405
vt 0.272774 0.442065
vt 0.262065 0.448962
vt 0.269985 0.455293
vt 0.249793 0.455519
vt 0.257379 0.462302
vt 0.244773 0.469198
vt 0.232278 0.475869
vt 0.252470 0.476208
vt 0.239753 0.483104
vt 0.260503 0.482878
vt 0.247450 0.490226
vt 0.255371 0.497236
vt 0.234063 0.497236
vt 0.241984 0.504471
vt 0.228150 0.511368
vt 0.214540 0.518264
vt 0.236740 0.518603
vt 0.223800 0.525725
vt 0.245665 0.525838
vt 0.233394 0.532961
vt 0.243099 0.540196
vt 0.221903 0.540309
vt 0.232167 0.547658
vt 0.222015 0.555572
vt 0.290178 0.348344
vt 0.294529 0.335003
vt 0.305350 0.329577
vt 0.308474 0.315784
vt 0.319072 0.310131
vt 0.321861 0.295434
vt 0.333351 0.289556
vt 0.338595 0.274293
vt 0.350978 0.267736
vt 0.363138 0.260388
vt 0.355663 0.250778
vt 0.375186 0.252248
vt 0.367377 0.242638
vt 0.379426 0.233933
vt 0.359568 0.233029
vt 0.371393 0.224323
vt 0.363026 0.214714
vt 0.373959 0.204991
vt 0.364142 0.195495
vt 0.384111 0.194364
vt 0.373513 0.184868
vt 0.382438 0.173110
vt 0.362357 0.175710
vt 0.370501 0.164066
vt 0.357560 0.155700
vt 0.343615 0.148803
vt 0.362915 0.142812
vt 0.347743 0.136254
vt 0.365704 0.127888
vt 0.349639 0.122010
vt 0.348858 0.105730
vt 0.333017 0.117487
vt 0.331455 0.102564
vt 0.313717 0.100642
vt 0.295867 0.099964
vt 0.370389 0.269771
vt 0.357895 0.277120
vt 0.345511 0.283677
vt 0.340938 0.298826
vt 0.329670 0.304479
vt 0.326881 0.319289
vt 0.316283 0.324489
vt 0.312267 0.338169
vt 0.301222 0.343030
vt 0.306912 0.351509
vt 0.295756 0.356257
vt 0.311820 0.360440
vt 0.300553 0.364623
vt 0.304792 0.373103
vt 0.289620 0.369372
vt 0.293971 0.377399
vt 0.283930 0.382373
vt 0.274894 0.388252
vt 0.288281 0.390287
vt 0.279691 0.395713
vt 0.292297 0.398201
vt 0.284600 0.403288
vt 0.290066 0.410750
vt 0.284600 0.416515
vt 0.292186 0.422507
vt 0.279245 0.422620
vt 0.287389 0.428725
vt 0.272886 0.429177
vt 0.281030 0.435282
vt 0.289732 0.440709
vt 0.280918 0.447944
vt 0.299549 0.445118
vt 0.290178 0.453258
vt 0.310035 0.448397
vt 0.300330 0.457667
vt 0.311932 0.461398
vt 0.297875 0.471799
vt 0.327550 0.465015
vt 0.308027 0.477338
vt 0.315613 0.484122
vt 0.299549 0.494296
vt 0.322195 0.492148
vt 0.307135 0.501419
vt 0.314498 0.508880
vt 0.292967 0.509898
vt 0.300887 0.517020
vt 0.279914 0.517812
vt 0.288058 0.524821
vt 0.275786 0.532396
vt 0.284600 0.539292
vt 0.264073 0.539857
vt 0.273555 0.546753
vt 0.253028 0.547206
vt 0.278464 0.461172
vt 0.287835 0.466711
vt 0.282926 0.481182
vt 0.291628 0.487513
vt 0.268647 0.489548
vt 0.276791 0.496218
vt 0.263403 0.504132
vt 0.250128 0.511594
vt 0.271659 0.510915
vt 0.258606 0.518603
vt 0.267196 0.525499
vt 0.254813 0.532848
vt 0.265411 0.468859
vt 0.274113 0.475077
vt 0.121276 0.582139
vt 0.107889 0.570721
vt 0.095059 0.558398
vt 0.106885 0.549128
vt 0.082899 0.545397
vt 0.095617 0.537031
vt 0.084907 0.524143
vt 0.107666 0.528213
vt 0.097848 0.516229
vt 0.119491 0.519281
vt 0.110455 0.507976
vt 0.102422 0.496105
vt 0.115363 0.488531
vt 0.095282 0.483782
vt 0.108893 0.476773
vt 0.103315 0.464563
vt 0.122057 0.470216
vt 0.116814 0.458571
vt 0.135556 0.465015
vt 0.130535 0.454049
vt 0.126185 0.442631
vt 0.140018 0.439691
vt 0.122503 0.430647
vt 0.135890 0.428273
vt 0.132320 0.416289
vt 0.148943 0.426351
vt 0.144815 0.414819
vt 0.161772 0.424768
vt 0.157087 0.413802
vt 0.153405 0.402157
vt 0.164673 0.401479
vt 0.150505 0.389721
vt 0.161326 0.389608
vt 0.158872 0.377059
vt 0.171701 0.389269
vt 0.169024 0.377399
vt 0.182299 0.388704
vt 0.179064 0.377964
vt 0.177167 0.366545
vt 0.186873 0.368580
vt 0.177279 0.354109
vt 0.186650 0.357727
vt 0.188881 0.346874
vt 0.195017 0.361458
vt 0.197360 0.352866
vt 0.201153 0.363832
vt 0.204834 0.358971
vt 0.071520 0.531604
vt 0.061033 0.517020
vt 0.075202 0.510689
vt 0.051662 0.501758
vt 0.066611 0.496558
vt 0.059249 0.481860
vt 0.081114 0.490453
vt 0.074532 0.476999
vt 0.089370 0.471120
vt 0.084461 0.458119
vt 0.098741 0.451901
vt 0.080668 0.444779
vt 0.095059 0.439013
vt 0.091936 0.425899
vt 0.108893 0.433926
vt 0.105881 0.421264
vt 0.119379 0.418324
vt 0.116479 0.405662
vt 0.129308 0.403740
vt 0.114248 0.392774
vt 0.126965 0.390965
vt 0.125180 0.377964
vt 0.139014 0.390061
vt 0.137117 0.376946
vt 0.148385 0.376833
vt 0.147492 0.363267
vt 0.157868 0.363719
vt 0.147827 0.349474
vt 0.158537 0.349813
vt 0.160880 0.335795
vt 0.168131 0.351283
vt 0.170809 0.337830
vt 0.179845 0.341560
vt 0.185646 0.331612
vt 0.194682 0.338056
vt 0.193790 0.323246
vt 0.202492 0.330368
vt 0.211082 0.322793
vt 0.210524 0.337491
vt 0.220006 0.315332
vt 0.221234 0.300409
vt 0.230493 0.292608
vt 0.232055 0.277572
vt 0.242318 0.269432
vt 0.245777 0.254622
vt 0.257714 0.246708
vt 0.261842 0.232124
vt 0.273444 0.224323
vt 0.275117 0.209513
vt 0.284934 0.201374
vt 0.282815 0.186676
vt 0.290624 0.177971
vt 0.222349 0.285599
vt 0.212867 0.293173
vt 0.203384 0.300635
vt 0.194348 0.293399
vt 0.193567 0.308323
vt 0.183638 0.301426
vt 0.173263 0.311149
vt 0.158314 0.305609
vt 0.165677 0.323020
vt 0.152736 0.321663
vt 0.149501 0.335569
vt 0.136448 0.336812
vt 0.136002 0.350040
vt 0.122615 0.338847
vt 0.123061 0.351622
vt 0.109562 0.353883
vt 0.123953 0.364623
vt 0.111012 0.366771
vt 0.112574 0.379773
vt 0.098852 0.382373
vt 0.100749 0.395374
vt 0.084796 0.385538
vt 0.086804 0.398992
vt 0.072636 0.403175
vt 0.089258 0.412558
vt 0.075090 0.417194
vt 0.077656 0.431099
vt 0.062372 0.434943
vt 0.065273 0.449075
vt 0.045638 0.437091
vt 0.048985 0.451901
vt 0.031693 0.453710
vt 0.053447 0.466824
vt 0.036937 0.469651
vt 0.043630 0.485817
vt 0.027900 0.437882
vt 0.025557 0.422055
vt 0.043407 0.422281
vt 0.024107 0.406227
vt 0.041734 0.407471
vt 0.040506 0.392322
vt 0.057910 0.406340
vt 0.056013 0.391756
vt 0.070628 0.389043
vt 0.069066 0.374798
vt 0.083234 0.372198
vt 0.068285 0.360440
vt 0.082118 0.358632
vt 0.081895 0.344839
vt 0.095952 0.356371
vt 0.095282 0.343256
vt 0.108781 0.341108
vt 0.108558 0.328446
vt 0.122615 0.326298
vt 0.108781 0.315784
vt 0.122726 0.313975
vt 0.109339 0.303461
vt 0.122391 0.301992
vt 0.110008 0.291025
vt 0.121722 0.290008
vt 0.111124 0.278815
vt 0.121053 0.278589
vt 0.122503 0.268415
vt 0.128974 0.270110
vt 0.128416 0.260162
vt 0.135109 0.265701
vt 0.136894 0.252926
vt 0.143923 0.260049
vt 0.153517 0.254057
vt 0.160768 0.262536
vt 0.170920 0.255979
vt 0.168243 0.271015
vt 0.178618 0.263892
vt 0.176387 0.278929
vt 0.186762 0.271354
vt 0.195352 0.278702
vt 0.197137 0.264118
vt 0.205504 0.271241
vt 0.215767 0.263779
vt 0.223911 0.270676
vt 0.226589 0.255979
vt 0.234398 0.262649
vt 0.213871 0.278476
vt 0.204165 0.285938
vt 0.185088 0.286277
vt 0.173486 0.294530
vt 0.165231 0.286729
vt 0.152066 0.293513
vt 0.137117 0.298487
vt 0.134217 0.287634
vt 0.023215 0.390287
vt 0.023103 0.374346
vt 0.039837 0.376833
vt 0.023549 0.358292
vt 0.039614 0.361119
vt 0.040060 0.345630
vt 0.054228 0.361458
vt 0.054563 0.346422
vt 0.068396 0.345970
vt 0.069177 0.331838
vt 0.082341 0.331160
vt 0.070851 0.317819
vt 0.083569 0.317480
vt 0.085465 0.304140
vt 0.096175 0.316802
vt 0.097402 0.303913
vt 0.024665 0.342239
vt 0.027008 0.326411
vt 0.041511 0.330255
vt 0.030801 0.310923
vt 0.044299 0.315332
vt 0.048427 0.300748
vt 0.057798 0.317367
vt 0.060810 0.303122
vt 0.073305 0.304027
vt 0.088031 0.290912
vt 0.099075 0.291138
vt 0.065050 0.289103
vt 0.076652 0.290460
vt 0.091489 0.277798
vt 0.101418 0.278363
vt 0.105546 0.265588
vt 0.114359 0.266945
vt 0.112574 0.253718
vt 0.120830 0.256431
vt 0.121387 0.243090
vt 0.129420 0.247500
vt 0.138902 0.239586
vt 0.146377 0.246143
vt 0.155971 0.240038
vt 0.163557 0.247952
vt 0.166011 0.234046
vt 0.173709 0.241621
vt 0.184196 0.235290
vt 0.181407 0.249308
vt 0.192005 0.242525
vt 0.189104 0.256770
vt 0.199814 0.249648
vt 0.207735 0.256770
vt 0.210859 0.242412
vt 0.218779 0.249195
vt 0.230158 0.241395
vt 0.237968 0.247952
vt 0.241872 0.233368
vt 0.249793 0.239925
vt 0.095394 0.329916
vt 0.244661 0.105730
vt 0.278129 0.409393
vt 0.138791 0.310245
vt 0.137675 0.323472
vt 0.365815 0.110252
vt 0.382103 0.115679
vt 0.380988 0.134672
vt 0.397498 0.121783
vt 0.395044 0.142020
vt 0.408208 0.149595
vt 0.390024 0.159204
vt 0.402072 0.167683
vt 0.393594 0.182380
vt 0.404304 0.191425
vt 0.394040 0.203974
vt 0.414679 0.200356
vt 0.403634 0.213244
vt 0.413005 0.222175
vt 0.391809 0.224210
vt 0.400399 0.233368
vt 0.387570 0.243203
vt 0.395714 0.252361
vt 0.382884 0.261518
vt 0.403969 0.261179
vt 0.390693 0.270563
vt 0.398279 0.279607
vt 0.377752 0.278929
vt 0.385004 0.288086
vt 0.365146 0.286277
vt 0.372397 0.295547
vt 0.360349 0.302218
vt 0.379314 0.305157
vt 0.367266 0.311827
vt 0.385562 0.315106
vt 0.373513 0.321889
vt 0.378868 0.332403
vt 0.362022 0.327881
vt 0.367266 0.338508
vt 0.351090 0.333534
vt 0.356221 0.344161
vt 0.345288 0.349022
vt 0.360126 0.355240
vt 0.349193 0.359875
vt 0.363250 0.366545
vt 0.352094 0.371181
vt 0.354548 0.382486
vt 0.341049 0.374459
vt 0.343280 0.385538
vt 0.330005 0.376946
vt 0.332236 0.387573
vt 0.321415 0.389269
vt 0.322865 0.399444
vt 0.312824 0.401027
vt 0.323423 0.409619
vt 0.313717 0.410636
vt 0.322865 0.419794
vt 0.313048 0.419907
vt 0.320745 0.429630
vt 0.310482 0.428612
vt 0.306131 0.436978
vt 0.300887 0.426351
vt 0.296314 0.433473
vt 0.412224 0.128906
vt 0.426281 0.136933
vt 0.420703 0.157509
vt 0.439668 0.146090
vt 0.432640 0.166327
vt 0.444131 0.175710
vt 0.424496 0.184755
vt 0.435429 0.193799
vt 0.425054 0.209174
vt 0.435094 0.218332
vt 0.422488 0.230994
vt 0.444577 0.228054
vt 0.431524 0.240264
vt 0.440003 0.250100
vt 0.417691 0.251117
vt 0.425835 0.260388
vt 0.411778 0.270223
vt 0.418695 0.279946
vt 0.405085 0.289103
vt 0.424942 0.290234
vt 0.411220 0.299165
vt 0.416798 0.309566
vt 0.398056 0.307418
vt 0.403746 0.317706
vt 0.391140 0.325394
vt 0.395602 0.336134
vt 0.383219 0.343256
vt 0.399283 0.347213
vt 0.386677 0.354336
vt 0.389578 0.365641
vt 0.374740 0.360893
vt 0.377529 0.372311
vt 0.365815 0.377964
vt 0.367935 0.389495
vt 0.356333 0.393791
vt 0.369497 0.401140
vt 0.357448 0.405097
vt 0.357560 0.416628
vt 0.345623 0.407471
vt 0.345288 0.418437
vt 0.333575 0.419229
vt 0.343727 0.429403
vt 0.331678 0.429743
vt 0.327997 0.440144
vt 0.316729 0.439126
vt 0.453613 0.238455
vt 0.461980 0.249421
vt 0.447924 0.260388
vt 0.469678 0.261066
vt 0.454729 0.271241
vt 0.475814 0.273502
vt 0.460307 0.282772
vt 0.464992 0.294982
vt 0.445023 0.291817
vt 0.449820 0.303348
vt 0.430520 0.300861
vt 0.435429 0.312053
vt 0.421707 0.320532
vt 0.408543 0.328559
vt 0.425835 0.331951
vt 0.412448 0.339752
vt 0.429070 0.343708
vt 0.415571 0.351283
vt 0.418137 0.362928
vt 0.402296 0.358519
vt 0.404861 0.370050
vt 0.392144 0.377172
vt 0.379872 0.383843
vt 0.394375 0.388817
vt 0.381768 0.395487
vt 0.396271 0.400349
vt 0.383219 0.407245
vt 0.384446 0.418550
vt 0.370278 0.412898
vt 0.370501 0.424429
vt 0.356779 0.428047
vt 0.340826 0.440144
vt 0.335917 0.451336
vt 0.321861 0.450545
vt 0.439445 0.280850
vt 0.433086 0.270449
vt 0.303900 0.419002
vt 0.305015 0.411315
vt 0.303788 0.403062
vt 0.301222 0.394244
vt 0.297875 0.385652
vt 0.310928 0.391417
vt 0.308250 0.382034
vt 0.319072 0.379207
vt 0.315837 0.369598
vt 0.326993 0.366545
vt 0.338149 0.363606
vt 0.323088 0.356710
vt 0.334356 0.353092
vt 0.318179 0.347213
vt 0.329447 0.343143
vt 0.323311 0.333647
vt 0.340380 0.338734
vt 0.334132 0.328785
vt 0.344731 0.323472
vt 0.337479 0.313862
vt 0.355663 0.317819
vt 0.348524 0.308096
vt 0.352763 0.292834
vt 0.846193 0.495653
vt 0.840057 0.497575
vt 0.850432 0.497123
vt 0.854560 0.498479
vt 0.858130 0.499271
vt 0.858799 0.495766
vt 0.858799 0.495766
vt 0.861476 0.495653
vt 0.864377 0.492035
vt 0.497456 0.606672
vt 0.514190 0.612438
vt 0.528024 0.621482
vt 0.522334 0.600341
vt 0.535944 0.609838
vt 0.530924 0.588357
vt 0.544088 0.598306
vt 0.552902 0.587001
vt 0.555691 0.609272
vt 0.564058 0.598758
vt 0.566958 0.620465
vt 0.574656 0.610629
vt 0.585589 0.621595
vt 0.583246 0.601246
vt 0.593398 0.612438
vt 0.592617 0.592314
vt 0.601876 0.603620
vt 0.611359 0.595028
vt 0.611917 0.614247
vt 0.620284 0.605655
vt 0.623519 0.623969
vt 0.630882 0.615490
vt 0.642930 0.624309
vt 0.639472 0.607463
vt 0.650628 0.616621
vt 0.649513 0.600454
vt 0.659776 0.609838
vt 0.670486 0.603733
vt 0.671267 0.618995
vt 0.681196 0.612890
vt 0.682646 0.628039
vt 0.691905 0.621934
vt 0.702057 0.630300
vt 0.539849 0.576600
vt 0.549555 0.565407
vt 0.562496 0.576826
vt 0.559930 0.555233
vt 0.572871 0.567668
vt 0.583804 0.559302
vt 0.583246 0.580217
vt 0.594067 0.571965
vt 0.602880 0.583835
vt 0.614148 0.576034
vt 0.622069 0.587227
vt 0.625862 0.568912
vt 0.633671 0.580104
vt 0.645831 0.573773
vt 0.641034 0.590618
vt 0.653082 0.584400
vt 0.660780 0.594349
vt 0.672940 0.588923
vt 0.682311 0.598193
vt 0.685769 0.583835
vt 0.694694 0.592880
vt 0.704512 0.601811
vt 0.692352 0.607237
vt 0.702727 0.616056
vt 0.505712 0.592993
vt 0.514413 0.579991
vt 0.523673 0.567555
vt 0.533602 0.555572
vt 0.543977 0.544266
vt 0.555021 0.533978
vt 0.570974 0.546301
vt 0.566289 0.524708
vt 0.582353 0.538048
vt 0.578226 0.516455
vt 0.594067 0.530474
vt 0.606116 0.523464
vt 0.606785 0.544153
vt 0.618610 0.537483
vt 0.617160 0.557041
vt 0.629097 0.550484
vt 0.638022 0.562581
vt 0.650293 0.556815
vt 0.658214 0.568234
vt 0.662565 0.551502
vt 0.670709 0.563146
vt 0.674725 0.546640
vt 0.683092 0.558285
vt 0.695698 0.553650
vt 0.690901 0.569025
vt 0.703842 0.564277
vt 0.698934 0.578861
vt 0.595071 0.551502
vt 0.605446 0.564164
vt 0.678183 0.573886
vt 0.665466 0.578861
vt 0.590720 0.508993
vt 0.603661 0.502097
vt 0.618499 0.517133
vt 0.617049 0.495992
vt 0.631105 0.511254
vt 0.644046 0.506054
vt 0.642930 0.525725
vt 0.655425 0.520638
vt 0.653306 0.539179
vt 0.665466 0.534091
vt 0.677960 0.529456
vt 0.687108 0.542005
vt 0.690567 0.525386
vt 0.699714 0.537822
vt 0.712879 0.533978
vt 0.708528 0.549241
vt 0.722027 0.545284
vt 0.641146 0.544605
vt 0.630770 0.531378
vt 0.727047 0.530813
vt 0.717676 0.519168
vt 0.732513 0.517133
vt 0.709086 0.506845
vt 0.724035 0.505376
vt 0.717118 0.493279
vt 0.733406 0.493618
vt 0.711651 0.480843
vt 0.729055 0.482200
vt 0.701276 0.493844
vt 0.685993 0.495427
vt 0.694806 0.508993
vt 0.681196 0.512159
vt 0.668031 0.516116
vt 0.671267 0.498027
vt 0.657322 0.501645
vt 0.645831 0.486496
vt 0.630994 0.490792
vt 0.661449 0.483330
vt 0.677737 0.481295
vt 0.694583 0.480504
vt 0.746012 0.484235
vt 0.749582 0.494636
vt 0.754825 0.504923
vt 0.769886 0.505037
vt 0.762188 0.515098
vt 0.776356 0.514194
vt 0.784500 0.523351
vt 0.771113 0.525273
vt 0.747462 0.515890
vt 0.739430 0.504923
vt 0.756722 0.526856
vt 0.741773 0.528439
vt 0.762411 0.486609
vt 0.765312 0.495766
vt 0.784054 0.504697
vt 0.789520 0.512724
vt 0.802461 0.509785
vt 0.777918 0.488644
vt 0.780261 0.496558
vt 0.797887 0.503115
vt 0.792756 0.490113
vt 0.794764 0.496444
vt 0.808597 0.495427
vt 0.811051 0.500740
vt 0.820980 0.493618
vt 0.822542 0.497801
vt 0.807147 0.490566
vt 0.819976 0.490000
vt 0.830463 0.489096
vt 0.830797 0.492035
vt 0.540518 0.631205
vt 0.547993 0.620126
vt 0.552902 0.641041
vt 0.559707 0.630640
vt 0.571978 0.640588
vt 0.578560 0.631092
vt 0.591390 0.640588
vt 0.597749 0.631657
vt 0.610801 0.641154
vt 0.604554 0.622952
vt 0.616937 0.632561
vt 0.630101 0.641041
vt 0.636237 0.632675
vt 0.649289 0.640701
vt 0.655648 0.632788
vt 0.662900 0.625552
vt 0.667585 0.641493
vt 0.674613 0.634483
vt 0.684989 0.643075
vt 0.692798 0.636518
vt 0.694137 0.651102
vt 0.701499 0.644545
vt 0.708416 0.652346
vt 0.585365 0.649633
vt 0.579564 0.658677
vt 0.593844 0.666591
vt 0.599199 0.658112
vt 0.604888 0.649633
vt 0.618833 0.657886
vt 0.624300 0.649520
vt 0.637910 0.657094
vt 0.650628 0.664669
vt 0.643377 0.648841
vt 0.655760 0.656642
vt 0.661449 0.648841
vt 0.672494 0.657094
vt 0.678295 0.649972
vt 0.688112 0.657999
vt 0.697595 0.665121
vt 0.702392 0.658338
vt 0.546431 0.651441
vt 0.560041 0.660147
vt 0.565731 0.650311
vt 0.930867 0.660034
vt 0.933990 0.674731
vt 0.917368 0.673035
vt 0.936110 0.689315
vt 0.918707 0.686714
vt 0.936891 0.703785
vt 0.936333 0.718143
vt 0.611694 0.944591
vt 0.106104 0.034506
vt 0.102311 0.031453
vt 0.103538 0.028288
vt 0.108447 0.031114
vt 0.104653 0.024670
vt 0.111793 0.028175
vt 0.566177 0.859800
vt 0.145484 0.148690
vt 0.145484 0.150160
vt 0.150616 0.148803
vt 0.145484 0.151630
vt 0.150505 0.150499
vt 0.150728 0.152534
vt 0.157644 0.153326
vt 0.150505 0.154795
vt 0.156417 0.155587
vt 0.155190 0.158526
vt 0.161103 0.163048
vt 0.154632 0.161239
vt 0.158314 0.165761
vt 0.151509 0.161918
vt 0.154521 0.168475
vt 0.147158 0.163613
vt 0.149389 0.171414
vt 0.142919 0.174467
vt 0.152959 0.180572
vt 0.145261 0.184415
vt 0.149166 0.194816
vt 0.139237 0.198660
vt 0.154521 0.204765
vt 0.141691 0.211661
vt 0.150951 0.219349
vt 0.141357 0.226585
vt 0.158425 0.226585
vt 0.148497 0.232803
vt 0.145596 0.153439
vt 0.145708 0.155587
vt 0.146042 0.158639
vt 0.141245 0.159770
vt 0.141803 0.165875
vt 0.135890 0.176615
vt 0.137006 0.187242
vt 0.129308 0.200356
vt 0.127635 0.212905
vt 0.135779 0.221610
vt 0.123619 0.226585
vt 0.131316 0.233820
vt 0.112463 0.239473
vt 0.103538 0.251456
vt 0.096398 0.264458
vt 0.141357 0.154456
vt 0.141245 0.156491
vt 0.136560 0.161013
vt 0.136002 0.167457
vt 0.130201 0.177067
vt 0.129643 0.188259
vt 0.120383 0.200017
vt 0.116367 0.212679
vt 0.110343 0.225115
vt 0.107219 0.210870
vt 0.100526 0.222967
vt 0.100079 0.208383
vt 0.092270 0.220367
vt 0.085354 0.217201
vt 0.084015 0.232576
vt 0.076094 0.229298
vt 0.075425 0.245238
vt 0.066611 0.241734
vt 0.057575 0.254509
vt 0.113132 0.198547
vt 0.123396 0.187807
vt 0.125961 0.176615
vt 0.131651 0.167796
vt 0.132543 0.161805
vt 0.132990 0.158187
vt 0.136894 0.157622
vt 0.137117 0.155361
vt 0.141468 0.152760
vt 0.129085 0.157056
vt 0.129531 0.158978
vt 0.125961 0.159770
vt 0.126631 0.161239
vt 0.123953 0.166327
vt 0.127300 0.162822
vt 0.125738 0.167457
vt 0.128193 0.167910
vt 0.122726 0.175484
vt 0.129420 0.162144
vt 0.176387 0.227941
vt 0.186873 0.221723
vt 0.194906 0.228733
vt 0.197360 0.215392
vt 0.205838 0.222062
vt 0.216660 0.215053
vt 0.214205 0.228506
vt 0.225361 0.220932
vt 0.222238 0.234951
vt 0.233840 0.227037
vt 0.168689 0.220593
vt 0.161326 0.213131
vt 0.178952 0.214714
vt 0.171255 0.207365
vt 0.164227 0.199452
vt 0.157979 0.190294
vt 0.165454 0.185772
vt 0.159318 0.176728
vt 0.172705 0.194251
vt 0.180068 0.189277
vt 0.171701 0.181363
vt 0.176833 0.177067
vt 0.168243 0.169605
vt 0.181072 0.172771
vt 0.171478 0.166327
vt 0.174378 0.162935
vt 0.163334 0.160335
vt 0.165565 0.157735
vt 0.184754 0.168362
vt 0.191559 0.178876
vt 0.186204 0.184189
vt 0.188993 0.195947
vt 0.180626 0.201600
vt 0.196244 0.173336
vt 0.202603 0.184302
vt 0.196467 0.190407
vt 0.198475 0.202391
vt 0.188993 0.208609
vt 0.208181 0.177971
vt 0.214094 0.189277
vt 0.207177 0.195947
vt 0.207623 0.208948
vt 0.220341 0.182380
vt 0.225138 0.194477
vt 0.216994 0.201939
vt 0.226700 0.207478
vt 0.236071 0.213131
vt 0.244996 0.219123
vt 0.253586 0.225454
vt 0.235625 0.199678
vt 0.245777 0.205217
vt 0.255483 0.211209
vt 0.264742 0.217540
vt 0.265188 0.203182
vt 0.254702 0.197304
vt 0.243769 0.191990
vt 0.232390 0.186903
vt 0.226142 0.175371
vt 0.213313 0.171527
vt 0.200484 0.167796
vt 0.188323 0.163727
vt 0.177167 0.159317
vt 0.167573 0.154795
vt 0.179733 0.155247
vt 0.169470 0.151630
vt 0.171143 0.148125
vt 0.160433 0.146203
vt 0.172259 0.144846
vt 0.160768 0.143716
vt 0.160991 0.141116
vt 0.217998 0.165083
vt 0.204500 0.161918
vt 0.207958 0.156039
vt 0.191559 0.158865
vt 0.194459 0.153665
vt 0.182076 0.150838
vt 0.183861 0.146542
vt 0.172817 0.141907
vt 0.173040 0.138855
vt 0.185088 0.142585
vt 0.198587 0.143377
vt 0.196802 0.148464
vt 0.213201 0.144168
vt 0.210859 0.150160
vt 0.225808 0.151856
vt 0.222126 0.158526
vt 0.236517 0.161126
vt 0.231609 0.168362
vt 0.245219 0.171979
vt 0.238972 0.179441
vt 0.202938 0.235629
vt 0.150839 0.147108
vt 0.159764 0.148690
vt 0.158760 0.151178
vt 0.122726 0.164970
vt 0.120272 0.174241
vt 0.118264 0.172997
vt 0.111682 0.183059
vt 0.118375 0.186450
vt 0.114694 0.184755
vt 0.107666 0.196512
vt 0.103315 0.194025
vt 0.094390 0.205556
vt 0.240868 0.153778
vt 0.255706 0.156378
vt 0.259833 0.148012
vt 0.262957 0.139420
vt 0.244327 0.146203
vt 0.228597 0.145073
vt 0.230828 0.138176
vt 0.215098 0.138176
vt 0.232167 0.131167
vt 0.216325 0.132071
vt 0.216660 0.126080
vt 0.200930 0.128454
vt 0.216213 0.119975
vt 0.200707 0.123592
vt 0.199814 0.118957
vt 0.186204 0.126984
vt 0.185869 0.123253
vt 0.174155 0.129019
vt 0.174267 0.125853
vt 0.246892 0.138515
vt 0.130982 0.277459
vt 0.140799 0.273841
vt 0.150728 0.268754
vt 0.146488 0.283451
vt 0.157756 0.277911
vt 0.173932 0.132411
vt 0.186315 0.130941
vt 0.186204 0.134898
vt 0.200707 0.133428
vt 0.199926 0.138402
vt 0.185758 0.138855
vt 0.173486 0.135802
vt 0.164338 0.172997
vt 0.508835 0.860931
vt 0.518095 0.870540
vt 0.527689 0.879811
vt 0.531036 0.877097
vt 0.539403 0.887159
vt 0.536837 0.889307
vt 0.547324 0.896995
vt 0.545427 0.898804
vt 0.554463 0.906039
vt 0.553125 0.908300
vt 0.548997 0.895525
vt 0.555802 0.904569
vt 0.053559 0.286277
vt 0.070293 0.275085
vt 0.059695 0.272145
vt 0.076875 0.261405
vt 0.067169 0.258579
vt 0.081003 0.276781
vt 0.086692 0.263214
vt 0.094167 0.249761
vt 0.102422 0.237212
vt 0.092828 0.235064
vt 0.084684 0.247839
vt 0.422376 0.620126
vt 0.425388 0.618091
vt 0.422265 0.623065
vt 0.426392 0.620917
vt 0.424161 0.616282
vt 0.422042 0.615038
vt 0.419141 0.614360
vt 0.418137 0.617299
vt 0.416241 0.613908
vt 0.415125 0.616621
vt 0.413898 0.613568
vt 0.412001 0.615490
vt 0.409770 0.613795
vt 0.409658 0.617977
vt 0.406758 0.616395
vt 0.404638 0.618430
vt 0.400734 0.618091
vt 0.401068 0.622047
vt 0.396271 0.623517
vt 0.414009 0.619108
vt 0.417245 0.619673
vt 0.420591 0.617864
vt 0.422376 0.618317
vt 0.419810 0.620239
vt 0.406981 0.620804
vt 0.412671 0.621482
vt 0.416241 0.622047
vt 0.418918 0.622726
vt 0.049431 0.267623
vt 0.042291 0.281416
vt 0.036044 0.295887
vt 0.862369 0.492375
vt 0.858799 0.495766
vt 0.150839 0.145412
vt 0.576218 0.932833
vt 0.524231 0.718030
vt 0.522892 0.730240
vt 0.537952 0.722326
vt 0.535944 0.733858
vt 0.546654 0.748781
vt 0.558814 0.751833
vt 0.556360 0.762800
vt 0.568185 0.765626
vt 0.554352 0.773879
vt 0.565954 0.776253
vt 0.548997 0.737476
vt 0.561826 0.741206
vt 0.571086 0.755225
vt 0.580011 0.768905
vt 0.577445 0.778853
vt 0.587262 0.791741
vt 0.597414 0.804177
vt 0.589159 0.782132
vt 0.583246 0.759182
vt 0.352317 0.583948
vt 0.347408 0.588131
vt 0.359345 0.593445
vt 0.355663 0.597063
vt 0.370613 0.598984
vt 0.367935 0.601698
vt 0.377975 0.606672
vt 0.375633 0.609159
vt 0.384557 0.611307
vt 0.381657 0.613568
vt 0.385562 0.616847
vt 0.385004 0.621256
vt 0.390805 0.620578
vt 0.388127 0.627248
vt 0.392144 0.625326
vt 0.363026 0.590279
vt 0.373290 0.596610
vt 0.380207 0.604524
vt 0.387235 0.609385
vt 0.390693 0.612551
vt 0.389578 0.615603
vt 0.394598 0.615829
vt 0.395490 0.619560
vt 0.398391 0.615038
vt 0.404081 0.614925
vt 0.334132 0.408715
vt 0.333575 0.398201
vt 0.344842 0.396505
vt 0.376079 0.594349
vt 0.384669 0.600906
vt 0.387570 0.598758
vt 0.391920 0.606672
vt 0.394709 0.604976
vt 0.399395 0.609951
vt 0.402965 0.607577
vt 0.401738 0.613003
vt 0.405419 0.610403
vt 0.407539 0.612099
vt 0.411109 0.609272
vt 0.413563 0.610968
vt 0.414009 0.606333
vt 0.416017 0.607124
vt 0.396383 0.611646
vt 0.393259 0.612212
vt 0.389466 0.608029
vt 0.382326 0.602715
vt 0.417245 0.610855
vt 0.418472 0.607577
vt 0.420368 0.611194
vt 0.433867 0.602489
vt 0.442234 0.598419
vt 0.436098 0.596949
vt 0.443015 0.593219
vt 0.442792 0.589714
vt 0.450155 0.585418
vt 0.446920 0.583496
vt 0.452163 0.572982
vt 0.445804 0.571060
vt 0.457629 0.560998
vt 0.450936 0.559416
vt 0.456402 0.547093
vt 0.449039 0.545849
vt 0.461980 0.534091
vt 0.454059 0.533074
vt 0.458633 0.520073
vt 0.449597 0.519960
vt 0.462873 0.507071
vt 0.452944 0.507298
vt 0.456067 0.494749
vt 0.445023 0.495879
vt 0.458745 0.482313
vt 0.446920 0.483895
vt 0.448258 0.472138
vt 0.434871 0.486383
vt 0.435429 0.475190
vt 0.422042 0.479260
vt 0.435317 0.464224
vt 0.421484 0.468859
vt 0.420480 0.458345
vt 0.405865 0.464111
vt 0.419141 0.447944
vt 0.404527 0.454049
vt 0.402965 0.443874
vt 0.387570 0.450545
vt 0.401403 0.433473
vt 0.386454 0.440257
vt 0.385450 0.429630
vt 0.370278 0.446135
vt 0.370501 0.435508
vt 0.355217 0.439013
vt 0.470347 0.481182
vt 0.466889 0.494183
vt 0.472690 0.507411
vt 0.467558 0.520751
vt 0.469789 0.535335
vt 0.463542 0.548449
vt 0.463654 0.562807
vt 0.457183 0.575017
vt 0.452609 0.587792
vt 0.455510 0.589375
vt 0.446362 0.598871
vt 0.460976 0.576939
vt 0.468785 0.564842
vt 0.470347 0.550145
vt 0.477264 0.537031
vt 0.476148 0.521882
vt 0.482172 0.508541
vt 0.477487 0.494183
vt 0.481615 0.480504
vt 0.472801 0.468068
vt 0.460753 0.469877
vt 0.461534 0.457328
vt 0.448705 0.460380
vt 0.448258 0.448736
vt 0.434648 0.453258
vt 0.461422 0.444892
vt 0.474252 0.441613
vt 0.474029 0.454841
vt 0.486412 0.452919
vt 0.484738 0.466711
vt 0.492771 0.480504
vt 0.487862 0.494749
vt 0.491544 0.510011
vt 0.484515 0.523690
vt 0.484515 0.539292
vt 0.476595 0.552180
vt 0.472913 0.567103
vt 0.464100 0.578748
vt 0.429516 0.598532
vt 0.437995 0.590392
vt 0.431747 0.590505
vt 0.441342 0.581800
vt 0.434759 0.580670
vt 0.438999 0.569477
vt 0.443796 0.557833
vt 0.436991 0.556702
vt 0.441676 0.544832
vt 0.445915 0.532509
vt 0.437548 0.532283
vt 0.440449 0.520186
vt 0.442903 0.507976
vt 0.432417 0.509220
vt 0.433755 0.497688
vt 0.422153 0.489774
vt 0.408878 0.494183
vt 0.408208 0.484122
vt 0.393594 0.489209
vt 0.392144 0.479599
vt 0.378087 0.493844
vt 0.375856 0.484574
vt 0.358341 0.488870
vt 0.354325 0.479599
vt 0.342276 0.493279
vt 0.336921 0.484008
vt 0.331790 0.474851
vt 0.426616 0.589940
vt 0.428958 0.579878
vt 0.432417 0.568460
vt 0.422823 0.589940
vt 0.424161 0.579652
vt 0.426727 0.568008
vt 0.430409 0.556024
vt 0.434202 0.544153
vt 0.426727 0.544040
vt 0.428958 0.532509
vt 0.430966 0.520864
vt 0.421038 0.522221
vt 0.421595 0.511254
vt 0.421930 0.500514
vt 0.409435 0.504132
vt 0.396383 0.508202
vt 0.394821 0.498706
vt 0.380430 0.503115
vt 0.366150 0.507411
vt 0.362246 0.498140
vt 0.347631 0.502662
vt 0.334579 0.508993
vt 0.328443 0.500514
vt 0.352874 0.511933
vt 0.358006 0.521090
vt 0.370278 0.516568
vt 0.374629 0.525725
vt 0.386231 0.521655
vt 0.378980 0.534883
vt 0.389355 0.531039
vt 0.392478 0.540536
vt 0.401738 0.537257
vt 0.403746 0.547658
vt 0.410997 0.534883
vt 0.411555 0.545736
vt 0.419141 0.544492
vt 0.418137 0.556250
vt 0.424161 0.555798
vt 0.420145 0.533300
vt 0.410663 0.524256
vt 0.410105 0.514081
vt 0.398168 0.517699
vt 0.383219 0.512385
vt 0.350978 0.470216
vt 0.371282 0.466033
vt 0.370389 0.456423
vt 0.388908 0.460380
vt 0.350532 0.460493
vt 0.352986 0.449640
vt 0.399841 0.422733
vt 0.398056 0.411654
vt 0.413675 0.415724
vt 0.415683 0.426577
vt 0.417579 0.437317
vt 0.431636 0.431212
vt 0.433309 0.442179
vt 0.411667 0.404532
vt 0.427397 0.408941
vt 0.429628 0.420133
vt 0.445469 0.425560
vt 0.447143 0.437091
vt 0.425165 0.397635
vt 0.441342 0.402497
vt 0.443461 0.414028
vt 0.459191 0.420246
vt 0.460530 0.432456
vt 0.438999 0.390965
vt 0.455398 0.396166
vt 0.457406 0.408149
vt 0.472801 0.415611
vt 0.473805 0.428612
vt 0.487193 0.439126
vt 0.500245 0.437317
vt 0.499018 0.451562
vt 0.511624 0.450884
vt 0.508278 0.466033
vt 0.524231 0.450884
vt 0.519991 0.466824
vt 0.536837 0.452127
vt 0.531594 0.468633
vt 0.487193 0.425560
vt 0.486523 0.411993
vt 0.471351 0.402949
vt 0.469566 0.390287
vt 0.453167 0.384295
vt 0.450824 0.372198
vt 0.436656 0.379321
vt 0.434313 0.367563
vt 0.420591 0.374572
vt 0.407316 0.381695
vt 0.422934 0.386217
vt 0.409435 0.393113
vt 0.390470 0.470103
vt 0.373290 0.475416
vt 0.407204 0.474173
vt 0.482061 0.555006
vt 0.491209 0.542344
vt 0.500468 0.529343
vt 0.492771 0.526065
vt 0.500691 0.512272
vt 0.507943 0.497801
vt 0.498014 0.495879
vt 0.503704 0.481069
vt 0.496452 0.466033
vt 0.525012 0.485026
vt 0.514525 0.482539
vt 0.517649 0.500854
vt 0.509393 0.515664
vt 0.293525 0.546075
vt 0.304569 0.538727
vt 0.313159 0.545510
vt 0.321861 0.552180
vt 0.323869 0.538614
vt 0.331901 0.545962
vt 0.349305 0.548336
vt 0.358899 0.543475
vt 0.365258 0.552067
vt 0.374182 0.547997
vt 0.371505 0.560772
vt 0.379649 0.557041
vt 0.387793 0.553537
vt 0.392590 0.562920
vt 0.395825 0.550258
vt 0.399507 0.560320
vt 0.405977 0.558398
vt 0.412113 0.557041
vt 0.417245 0.568234
vt 0.421819 0.568008
vt 0.383219 0.544153
vt 0.368828 0.538953
vt 0.363361 0.530135
vt 0.352540 0.534883
vt 0.346404 0.526291
vt 0.335025 0.532170
vt 0.340491 0.517586
vt 0.328108 0.524256
vt 0.321415 0.516455
vt 0.308585 0.524143
vt 0.150505 0.157735
vt 0.316060 0.531378
vt 0.296314 0.531830
vt 0.284934 0.503002
vt 0.342165 0.540196
vt 0.296202 0.416402
vt 0.298991 0.411654
vt 0.296090 0.406114
vt 0.420368 0.579765
vt 0.419922 0.590166
vt 0.452386 0.156152
vt 0.464769 0.167005
vt 0.455510 0.185546
vt 0.476818 0.178876
vt 0.466666 0.196399
vt 0.488308 0.191651
vt 0.477152 0.208270
vt 0.486858 0.221045
vt 0.465996 0.224550
vt 0.475033 0.236420
vt 0.446139 0.203295
vt 0.456402 0.213470
vt 0.498906 0.205217
vt 0.508389 0.219462
vt 0.495671 0.234724
vt 0.516868 0.234498
vt 0.503704 0.249195
vt 0.510620 0.264232
vt 0.490428 0.262649
vt 0.496341 0.276441
vt 0.480722 0.286390
vt 0.469008 0.307418
vt 0.453948 0.315445
vt 0.439557 0.323698
vt 0.457295 0.327768
vt 0.442903 0.335795
vt 0.445804 0.348005
vt 0.431859 0.355692
vt 0.448481 0.360101
vt 0.462873 0.352866
vt 0.465215 0.365302
vt 0.467447 0.377738
vt 0.482061 0.372085
vt 0.483846 0.385199
vt 0.485408 0.398540
vt 0.499576 0.395035
vt 0.500357 0.409054
vt 0.500580 0.423072
vt 0.514525 0.421150
vt 0.513521 0.435847
vt 0.527020 0.435169
vt 0.460195 0.340317
vt 0.475367 0.333081
vt 0.472467 0.320193
vt 0.488308 0.312845
vt 0.484850 0.299391
vt 0.500915 0.290573
vt 0.477933 0.345970
vt 0.480053 0.358971
vt 0.495448 0.353657
vt 0.497122 0.367337
vt 0.498460 0.381129
vt 0.513632 0.377625
vt 0.514302 0.392096
vt 0.514636 0.406567
vt 0.529585 0.404532
vt 0.528693 0.419794
vt 0.543196 0.419568
vt 0.540630 0.435734
vt 0.491097 0.326411
vt 0.493440 0.339978
vt 0.511290 0.348796
vt 0.512628 0.363267
vt 0.529474 0.374459
vt 0.529697 0.389495
vt 0.544869 0.403627
vt 0.507162 0.319741
vt 0.509505 0.334325
vt 0.527354 0.343822
vt 0.528693 0.359310
vt 0.545650 0.371746
vt 0.545650 0.387800
vt 0.504373 0.305157
vt 0.523115 0.312166
vt 0.525569 0.328107
vt 0.543419 0.338621
vt 0.544869 0.355466
vt 0.520103 0.296000
vt 0.538510 0.303461
vt 0.541299 0.321324
vt 0.516087 0.279833
vt 0.530366 0.267397
vt 0.524231 0.250439
vt 0.534940 0.285373
vt 0.069289 0.463207
vt 0.167573 0.364737
vt 0.406423 0.598758
vt 0.402296 0.600341
vt 0.396718 0.593784
vt 0.398279 0.602602
vt 0.391697 0.596158
vt 0.406423 0.605089
vt 0.409101 0.607690
vt 0.409770 0.603054
vt 0.412224 0.605202
vt 0.412336 0.600793
vt 0.414121 0.602376
vt 0.409882 0.597402
vt 0.607901 0.887950
vt 0.606897 0.876532
vt 0.610355 0.867149
vt 0.606673 0.855730
vt 0.609797 0.846347
vt 0.603438 0.834815
vt 0.605558 0.825545
vt 0.596410 0.813674
vt 0.055679 0.331725
vt 0.088923 0.503567
vt 0.666804 0.694402
vt 0.413452 0.176049
vt 0.573205 0.589149
vt 0.155190 0.495766
vt 0.197583 0.416854
vt 0.870401 0.555572
vt 0.562049 0.899595
vt 0.383777 0.629961
vt 0.377195 0.633579
vt 0.380207 0.624987
vt 0.374294 0.628492
vt 0.371059 0.623743
vt 0.365369 0.631883
vt 0.364030 0.626683
vt 0.353321 0.628039
vt 0.362469 0.623065
vt 0.354213 0.622726
vt 0.356444 0.617751
vt 0.341272 0.622160
vt 0.343392 0.616282
vt 0.329001 0.615151
vt 0.331678 0.608933
vt 0.314163 0.613568
vt 0.317287 0.606898
vt 0.303007 0.603959
vt 0.321080 0.600341
vt 0.307470 0.596949
vt 0.312490 0.590166
vt 0.294194 0.592653
vt 0.299995 0.585531
vt 0.281141 0.587792
vt 0.287723 0.580330
vt 0.275786 0.574565
vt 0.346069 0.610629
vt 0.359457 0.612777
vt 0.365927 0.620126
vt 0.375744 0.620239
vt 0.369385 0.616056
vt 0.372955 0.612212
vt 0.362357 0.608481
vt 0.348970 0.605542
vt 0.334913 0.603167
vt 0.338595 0.597628
vt 0.325319 0.594123
vt 0.330116 0.588244
vt 0.318068 0.583496
vt 0.306466 0.578522
vt 0.365146 0.604750
vt 0.352205 0.601019
vt 0.342723 0.592653
vt 0.335583 0.582705
vt 0.379203 0.616734
vt 0.366819 0.637310
vt 0.353209 0.633805
vt 0.353767 0.639232
vt 0.338929 0.640023
vt 0.339041 0.634257
vt 0.323200 0.640927
vt 0.323646 0.634483
vt 0.306912 0.641719
vt 0.307693 0.634483
vt 0.291516 0.633918
vt 0.309254 0.627361
vt 0.293301 0.626004
vt 0.311486 0.620352
vt 0.295867 0.618430
vt 0.299214 0.611081
vt 0.284488 0.607690
vt 0.289062 0.600002
vt 0.270209 0.603394
vt 0.275229 0.595367
vt 0.256152 0.598419
vt 0.261842 0.590053
vt 0.248677 0.584174
vt 0.268312 0.582252
vt 0.255817 0.576034
vt 0.264184 0.568347
vt 0.236183 0.577956
vt 0.229378 0.587114
vt 0.223576 0.596836
vt 0.210301 0.590845
vt 0.204500 0.601698
vt 0.199256 0.613003
vt 0.184977 0.606446
vt 0.179176 0.618204
vt 0.218333 0.607350
vt 0.232613 0.612325
vt 0.237187 0.602263
vt 0.251243 0.607237
vt 0.265746 0.611873
vt 0.247116 0.616734
vt 0.262065 0.620691
vt 0.243769 0.626796
vt 0.259276 0.630074
vt 0.257268 0.639684
vt 0.275229 0.632335
vt 0.273778 0.641267
vt 0.290401 0.641945
vt 0.228708 0.622952
vt 0.213759 0.618430
vt 0.209631 0.629848
vt 0.194348 0.624535
vt 0.225250 0.634031
vt 0.241091 0.637423
vt 0.150282 0.550710
vt 0.277460 0.623856
vt 0.280584 0.615603
vt 0.377083 0.150725
vt 0.060141 0.420698
vt 0.391920 0.297469
vt 0.103092 0.408488
vt 0.212420 0.382712
vt 0.178729 0.454162
vt 0.409101 0.242186
vt 0.371393 0.349587
vt 0.629990 0.597741
vt 0.202715 0.315558
vt 0.184196 0.316802
vt 0.176387 0.326637
vt 0.211974 0.307983
vt 0.324873 0.628039
vt 0.339822 0.628265
vt 0.326658 0.621482
vt 0.141580 0.151178
vt 0.054786 0.376720
vt 0.141580 0.402610
vt 0.112463 0.446475
vt 0.382996 0.214714
vt 0.399953 0.527308
vt 0.703731 0.521995
vt 0.873748 0.590618
vt 0.251243 0.184189
vt 0.258272 0.176276
vt 0.270766 0.181250
vt 0.264742 0.168136
vt 0.277906 0.172658
vt 0.250797 0.164292
vt 0.270320 0.159544
vt 0.262957 0.189390
vt 0.274336 0.195042
vt 0.242542 0.592880
vt 0.097291 0.369372
vt 0.136113 0.363493
vt 0.483288 0.249195
vt 0.203049 0.344952
vt 0.858799 0.495766
# num_vertices: 3490


g Object_texture.jpg

usemtl TexMap

f 1/1 2/2 3/3
f 2/2 4/4 3/3
f 3/3 4/4 5/5
f 4/4 6/6 5/5
f 5/5 6/6 7/7
f 6/6 8/8 7/7
f 2/2 9/9 4/4
f 9/9 10/10 4/4
f 4/4 10/10 6/6
f 10/10 11/11 6/6
f 6/6 11/11 12/12
f 11/11 13/13 12/12
f 12/12 13/13 14/14
f 13/13 15/15 14/14
f 14/14 15/15 16/16
f 15/15 17/17 16/16
f 16/16 17/17 18/18
f 17/17 19/19 18/18
f 18/18 19/19 20/20
f 19/19 21/21 20/20
f 20/20 21/21 22/22
f 12/12 14/14 23/23
f 14/14 16/16 23/23
f 23/23 16/16 24/24
f 16/16 18/18 24/24
f 24/24 18/18 25/25
f 18/18 20/20 25/25
f 25/25 20/20 26/26
f 20/20 22/22 26/26
f 26/26 22/22 27/27
f 22/22 28/28 27/27
f 27/27 28/28 29/29
f 29/29 30/30 27/27
f 30/30 31/31 27/27
f 27/27 31/31 26/26
f 31/31 32/32 26/26
f 26/26 32/32 25/25
f 32/32 33/33 25/25
f 25/25 33/33 24/24
f 33/33 34/34 24/24
f 24/24 34/34 23/23
f 34/34 35/35 23/23
f 23/23 35/35 36/36
f 35/35 37/37 36/36
f 36/36 37/37 38/38
f 35/35 34/34 39/39
f 34/34 33/33 39/39
f 39/39 33/33 40/40
f 33/33 32/32 40/40
f 40/40 32/32 41/41
f 32/32 31/31 41/41
f 41/41 31/31 42/42
f 31/31 30/30 42/42
f 42/42 30/30 43/43
f 30/30 44/44 43/43
f 43/43 44/44 45/45
f 44/44 46/46 45/45
f 45/45 46/46 47/47
f 46/46 48/48 47/47
f 47/47 48/48 49/49
f 49/49 50/50 47/47
f 50/50 51/51 47/47
f 47/47 51/51 45/45
f 51/51 52/52 45/45
f 45/45 52/52 43/43
f 52/52 53/53 43/43
f 43/43 53/53 42/42
f 53/53 54/54 42/42
f 42/42 54/54 41/41
f 54/54 55/55 41/41
f 41/41 55/55 40/40
f 55/55 56/56 40/40
f 40/40 56/56 39/39
f 56/56 57/57 39/39
f 39/39 57/57 37/37
f 49/49 58/58 50/50
f 58/58 59/59 50/50
f 50/50 59/59 51/51
f 59/59 60/60 51/51
f 51/51 60/60 52/52
f 60/60 61/61 52/52
f 52/52 61/61 53/53
f 61/61 62/62 53/53
f 53/53 62/62 54/54
f 62/62 63/63 54/54
f 54/54 63/63 55/55
f 63/63 64/64 55/55
f 55/55 64/64 56/56
f 64/64 65/65 56/56
f 56/56 65/65 57/57
f 49/49 66/66 58/58
f 66/66 67/67 58/58
f 58/58 67/67 68/68
f 67/67 69/69 68/68
f 68/68 69/69 59/59
f 69/69 70/70 59/59
f 59/59 70/70 60/60
f 70/70 71/71 60/60
f 60/60 71/71 72/72
f 70/70 69/69 71/71
f 69/69 73/73 71/71
f 71/71 73/73 74/74
f 73/73 75/75 74/74
f 69/69 76/76 73/73
f 76/76 77/77 73/73
f 73/73 77/77 75/75
f 76/76 69/69 78/78
f 69/69 67/67 78/78
f 79/79 80/80 81/81
f 80/80 82/82 81/81
f 81/81 82/82 83/83
f 82/82 84/84 83/83
f 83/83 84/84 85/85
f 84/84 86/86 85/85
f 85/85 86/86 87/87
f 86/86 88/88 87/87
f 87/87 88/88 89/89
f 88/88 90/90 89/89
f 89/89 90/90 91/91
f 90/90 92/92 91/91
f 91/91 92/92 93/93
f 92/92 94/94 93/93
f 93/93 94/94 95/95
f 94/94 96/96 95/95
f 95/95 96/96 97/97
f 96/96 98/98 97/97
f 97/97 98/98 99/99
f 98/98 100/100 99/99
f 99/99 100/100 101/101
f 100/100 102/102 101/101
f 101/101 102/102 103/103
f 102/102 104/104 103/103
f 103/103 104/104 105/105
f 104/104 106/106 105/105
f 105/105 106/106 107/107
f 106/106 108/108 107/107
f 107/107 108/108 109/109
f 108/108 110/110 109/109
f 109/109 110/110 111/111
f 110/110 112/112 111/111
f 111/111 112/112 113/113
f 112/112 114/114 113/113
f 113/113 114/114 115/115
f 114/114 116/116 115/115
f 115/115 116/116 117/117
f 116/116 118/118 117/117
f 117/117 118/118 119/119
f 118/118 120/120 119/119
f 119/119 120/120 121/121
f 120/120 122/122 121/121
f 121/121 122/122 123/123
f 122/122 124/124 123/123
f 123/123 124/124 125/125
f 124/124 126/126 125/125
f 125/125 126/126 127/127
f 126/126 128/128 127/127
f 127/127 128/128 129/129
f 128/128 130/130 129/129
f 129/129 130/130 131/131
f 130/130 132/132 131/131
f 131/131 132/132 133/133
f 132/132 134/134 133/133
f 133/133 134/134 135/135
f 134/134 136/136 135/135
f 135/135 136/136 137/137
f 136/136 138/138 137/137
f 137/137 138/138 139/139
f 138/138 140/140 139/139
f 139/139 140/140 141/141
f 140/140 142/142 141/141
f 141/141 142/142 143/143
f 142/142 144/144 143/143
f 143/143 144/144 145/145
f 144/144 146/146 145/145
f 145/145 146/146 147/147
f 146/146 148/148 147/147
f 147/147 148/148 149/149
f 148/148 150/150 149/149
f 149/149 150/150 151/151
f 150/150 152/152 151/151
f 151/151 152/152 153/153
f 152/152 154/154 153/153
f 153/153 154/154 155/155
f 89/89 91/91 156/156
f 91/91 93/93 156/156
f 156/156 93/93 157/157
f 93/93 158/158 157/157
f 157/157 158/158 159/159
f 158/158 160/160 159/159
f 159/159 160/160 161/161
f 160/160 162/162 161/161
f 161/161 162/162 163/163
f 162/162 164/164 163/163
f 163/163 164/164 165/165
f 164/164 166/166 165/165
f 165/165 166/166 167/167
f 166/166 101/101 167/167
f 167/167 101/101 168/168
f 101/101 105/105 168/168
f 168/168 105/105 169/169
f 105/105 170/170 169/169
f 169/169 170/170 171/171
f 170/170 109/109 171/171
f 171/171 109/109 172/172
f 109/109 173/173 172/172
f 172/172 173/173 174/174
f 173/173 113/113 174/174
f 174/174 113/113 175/175
f 113/113 176/176 175/175
f 175/175 176/176 177/177
f 176/176 117/117 177/177
f 177/177 117/117 178/178
f 117/117 179/179 178/178
f 178/178 179/179 180/180
f 179/179 121/121 180/180
f 180/180 121/121 181/181
f 121/121 182/182 181/181
f 181/181 182/182 183/183
f 182/182 125/125 183/183
f 183/183 125/125 184/184
f 125/125 185/185 184/184
f 184/184 185/185 186/186
f 185/185 129/129 186/186
f 186/186 129/129 187/187
f 129/129 188/188 187/187
f 187/187 188/188 189/189
f 188/188 133/133 189/189
f 189/189 133/133 190/190
f 133/133 191/191 190/190
f 190/190 191/191 192/192
f 191/191 193/193 192/192
f 192/192 193/193 194/194
f 193/193 137/137 194/194
f 194/194 137/137 195/195
f 137/137 196/196 195/195
f 195/195 196/196 197/197
f 196/196 141/141 197/197
f 197/197 141/141 198/198
f 141/141 199/199 198/198
f 198/198 199/199 200/200
f 199/199 145/145 200/200
f 200/200 145/145 201/201
f 145/145 202/202 201/201
f 201/201 202/202 203/203
f 202/202 204/204 203/203
f 203/203 204/204 205/205
f 204/204 206/206 205/205
f 205/205 206/206 207/207
f 206/206 208/208 207/207
f 207/207 208/208 209/209
f 208/208 210/210 209/209
f 209/209 210/210 211/211
f 165/165 167/167 212/212
f 167/167 169/169 212/212
f 212/212 169/169 213/213
f 169/169 214/214 213/213
f 213/213 214/214 215/215
f 214/214 172/172 215/215
f 215/215 172/172 216/216
f 172/172 217/217 216/216
f 216/216 217/217 218/218
f 217/217 175/175 218/218
f 218/218 175/175 219/219
f 175/175 220/220 219/219
f 219/219 220/220 221/221
f 220/220 178/178 221/221
f 221/221 178/178 222/222
f 178/178 223/223 222/222
f 222/222 223/223 224/224
f 223/223 181/181 224/224
f 224/224 181/181 225/225
f 181/181 226/226 225/225
f 225/225 226/226 227/227
f 226/226 184/184 227/227
f 227/227 184/184 228/228
f 184/184 229/229 228/228
f 228/228 229/229 230/230
f 229/229 187/187 230/230
f 230/230 187/187 231/231
f 187/187 232/232 231/231
f 231/231 232/232 233/233
f 232/232 190/190 233/233
f 233/233 190/190 234/234
f 190/190 235/235 234/234
f 234/234 235/235 236/236
f 235/235 237/237 236/236
f 236/236 237/237 238/238
f 237/237 194/194 238/238
f 238/238 194/194 239/239
f 194/194 240/240 239/239
f 239/239 240/240 241/241
f 240/240 197/197 241/241
f 241/241 197/197 242/242
f 197/197 243/243 242/242
f 242/242 243/243 244/244
f 243/243 200/200 244/244
f 244/244 200/200 245/245
f 200/200 246/246 245/245
f 245/245 246/246 247/247
f 246/246 203/203 247/247
f 247/247 203/203 248/248
f 203/203 249/249 248/248
f 248/248 249/249 250/250
f 249/249 251/251 250/250
f 250/250 251/251 252/252
f 251/251 253/253 252/252
f 252/252 253/253 254/254
f 253/253 255/255 254/254
f 254/254 255/255 256/256
f 249/249 205/205 251/251
f 205/205 207/207 251/251
f 251/251 207/207 253/253
f 207/207 209/209 253/253
f 253/253 209/209 255/255
f 209/209 211/211 255/255
f 113/113 173/173 111/111
f 173/173 109/109 111/111
f 113/113 115/115 176/176
f 115/115 117/117 176/176
f 145/145 147/147 202/202
f 147/147 204/204 202/202
f 147/147 149/149 204/204
f 149/149 206/206 204/204
f 149/149 151/151 206/206
f 151/151 208/208 206/206
f 151/151 153/153 208/208
f 153/153 210/210 208/208
f 200/200 243/243 198/198
f 243/243 197/197 198/198
f 175/175 217/217 174/174
f 217/217 172/172 174/174
f 117/117 119/119 179/179
f 119/119 121/121 179/179
f 125/125 182/182 123/123
f 182/182 121/121 123/123
f 184/184 226/226 183/183
f 226/226 181/181 183/183
f 178/178 180/180 223/223
f 180/180 181/181 223/223
f 19/19 17/17 257/257
f 17/17 258/258 257/257
f 17/17 15/15 258/258
f 15/15 259/259 258/258
f 258/258 259/259 260/260
f 15/15 13/13 259/259
f 13/13 261/261 259/259
f 259/259 261/261 262/262
f 261/261 13/13 263/263
f 13/13 10/10 263/263
f 263/263 10/10 9/9
f 9/9 264/264 263/263
f 264/264 265/265 263/263
f 263/263 265/265 261/261
f 265/265 262/262 261/261
f 262/262 265/265 266/266
f 265/265 267/267 266/266
f 266/266 267/267 268/268
f 267/267 269/269 268/268
f 268/268 269/269 270/270
f 269/269 271/271 270/270
f 270/270 271/271 272/272
f 271/271 273/273 272/272
f 272/272 273/273 274/274
f 273/273 275/275 274/274
f 274/274 275/275 276/276
f 275/275 277/277 276/276
f 276/276 277/277 278/278
f 277/277 279/279 278/278
f 278/278 279/279 280/280
f 279/279 281/281 280/280
f 280/280 281/281 282/282
f 281/281 283/283 282/282
f 282/282 283/283 284/284
f 283/283 285/285 284/284
f 284/284 285/285 286/286
f 285/285 287/287 286/286
f 286/286 287/287 288/288
f 287/287 289/289 288/288
f 288/288 289/289 290/290
f 289/289 291/291 290/290
f 290/290 291/291 292/292
f 291/291 293/293 292/292
f 292/292 293/293 294/294
f 293/293 295/295 294/294
f 294/294 295/295 296/296
f 295/295 297/297 296/296
f 296/296 297/297 298/298
f 297/297 299/299 298/298
f 298/298 299/299 300/300
f 299/299 301/301 300/300
f 300/300 301/301 302/302
f 301/301 303/303 302/302
f 302/302 303/303 304/304
f 303/303 305/305 304/304
f 304/304 305/305 306/306
f 305/305 307/307 306/306
f 306/306 307/307 308/308
f 307/307 309/309 308/308
f 308/308 309/309 310/310
f 309/309 311/311 310/310
f 310/310 311/311 312/312
f 311/311 313/313 312/312
f 312/312 313/313 314/314
f 313/313 315/315 314/314
f 314/314 315/315 316/316
f 315/315 317/317 316/316
f 316/316 317/317 318/318
f 317/317 319/319 318/318
f 318/318 319/319 320/320
f 319/319 321/321 320/320
f 320/320 321/321 322/322
f 321/321 323/323 322/322
f 322/322 323/323 324/324
f 323/323 325/325 324/324
f 324/324 325/325 326/326
f 325/325 327/327 326/326
f 326/326 327/327 328/328
f 327/327 329/329 328/328
f 328/328 329/329 330/330
f 329/329 331/331 330/330
f 330/330 331/331 332/332
f 331/331 333/333 332/332
f 332/332 333/333 334/334
f 333/333 335/335 334/334
f 334/334 335/335 336/336
f 335/335 337/337 336/336
f 336/336 337/337 338/338
f 337/337 339/339 338/338
f 338/338 339/339 340/340
f 339/339 341/341 340/340
f 340/340 341/341 247/247
f 341/341 245/245 247/247
f 341/341 339/339 244/244
f 339/339 337/337 244/244
f 244/244 337/337 342/342
f 337/337 343/343 342/342
f 342/342 343/343 241/241
f 343/343 344/344 241/241
f 241/241 344/344 345/345
f 344/344 346/346 345/345
f 345/345 346/346 238/238
f 346/346 347/347 238/238
f 238/238 347/347 348/348
f 347/347 349/349 348/348
f 348/348 349/349 350/350
f 349/349 351/351 350/350
f 350/350 351/351 234/234
f 351/351 352/352 234/234
f 234/234 352/352 353/353
f 352/352 354/354 353/353
f 353/353 354/354 231/231
f 354/354 355/355 231/231
f 231/231 355/355 356/356
f 355/355 357/357 356/356
f 356/356 357/357 228/228
f 357/357 358/358 228/228
f 228/228 358/358 359/359
f 358/358 360/360 359/359
f 359/359 360/360 225/225
f 360/360 361/361 225/225
f 225/225 361/361 362/362
f 361/361 363/363 362/362
f 362/362 363/363 222/222
f 363/363 364/364 222/222
f 222/222 364/364 365/365
f 364/364 366/366 365/365
f 365/365 366/366 219/219
f 366/366 367/367 219/219
f 219/219 367/367 368/368
f 367/367 369/369 368/368
f 368/368 369/369 216/216
f 369/369 370/370 216/216
f 216/216 370/370 371/371
f 370/370 372/372 371/371
f 371/371 372/372 213/213
f 372/372 373/373 213/213
f 213/213 373/373 374/374
f 373/373 375/375 374/374
f 374/374 375/375 165/165
f 375/375 376/376 165/165
f 165/165 376/376 163/163
f 376/376 377/377 163/163
f 163/163 377/377 378/378
f 377/377 379/379 378/378
f 378/378 379/379 380/380
f 379/379 381/381 380/380
f 380/380 381/381 382/382
f 381/381 383/383 382/382
f 382/382 383/383 384/384
f 383/383 385/385 384/384
f 384/384 385/385 386/386
f 385/385 387/387 386/386
f 386/386 387/387 388/388
f 387/387 389/389 388/388
f 388/388 389/389 390/390
f 389/389 391/391 390/390
f 390/390 391/391 392/392
f 391/391 393/393 392/392
f 392/392 393/393 394/394
f 393/393 395/395 394/394
f 394/394 395/395 396/396
f 395/395 397/397 396/396
f 396/396 397/397 398/398
f 397/397 399/399 398/398
f 398/398 399/399 400/400
f 379/379 377/377 401/401
f 377/377 375/375 401/401
f 401/401 375/375 402/402
f 375/375 403/403 402/402
f 402/402 403/403 404/404
f 403/403 372/372 404/404
f 404/404 372/372 405/405
f 372/372 406/406 405/405
f 405/405 406/406 407/407
f 406/406 369/369 407/407
f 407/407 369/369 408/408
f 369/369 409/409 408/408
f 408/408 409/409 410/410
f 409/409 366/366 410/410
f 410/410 366/366 411/411
f 366/366 412/412 411/411
f 411/411 412/412 413/413
f 412/412 363/363 413/413
f 413/413 363/363 414/414
f 363/363 415/415 414/414
f 414/414 415/415 416/416
f 415/415 360/360 416/416
f 416/416 360/360 417/417
f 360/360 418/418 417/417
f 417/417 418/418 419/419
f 418/418 357/357 419/419
f 419/419 357/357 420/420
f 357/357 421/421 420/420
f 420/420 421/421 422/422
f 421/421 354/354 422/422
f 422/422 354/354 423/423
f 354/354 424/424 423/423
f 423/423 424/424 425/425
f 424/424 351/351 425/425
f 425/425 351/351 426/426
f 351/351 427/427 426/426
f 426/426 427/427 428/428
f 427/427 429/429 428/428
f 428/428 429/429 430/430
f 429/429 347/347 430/430
f 430/430 347/347 431/431
f 347/347 432/432 431/431
f 431/431 432/432 433/433
f 432/432 344/344 433/433
f 433/433 344/344 434/434
f 344/344 435/435 434/434
f 434/434 435/435 335/335
f 435/435 337/337 335/335
f 401/401 436/436 379/379
f 436/436 437/437 379/379
f 379/379 437/437 438/438
f 437/437 439/439 438/438
f 438/438 439/439 383/383
f 439/439 440/440 383/383
f 383/383 440/440 441/441
f 440/440 442/442 441/441
f 441/441 442/442 443/443
f 442/442 444/444 443/443
f 443/443 444/444 445/445
f 444/444 446/446 445/445
f 445/445 446/446 389/389
f 446/446 447/447 389/389
f 389/389 447/447 448/448
f 447/447 449/449 448/448
f 448/448 449/449 395/395
f 449/449 450/450 395/395
f 395/395 450/450 397/397
f 450/450 399/399 397/397
f 437/437 436/436 451/451
f 436/436 402/402 451/451
f 451/451 402/402 452/452
f 402/402 453/453 452/452
f 452/452 453/453 454/454
f 453/453 405/405 454/454
f 454/454 405/405 455/455
f 405/405 456/456 455/455
f 455/455 456/456 457/457
f 456/456 408/408 457/457
f 457/457 408/408 458/458
f 408/408 459/459 458/458
f 458/458 459/459 460/460
f 459/459 411/411 460/460
f 460/460 411/411 461/461
f 411/411 462/462 461/461
f 461/461 462/462 463/463
f 462/462 414/414 463/463
f 463/463 414/414 464/464
f 414/414 465/465 464/464
f 464/464 465/465 466/466
f 465/465 417/417 466/466
f 466/466 417/417 467/467
f 417/417 468/468 467/467
f 467/467 468/468 469/469
f 468/468 420/420 469/469
f 469/469 420/420 470/470
f 420/420 471/471 470/470
f 470/470 471/471 472/472
f 471/471 423/423 472/472
f 472/472 423/423 473/473
f 423/423 474/474 473/473
f 473/473 474/474 475/475
f 474/474 426/426 475/475
f 475/475 426/426 476/476
f 426/426 477/477 476/476
f 476/476 477/477 478/478
f 477/477 479/479 478/478
f 478/478 479/479 480/480
f 479/479 430/430 480/480
f 480/480 430/430 481/481
f 430/430 482/482 481/481
f 481/481 482/482 483/483
f 482/482 433/433 483/483
f 483/483 433/433 484/484
f 433/433 485/485 484/484
f 484/484 485/485 486/486
f 485/485 335/335 486/486
f 486/486 335/335 333/333
f 451/451 487/487 437/437
f 487/487 488/488 437/437
f 437/437 488/488 489/489
f 488/488 490/490 489/489
f 489/489 490/490 440/440
f 490/490 491/491 440/440
f 440/440 491/491 492/492
f 491/491 493/493 492/492
f 492/492 493/493 442/442
f 493/493 494/494 442/442
f 442/442 494/494 444/444
f 494/494 495/495 444/444
f 444/444 495/495 496/496
f 495/495 497/497 496/496
f 496/496 497/497 498/498
f 488/488 487/487 499/499
f 487/487 452/452 499/499
f 499/499 452/452 500/500
f 452/452 501/501 500/500
f 500/500 501/501 502/502
f 501/501 455/455 502/502
f 502/502 455/455 503/503
f 455/455 504/504 503/503
f 503/503 504/504 505/505
f 504/504 458/458 505/505
f 505/505 458/458 506/506
f 458/458 507/507 506/506
f 506/506 507/507 508/508
f 507/507 461/461 508/508
f 508/508 461/461 509/509
f 461/461 510/510 509/509
f 509/509 510/510 511/511
f 510/510 464/464 511/511
f 511/511 464/464 512/512
f 464/464 513/513 512/512
f 512/512 513/513 514/514
f 513/513 467/467 514/514
f 514/514 467/467 515/515
f 467/467 516/516 515/515
f 515/515 516/516 517/517
f 516/516 470/470 517/517
f 517/517 470/470 518/518
f 470/470 519/519 518/518
f 518/518 519/519 520/520
f 519/519 473/473 520/520
f 520/520 473/473 521/521
f 473/473 522/522 521/521
f 521/521 522/522 523/523
f 522/522 476/476 523/523
f 523/523 476/476 524/524
f 476/476 525/525 524/524
f 524/524 525/525 526/526
f 525/525 527/527 526/526
f 526/526 527/527 528/528
f 527/527 480/480 528/528
f 528/528 480/480 529/529
f 480/480 530/530 529/529
f 529/529 530/530 531/531
f 530/530 483/483 531/531
f 531/531 483/483 532/532
f 483/483 533/533 532/532
f 532/532 533/533 327/327
f 533/533 486/486 327/327
f 327/327 486/486 329/329
f 486/486 331/331 329/329
f 528/528 529/529 534/534
f 529/529 531/531 534/534
f 534/534 531/531 535/535
f 531/531 536/536 535/535
f 535/535 536/536 537/537
f 536/536 325/325 537/537
f 537/537 325/325 538/538
f 325/325 323/323 538/538
f 538/538 323/323 321/321
f 534/534 539/539 528/528
f 539/539 540/540 528/528
f 528/528 540/540 541/541
f 540/540 542/542 541/541
f 541/541 542/542 543/543
f 542/542 544/544 543/543
f 543/543 544/544 524/524
f 544/544 545/545 524/524
f 524/524 545/545 546/546
f 545/545 547/547 546/546
f 546/546 547/547 521/521
f 547/547 548/548 521/521
f 521/521 548/548 549/549
f 548/548 550/550 549/549
f 549/549 550/550 518/518
f 550/550 551/551 518/518
f 518/518 551/551 552/552
f 551/551 553/553 552/552
f 552/552 553/553 515/515
f 553/553 554/554 515/515
f 515/515 554/554 555/555
f 554/554 556/556 555/555
f 555/555 556/556 512/512
f 556/556 557/557 512/512
f 512/512 557/557 558/558
f 557/557 559/559 558/558
f 558/558 559/559 509/509
f 559/559 560/560 509/509
f 509/509 560/560 561/561
f 560/560 562/562 561/561
f 561/561 562/562 506/506
f 562/562 563/563 506/506
f 506/506 563/563 564/564
f 563/563 565/565 564/564
f 564/564 565/565 503/503
f 565/565 566/566 503/503
f 503/503 566/566 567/567
f 566/566 568/568 567/567
f 567/567 568/568 500/500
f 568/568 569/569 500/500
f 500/500 569/569 570/570
f 569/569 571/571 570/570
f 570/570 571/571 488/488
f 571/571 572/572 488/488
f 488/488 572/572 490/490
f 572/572 491/491 490/490
f 540/540 539/539 573/573
f 539/539 535/535 573/573
f 573/573 535/535 574/574
f 535/535 575/575 574/574
f 574/574 575/575 576/576
f 575/575 538/538 576/576
f 576/576 538/538 317/317
f 538/538 319/319 317/317
f 573/573 577/577 540/540
f 577/577 578/578 540/540
f 540/540 578/578 579/579
f 578/578 580/580 579/579
f 579/579 580/580 581/581
f 580/580 582/582 581/581
f 581/581 582/582 544/544
f 582/582 583/583 544/544
f 544/544 583/583 584/584
f 583/583 585/585 584/584
f 584/584 585/585 547/547
f 585/585 586/586 547/547
f 547/547 586/586 587/587
f 586/586 588/588 587/587
f 587/587 588/588 550/550
f 588/588 589/589 550/550
f 550/550 589/589 590/590
f 589/589 591/591 590/590
f 590/590 591/591 553/553
f 591/591 592/592 553/553
f 553/553 592/592 593/593
f 592/592 594/594 593/593
f 593/593 594/594 556/556
f 594/594 595/595 556/556
f 556/556 595/595 596/596
f 595/595 597/597 596/596
f 596/596 597/597 559/559
f 597/597 598/598 559/559
f 559/559 598/598 599/599
f 598/598 600/600 599/599
f 599/599 600/600 562/562
f 600/600 601/601 562/562
f 562/562 601/601 602/602
f 601/601 603/603 602/602
f 602/602 603/603 565/565
f 603/603 604/604 565/565
f 565/565 604/604 605/605
f 604/604 606/606 605/605
f 605/605 606/606 568/568
f 606/606 607/607 568/568
f 568/568 607/607 608/608
f 607/607 609/609 608/608
f 608/608 609/609 571/571
f 609/609 610/610 571/571
f 571/571 610/610 611/611
f 610/610 612/612 611/611
f 611/611 612/612 491/491
f 612/612 613/613 491/491
f 491/491 613/613 493/493
f 613/613 614/614 493/493
f 493/493 614/614 494/494
f 614/614 615/615 494/494
f 494/494 615/615 495/495
f 615/615 497/497 495/495
f 578/578 577/577 616/616
f 577/577 574/574 616/616
f 616/616 574/574 617/617
f 574/574 618/618 617/617
f 617/617 618/618 619/619
f 618/618 317/317 619/619
f 619/619 317/317 315/315
f 616/616 620/620 578/578
f 620/620 621/621 578/578
f 578/578 621/621 622/622
f 621/621 623/623 622/622
f 622/622 623/623 624/624
f 623/623 625/625 624/624
f 624/624 625/625 582/582
f 625/625 626/626 582/582
f 582/582 626/626 627/627
f 626/626 628/628 627/627
f 627/627 628/628 585/585
f 628/628 629/629 585/585
f 585/585 629/629 630/630
f 629/629 631/631 630/630
f 630/630 631/631 588/588
f 631/631 632/632 588/588
f 588/588 632/632 633/633
f 632/632 634/634 633/633
f 633/633 634/634 591/591
f 634/634 635/635 591/591
f 591/591 635/635 636/636
f 635/635 637/637 636/636
f 636/636 637/637 594/594
f 637/637 638/638 594/594
f 594/594 638/638 639/639
f 638/638 640/640 639/639
f 639/639 640/640 597/597
f 640/640 641/641 597/597
f 597/597 641/641 642/642
f 641/641 643/643 642/642
f 642/642 643/643 600/600
f 643/643 644/644 600/600
f 600/600 644/644 645/645
f 644/644 646/646 645/645
f 645/645 646/646 603/603
f 646/646 647/647 603/603
f 603/603 647/647 648/648
f 647/647 649/649 648/648
f 648/648 649/649 606/606
f 649/649 650/650 606/606
f 606/606 650/650 651/651
f 650/650 652/652 651/651
f 651/651 652/652 609/609
f 652/652 653/653 609/609
f 609/609 653/653 654/654
f 653/653 655/655 654/654
f 654/654 655/655 612/612
f 655/655 656/656 612/612
f 612/612 656/656 657/657
f 656/656 658/658 657/657
f 657/657 658/658 659/659
f 621/621 620/620 660/660
f 620/620 617/617 660/660
f 660/660 617/617 661/661
f 617/617 662/662 661/661
f 661/661 662/662 663/663
f 662/662 315/315 663/663
f 663/663 315/315 664/664
f 315/315 313/313 664/664
f 664/664 313/313 311/311
f 660/660 665/665 621/621
f 665/665 666/666 621/621
f 621/621 666/666 667/667
f 666/666 668/668 667/667
f 667/667 668/668 669/669
f 668/668 670/670 669/669
f 669/669 670/670 625/625
f 670/670 671/671 625/625
f 625/625 671/671 672/672
f 671/671 673/673 672/672
f 672/672 673/673 628/628
f 673/673 674/674 628/628
f 628/628 674/674 675/675
f 674/674 676/676 675/675
f 675/675 676/676 631/631
f 676/676 677/677 631/631
f 631/631 677/677 678/678
f 677/677 679/679 678/678
f 678/678 679/679 634/634
f 679/679 680/680 634/634
f 634/634 680/680 681/681
f 680/680 682/682 681/681
f 681/681 682/682 637/637
f 682/682 683/683 637/637
f 637/637 683/683 684/684
f 683/683 685/685 684/684
f 684/684 685/685 640/640
f 685/685 686/686 640/640
f 640/640 686/686 687/687
f 686/686 688/688 687/687
f 687/687 688/688 643/643
f 688/688 689/689 643/643
f 643/643 689/689 690/690
f 689/689 691/691 690/690
f 690/690 691/691 646/646
f 691/691 692/692 646/646
f 646/646 692/692 693/693
f 692/692 694/694 693/693
f 693/693 694/694 649/649
f 694/694 695/695 649/649
f 649/649 695/695 696/696
f 695/695 697/697 696/696
f 696/696 697/697 652/652
f 697/697 698/698 652/652
f 652/652 698/698 699/699
f 698/698 700/700 699/699
f 699/699 700/700 655/655
f 700/700 701/701 655/655
f 655/655 701/701 702/702
f 666/666 665/665 703/703
f 665/665 661/661 703/703
f 703/703 661/661 704/704
f 661/661 705/705 704/704
f 704/704 705/705 706/706
f 705/705 664/664 706/706
f 706/706 664/664 707/707
f 664/664 708/708 707/707
f 707/707 708/708 709/709
f 708/708 311/311 709/709
f 709/709 311/311 309/309
f 703/703 710/710 666/666
f 710/710 711/711 666/666
f 666/666 711/711 712/712
f 711/711 713/713 712/712
f 712/712 713/713 714/714
f 713/713 715/715 714/714
f 714/714 715/715 670/670
f 715/715 716/716 670/670
f 670/670 716/716 717/717
f 716/716 718/718 717/717
f 717/717 718/718 673/673
f 718/718 719/719 673/673
f 673/673 719/719 720/720
f 719/719 721/721 720/720
f 720/720 721/721 676/676
f 721/721 722/722 676/676
f 676/676 722/722 723/723
f 722/722 724/724 723/723
f 723/723 724/724 679/679
f 724/724 725/725 679/679
f 679/679 725/725 726/726
f 725/725 727/727 726/726
f 726/726 727/727 682/682
f 727/727 728/728 682/682
f 682/682 728/728 729/729
f 728/728 730/730 729/729
f 729/729 730/730 685/685
f 730/730 731/731 685/685
f 685/685 731/731 732/732
f 731/731 733/733 732/732
f 732/732 733/733 688/688
f 733/733 734/734 688/688
f 688/688 734/734 735/735
f 734/734 736/736 735/735
f 735/735 736/736 691/691
f 736/736 737/737 691/691
f 691/691 737/737 738/738
f 737/737 739/739 738/738
f 738/738 739/739 694/694
f 739/739 740/740 694/694
f 694/694 740/740 741/741
f 740/740 742/742 741/741
f 741/741 742/742 697/697
f 742/742 743/743 697/697
f 697/697 743/743 744/744
f 711/711 710/710 745/745
f 710/710 704/704 745/745
f 745/745 704/704 746/746
f 704/704 747/747 746/746
f 746/746 747/747 748/748
f 747/747 707/707 748/748
f 748/748 707/707 749/749
f 707/707 750/750 749/749
f 749/749 750/750 751/751
f 750/750 307/307 751/751
f 751/751 307/307 303/303
f 307/307 305/305 303/303
f 745/745 752/752 711/711
f 752/752 753/753 711/711
f 711/711 753/753 754/754
f 753/753 755/755 754/754
f 754/754 755/755 756/756
f 755/755 757/757 756/756
f 756/756 757/757 715/715
f 757/757 758/758 715/715
f 715/715 758/758 759/759
f 758/758 760/760 759/759
f 759/759 760/760 718/718
f 760/760 761/761 718/718
f 718/718 761/761 762/762
f 761/761 763/763 762/762
f 762/762 763/763 721/721
f 763/763 764/764 721/721
f 721/721 764/764 765/765
f 764/764 766/766 765/765
f 765/765 766/766 724/724
f 766/766 767/767 724/724
f 724/724 767/767 768/768
f 767/767 769/769 768/768
f 768/768 769/769 727/727
f 769/769 770/770 727/727
f 727/727 770/770 771/771
f 770/770 772/772 771/771
f 771/771 772/772 730/730
f 772/772 773/773 730/730
f 730/730 773/773 774/774
f 773/773 775/775 774/774
f 774/774 775/775 733/733
f 775/775 776/776 733/733
f 733/733 776/776 777/777
f 776/776 778/778 777/777
f 777/777 778/778 736/736
f 778/778 779/779 736/736
f 736/736 779/779 780/780
f 779/779 781/781 780/780
f 780/780 781/781 739/739
f 781/781 782/782 739/739
f 739/739 782/782 783/783
f 753/753 752/752 784/784
f 752/752 746/746 784/784
f 784/784 746/746 785/785
f 746/746 786/786 785/785
f 785/785 786/786 787/787
f 786/786 749/749 787/787
f 787/787 749/749 788/788
f 749/749 789/789 788/788
f 788/788 789/789 790/790
f 789/789 303/303 790/790
f 790/790 303/303 301/301
f 784/784 791/791 753/753
f 791/791 792/792 753/753
f 753/753 792/792 793/793
f 792/792 794/794 793/793
f 793/793 794/794 795/795
f 794/794 796/796 795/795
f 795/795 796/796 757/757
f 796/796 797/797 757/757
f 757/757 797/797 798/798
f 797/797 799/799 798/798
f 798/798 799/799 760/760
f 799/799 800/800 760/760
f 760/760 800/800 801/801
f 800/800 802/802 801/801
f 801/801 802/802 763/763
f 802/802 803/803 763/763
f 763/763 803/803 804/804
f 803/803 805/805 804/804
f 804/804 805/805 766/766
f 805/805 806/806 766/766
f 766/766 806/806 807/807
f 806/806 808/808 807/807
f 807/807 808/808 769/769
f 808/808 809/809 769/769
f 769/769 809/809 810/810
f 809/809 811/811 810/810
f 810/810 811/811 772/772
f 811/811 812/812 772/772
f 772/772 812/812 813/813
f 812/812 814/814 813/813
f 813/813 814/814 775/775
f 814/814 815/815 775/775
f 775/775 815/815 816/816
f 815/815 817/817 816/816
f 816/816 817/817 778/778
f 817/817 818/818 778/778
f 778/778 818/818 819/819
f 792/792 791/791 820/820
f 791/791 785/785 820/820
f 820/820 785/785 821/821
f 785/785 822/822 821/821
f 821/821 822/822 823/823
f 822/822 788/788 823/823
f 823/823 788/788 824/824
f 788/788 825/825 824/824
f 824/824 825/825 826/826
f 825/825 301/301 826/826
f 826/826 301/301 827/827
f 301/301 299/299 827/827
f 827/827 299/299 297/297
f 820/820 828/828 792/792
f 828/828 829/829 792/792
f 792/792 829/829 830/830
f 829/829 831/831 830/830
f 830/830 831/831 832/832
f 831/831 833/833 832/832
f 832/832 833/833 796/796
f 833/833 834/834 796/796
f 796/796 834/834 835/835
f 834/834 836/836 835/835
f 835/835 836/836 799/799
f 836/836 837/837 799/799
f 799/799 837/837 838/838
f 837/837 839/839 838/838
f 838/838 839/839 802/802
f 839/839 840/840 802/802
f 802/802 840/840 841/841
f 840/840 842/842 841/841
f 841/841 842/842 805/805
f 842/842 843/843 805/805
f 805/805 843/843 844/844
f 843/843 845/845 844/844
f 844/844 845/845 808/808
f 845/845 846/846 808/808
f 808/808 846/846 847/847
f 846/846 848/848 847/847
f 847/847 848/848 811/811
f 848/848 849/849 811/811
f 811/811 849/849 850/850
f 849/849 851/851 850/850
f 850/850 851/851 814/814
f 851/851 852/852 814/814
f 814/814 852/852 853/853
f 829/829 828/828 854/854
f 828/828 821/821 854/854
f 854/854 821/821 855/855
f 821/821 856/856 855/855
f 855/855 856/856 857/857
f 856/856 824/824 857/857
f 857/857 824/824 858/858
f 824/824 859/859 858/858
f 858/858 859/859 860/860
f 859/859 827/827 860/860
f 860/860 827/827 297/297
f 854/854 861/861 829/829
f 861/861 862/862 829/829
f 829/829 862/862 863/863
f 862/862 864/864 863/863
f 863/863 864/864 865/865
f 864/864 866/866 865/865
f 865/865 866/866 833/833
f 866/866 867/867 833/833
f 833/833 867/867 868/868
f 867/867 869/869 868/868
f 868/868 869/869 836/836
f 869/869 870/870 836/836
f 836/836 870/870 871/871
f 870/870 872/872 871/871
f 871/871 872/872 839/839
f 872/872 873/873 839/839
f 839/839 873/873 874/874
f 873/873 875/875 874/874
f 874/874 875/875 842/842
f 875/875 876/876 842/842
f 842/842 876/876 877/877
f 876/876 878/878 877/877
f 877/877 878/878 845/845
f 878/878 879/879 845/845
f 845/845 879/879 880/880
f 879/879 881/881 880/880
f 880/880 881/881 848/848
f 881/881 882/882 848/848
f 848/848 882/882 883/883
f 862/862 861/861 884/884
f 861/861 855/855 884/884
f 884/884 855/855 885/885
f 855/855 886/886 885/885
f 885/885 886/886 887/887
f 886/886 858/858 887/887
f 887/887 858/858 888/888
f 858/858 889/889 888/888
f 888/888 889/889 890/890
f 889/889 891/891 890/890
f 890/890 891/891 892/892
f 891/891 893/893 892/892
f 892/892 893/893 291/291
f 893/893 293/293 291/291
f 884/884 894/894 862/862
f 894/894 895/895 862/862
f 862/862 895/895 896/896
f 895/895 897/897 896/896
f 896/896 897/897 898/898
f 897/897 899/899 898/898
f 898/898 899/899 866/866
f 899/899 900/900 866/866
f 866/866 900/900 901/901
f 900/900 902/902 901/901
f 901/901 902/902 869/869
f 902/902 903/903 869/869
f 869/869 903/903 904/904
f 903/903 905/905 904/904
f 904/904 905/905 872/872
f 905/905 906/906 872/872
f 872/872 906/906 907/907
f 906/906 908/908 907/907
f 907/907 908/908 875/875
f 908/908 909/909 875/875
f 875/875 909/909 910/910
f 909/909 911/911 910/910
f 910/910 911/911 878/878
f 911/911 912/912 878/878
f 878/878 912/912 913/913
f 895/895 894/894 914/914
f 894/894 885/885 914/914
f 914/914 885/885 915/915
f 885/885 916/916 915/915
f 915/915 916/916 917/917
f 916/916 888/888 917/917
f 917/917 888/888 918/918
f 888/888 919/919 918/918
f 918/918 919/919 920/920
f 919/919 890/890 920/920
f 920/920 890/890 892/892
f 914/914 921/921 895/895
f 921/921 922/922 895/895
f 895/895 922/922 923/923
f 922/922 924/924 923/923
f 923/923 924/924 925/925
f 924/924 926/926 925/925
f 925/925 926/926 899/899
f 926/926 927/927 899/899
f 899/899 927/927 928/928
f 927/927 929/929 928/928
f 928/928 929/929 902/902
f 929/929 930/930 902/902
f 902/902 930/930 931/931
f 930/930 932/932 931/931
f 931/931 932/932 905/905
f 932/932 933/933 905/905
f 905/905 933/933 934/934
f 933/933 935/935 934/934
f 934/934 935/935 908/908
f 935/935 936/936 908/908
f 908/908 936/936 937/937
f 922/922 921/921 938/938
f 921/921 915/915 938/938
f 938/938 915/915 939/939
f 915/915 940/940 939/939
f 939/939 940/940 941/941
f 940/940 918/918 941/941
f 941/941 918/918 942/942
f 918/918 943/943 942/942
f 942/942 943/943 944/944
f 943/943 945/945 944/944
f 944/944 945/945 287/287
f 945/945 289/289 287/287
f 287/287 285/285 944/944
f 285/285 283/283 944/944
f 944/944 283/283 946/946
f 283/283 281/281 946/946
f 946/946 281/281 947/947
f 281/281 948/948 947/947
f 947/947 948/948 949/949
f 948/948 950/950 949/949
f 949/949 950/950 951/951
f 950/950 952/952 951/951
f 951/951 952/952 953/953
f 952/952 954/954 953/953
f 953/953 954/954 955/955
f 954/954 956/956 955/955
f 955/955 956/956 957/957
f 956/956 958/958 957/957
f 957/957 958/958 959/959
f 958/958 960/960 959/959
f 959/959 960/960 961/961
f 960/960 962/962 961/961
f 961/961 962/962 963/963
f 962/962 964/964 963/963
f 963/963 964/964 965/965
f 964/964 966/966 965/965
f 965/965 966/966 967/967
f 966/966 968/968 967/967
f 967/967 968/968 969/969
f 968/968 970/970 969/969
f 944/944 946/946 971/971
f 946/946 947/947 971/971
f 971/971 947/947 972/972
f 947/947 949/949 972/972
f 972/972 949/949 973/973
f 949/949 951/951 973/973
f 973/973 951/951 974/974
f 951/951 953/953 974/974
f 974/974 953/953 975/975
f 953/953 955/955 975/975
f 975/975 955/955 957/957
f 973/973 976/976 972/972
f 976/976 977/977 972/972
f 972/972 977/977 971/971
f 977/977 978/978 971/971
f 971/971 978/978 944/944
f 978/978 979/979 944/944
f 944/944 979/979 942/942
f 979/979 980/980 942/942
f 942/942 980/980 941/941
f 980/980 939/939 941/941
f 977/977 976/976 981/981
f 976/976 973/973 981/981
f 981/981 973/973 982/982
f 973/973 974/974 982/982
f 982/982 974/974 983/983
f 974/974 975/975 983/983
f 983/983 975/975 984/984
f 975/975 985/985 984/984
f 984/984 985/985 986/986
f 985/985 987/987 986/986
f 986/986 987/987 988/988
f 987/987 989/989 988/988
f 988/988 989/989 990/990
f 989/989 961/961 990/990
f 990/990 961/961 991/991
f 961/961 992/992 991/991
f 991/991 992/992 993/993
f 992/992 994/994 993/993
f 988/988 995/995 986/986
f 995/995 996/996 986/986
f 986/986 996/996 997/997
f 996/996 998/998 997/997
f 997/997 998/998 999/999
f 998/998 1000/1000 999/999
f 999/999 1000/1000 1001/1001
f 1000/1000 1002/1002 1001/1001
f 1001/1001 1002/1002 981/981
f 1002/1002 1003/1003 981/981
f 981/981 1003/1003 977/977
f 1003/1003 1004/1004 977/977
f 977/977 1004/1004 1005/1005
f 1004/1004 1006/1006 1005/1005
f 1005/1005 1006/1006 1007/1007
f 1006/1006 1008/1008 1007/1007
f 1007/1007 1008/1008 979/979
f 1008/1008 980/980 979/979
f 998/998 1009/1009 1000/1000
f 1009/1009 1010/1010 1000/1000
f 1000/1000 1010/1010 1011/1011
f 1010/1010 1012/1012 1011/1011
f 1011/1011 1012/1012 1013/1013
f 1012/1012 1014/1014 1013/1013
f 1013/1013 1014/1014 1015/1015
f 1014/1014 1016/1016 1015/1015
f 1015/1015 1016/1016 1006/1006
f 1016/1016 1017/1017 1006/1006
f 1006/1006 1017/1017 1008/1008
f 1017/1017 1018/1018 1008/1008
f 1008/1008 1018/1018 1019/1019
f 1018/1018 1020/1020 1019/1019
f 1019/1019 1020/1020 1021/1021
f 1020/1020 922/922 1021/1021
f 1021/1021 922/922 938/938
f 922/922 1020/1020 1022/1022
f 1020/1020 1023/1023 1022/1022
f 1022/1022 1023/1023 1024/1024
f 1023/1023 1025/1025 1024/1024
f 1024/1024 1025/1025 926/926
f 1025/1025 1026/1026 926/926
f 926/926 1026/1026 1027/1027
f 1026/1026 1028/1028 1027/1027
f 1027/1027 1028/1028 929/929
f 1028/1028 1029/1029 929/929
f 929/929 1029/1029 1030/1030
f 1029/1029 1031/1031 1030/1030
f 1030/1030 1031/1031 932/932
f 1031/1031 1032/1032 932/932
f 932/932 1032/1032 1033/1033
f 922/922 1022/1022 924/924
f 1022/1022 1024/1024 924/924
f 924/924 1024/1024 926/926
f 38/38 8/8 36/36
f 8/8 1034/1034 36/36
f 36/36 1034/1034 23/23
f 1034/1034 12/12 23/23
f 12/12 1034/1034 6/6
f 1034/1034 8/8 6/6
f 400/400 1035/1035 398/398
f 1035/1035 1036/1036 398/398
f 398/398 1036/1036 396/396
f 1036/1036 394/394 396/396
f 1035/1035 1037/1037 1036/1036
f 1037/1037 1038/1038 1036/1036
f 1036/1036 1038/1038 394/394
f 1038/1038 1039/1039 394/394
f 394/394 1039/1039 1040/1040
f 1039/1039 1041/1041 1040/1040
f 1040/1040 1041/1041 1042/1042
f 1041/1041 1043/1043 1042/1042
f 1042/1042 1043/1043 1044/1044
f 1043/1043 1045/1045 1044/1044
f 1044/1044 1045/1045 1046/1046
f 1045/1045 1047/1047 1046/1046
f 1046/1046 1047/1047 1048/1048
f 1047/1047 1049/1049 1048/1048
f 1048/1048 1049/1049 1050/1050
f 1049/1049 1051/1051 1050/1050
f 1050/1050 1051/1051 1052/1052
f 1051/1051 159/159 1052/1052
f 1052/1052 159/159 161/161
f 1040/1040 1042/1042 392/392
f 1042/1042 1044/1044 392/392
f 392/392 1044/1044 1053/1053
f 1044/1044 1046/1046 1053/1053
f 1053/1053 1046/1046 1054/1054
f 1046/1046 1048/1048 1054/1054
f 1054/1054 1048/1048 1055/1055
f 1048/1048 1050/1050 1055/1055
f 1055/1055 1050/1050 1056/1056
f 1050/1050 1052/1052 1056/1056
f 1056/1056 1052/1052 1057/1057
f 1052/1052 161/161 1057/1057
f 1057/1057 161/161 163/163
f 163/163 378/378 1057/1057
f 378/378 380/380 1057/1057
f 1057/1057 380/380 1056/1056
f 380/380 382/382 1056/1056
f 1056/1056 382/382 1055/1055
f 382/382 384/384 1055/1055
f 1055/1055 384/384 386/386
f 1055/1055 386/386 1054/1054
f 386/386 388/388 1054/1054
f 1054/1054 388/388 1053/1053
f 388/388 390/390 1053/1053
f 1053/1053 390/390 392/392
f 862/862 896/896 864/864
f 896/896 898/898 864/864
f 864/864 898/898 866/866
f 571/571 611/611 572/572
f 611/611 491/491 572/572
f 715/715 713/713 756/756
f 713/713 754/754 756/756
f 337/337 435/435 343/343
f 435/435 344/344 343/343
f 524/524 546/546 523/523
f 546/546 521/521 523/523
f 379/379 438/438 381/381
f 438/438 383/383 381/381
f 486/486 533/533 484/484
f 533/533 483/483 484/484
f 547/547 545/545 584/584
f 545/545 544/544 584/584
f 317/317 618/618 576/576
f 618/618 574/574 576/576
f 315/315 662/662 619/619
f 662/662 617/617 619/619
f 664/664 705/705 663/663
f 705/705 661/661 663/663
f 707/707 747/747 706/706
f 747/747 704/704 706/706
f 749/749 786/786 748/748
f 786/786 746/746 748/748
f 788/788 822/822 787/787
f 822/822 785/785 787/787
f 824/824 826/826 859/859
f 826/826 827/827 859/859
f 824/824 856/856 823/823
f 856/856 821/821 823/823
f 366/366 364/364 412/412
f 364/364 363/363 412/412
f 498/498 1058/1058 496/496
f 1058/1058 1059/1059 496/496
f 496/496 1059/1059 447/447
f 1059/1059 449/449 447/447
f 447/447 446/446 496/496
f 446/446 444/444 496/496
f 888/888 916/916 887/887
f 916/916 885/885 887/887
f 892/892 291/291 920/920
f 291/291 1060/1060 920/920
f 920/920 1060/1060 945/945
f 1060/1060 289/289 945/945
f 945/945 943/943 920/920
f 943/943 918/918 920/920
f 366/366 409/409 367/367
f 409/409 369/369 367/367
f 411/411 413/413 462/462
f 413/413 414/414 462/462
f 918/918 940/940 917/917
f 940/940 915/915 917/917
f 461/461 507/507 460/460
f 507/507 458/458 460/460
f 461/461 463/463 510/510
f 463/463 464/464 510/510
f 524/524 526/526 543/543
f 526/526 541/541 543/543
f 509/509 511/511 558/558
f 511/511 512/512 558/558
f 222/222 365/365 221/221
f 365/365 219/219 221/221
f 559/559 557/557 596/596
f 557/557 556/556 596/596
f 414/414 416/416 465/465
f 416/416 417/417 465/465
f 476/476 522/522 475/475
f 522/522 473/473 475/475
f 559/559 599/599 560/560
f 599/599 562/562 560/560
f 512/512 514/514 555/555
f 514/514 515/515 555/555
f 464/464 466/466 513/513
f 466/466 467/467 513/513
f 640/640 638/638 684/684
f 638/638 637/637 684/684
f 993/993 1061/1061 991/991
f 1061/1061 990/990 991/991
f 990/990 1061/1061 988/988
f 1061/1061 1062/1062 988/988
f 988/988 1062/1062 1063/1063
f 988/988 1063/1063 995/995
f 1063/1063 1064/1064 995/995
f 995/995 1064/1064 996/996
f 1064/1064 998/998 996/996
f 1064/1064 1065/1065 998/998
f 1065/1065 1066/1066 998/998
f 998/998 1066/1066 1009/1009
f 1066/1066 1067/1067 1009/1009
f 1009/1009 1067/1067 1010/1010
f 1067/1067 1012/1012 1010/1010
f 1067/1067 1068/1068 1012/1012
f 1068/1068 1069/1069 1012/1012
f 1012/1012 1069/1069 1070/1070
f 1069/1069 1071/1071 1070/1070
f 1070/1070 1071/1071 1072/1072
f 1071/1071 1073/1073 1072/1072
f 1072/1072 1073/1073 1074/1074
f 1073/1073 1075/1075 1074/1074
f 1074/1074 1075/1075 1076/1076
f 1075/1075 1077/1077 1076/1076
f 1076/1076 1077/1077 1078/1078
f 1077/1077 1023/1023 1078/1078
f 1078/1078 1023/1023 1020/1020
f 1012/1012 1070/1070 1014/1014
f 1070/1070 1072/1072 1014/1014
f 1014/1014 1072/1072 1079/1079
f 1072/1072 1074/1074 1079/1079
f 1079/1079 1074/1074 1076/1076
f 1079/1079 1076/1076 1080/1080
f 1076/1076 1078/1078 1080/1080
f 1080/1080 1078/1078 1020/1020
f 1020/1020 1018/1018 1080/1080
f 1018/1018 1017/1017 1080/1080
f 1080/1080 1017/1017 1016/1016
f 1016/1016 1014/1014 1080/1080
f 1014/1014 1079/1079 1080/1080
f 594/594 639/639 595/595
f 639/639 597/597 595/595
f 640/640 687/687 641/641
f 687/687 643/643 641/641
f 685/685 683/683 729/729
f 683/683 682/682 729/729
f 228/228 230/230 356/356
f 230/230 231/231 356/356
f 228/228 359/359 227/227
f 359/359 225/225 227/227
f 682/682 680/680 726/726
f 680/680 679/679 726/726
f 685/685 732/732 686/686
f 732/732 688/688 686/686
f 727/727 725/725 768/768
f 725/725 724/724 768/768
f 769/769 767/767 807/807
f 767/767 766/766 807/807
f 420/420 468/468 419/419
f 468/468 417/417 419/419
f 730/730 774/774 731/731
f 774/774 733/733 731/731
f 769/769 810/810 770/770
f 810/810 772/772 770/770
f 470/470 472/472 519/519
f 472/472 473/473 519/519
f 585/585 630/630 586/586
f 630/630 588/588 586/586
f 470/470 516/516 469/469
f 516/516 467/467 469/469
f 518/518 552/552 517/517
f 552/552 515/515 517/517
f 845/845 843/843 877/877
f 843/843 842/842 877/877
f 772/772 813/813 773/773
f 813/813 775/775 773/773
f 550/550 590/590 551/551
f 590/590 553/553 551/551
f 588/588 633/633 589/589
f 633/633 591/591 589/589
f 811/811 809/809 847/847
f 809/809 808/808 847/847
f 676/676 674/674 720/720
f 674/674 673/673 720/720
f 851/851 849/849 883/883
f 849/849 848/848 883/883
f 911/911 909/909 937/937
f 909/909 908/908 937/937
f 721/721 719/719 762/762
f 719/719 718/718 762/762
f 721/721 765/765 722/722
f 765/765 724/724 722/722
f 848/848 846/846 880/880
f 846/846 845/845 880/880
f 763/763 761/761 801/801
f 761/761 760/760 801/801
f 802/802 841/841 803/803
f 841/841 805/805 803/803
f 872/872 870/870 904/904
f 870/870 869/869 904/904
f 872/872 907/907 873/873
f 907/907 875/875 873/873
f 905/905 934/934 906/906
f 934/934 908/908 906/906
f 961/961 989/989 959/959
f 989/989 987/987 959/959
f 959/959 987/987 985/985
f 985/985 975/975 959/959
f 975/975 957/957 959/959
f 961/961 963/963 992/992
f 963/963 965/965 992/992
f 992/992 965/965 967/967
f 967/967 969/969 992/992
f 969/969 994/994 992/992
f 932/932 1033/1033 933/933
f 1033/1033 935/935 933/933
f 631/631 629/629 675/675
f 629/629 628/628 675/675
f 808/808 806/806 844/844
f 806/806 805/805 844/844
f 733/733 777/777 734/734
f 777/777 736/736 734/734
f 814/814 812/812 850/850
f 812/812 811/811 850/850
f 357/357 418/418 358/358
f 418/418 360/360 358/358
f 643/643 690/690 644/644
f 690/690 646/646 644/644
f 335/335 485/485 434/434
f 485/485 433/433 434/434
f 600/600 645/645 601/601
f 645/645 603/603 601/601
f 440/440 439/439 489/489
f 439/439 437/437 489/489
f 655/655 702/702 656/656
f 702/702 658/658 656/656
f 609/609 654/654 610/610
f 654/654 612/612 610/610
f 383/383 441/441 385/385
f 441/441 443/443 385/385
f 385/385 443/443 387/387
f 443/443 445/445 387/387
f 387/387 445/445 389/389
f 700/700 698/698 744/744
f 698/698 697/697 744/744
f 562/562 602/602 563/563
f 602/602 565/565 563/563
f 234/234 353/353 233/233
f 353/353 231/231 233/233
f 506/506 508/508 561/561
f 508/508 509/509 561/561
f 739/739 737/737 780/780
f 737/737 736/736 780/780
f 781/781 779/779 819/819
f 779/779 778/778 819/819
f 244/244 342/342 242/242
f 342/342 241/241 242/242
f 694/694 741/741 695/695
f 741/741 697/697 695/695
f 649/649 647/647 693/693
f 647/647 646/646 693/693
f 606/606 604/604 648/648
f 604/604 603/603 648/648
f 568/568 566/566 605/605
f 566/566 565/565 605/605
f 568/568 608/608 569/569
f 608/608 571/571 569/569
f 72/72 1081/1081 60/60
f 1081/1081 61/61 60/60
f 71/71 74/74 72/72
f 74/74 1082/1082 72/72
f 72/72 1082/1082 1083/1083
f 72/72 1083/1083 1081/1081
f 1083/1083 62/62 1081/1081
f 1083/1083 1084/1084 62/62
f 1084/1084 1085/1085 62/62
f 62/62 1085/1085 63/63
f 1085/1085 64/64 63/63
f 408/408 410/410 459/459
f 410/410 411/411 459/459
f 500/500 570/570 499/499
f 570/570 488/488 499/499
f 670/670 717/717 671/671
f 717/717 673/673 671/671
f 402/402 404/404 453/453
f 404/404 405/405 453/453
f 375/375 373/373 403/403
f 373/373 372/372 403/403
f 582/582 627/627 583/583
f 627/627 585/585 583/583
f 100/100 98/98 102/102
f 98/98 1086/1086 102/102
f 102/102 1086/1086 104/104
f 1086/1086 1087/1087 104/104
f 104/104 1087/1087 1088/1088
f 1087/1087 1089/1089 1088/1088
f 1088/1088 1089/1089 1090/1090
f 1089/1089 1091/1091 1090/1090
f 1090/1090 1091/1091 1092/1092
f 1091/1091 1093/1093 1092/1092
f 1092/1092 1093/1093 1094/1094
f 1093/1093 1095/1095 1094/1094
f 1094/1094 1095/1095 1096/1096
f 1095/1095 1097/1097 1096/1096
f 1096/1096 1097/1097 1098/1098
f 1097/1097 1099/1099 1098/1098
f 1098/1098 1099/1099 1100/1100
f 1099/1099 1101/1101 1100/1100
f 1100/1100 1101/1101 1102/1102
f 1101/1101 1103/1103 1102/1102
f 1102/1102 1103/1103 1104/1104
f 1103/1103 1105/1105 1104/1104
f 1104/1104 1105/1105 1106/1106
f 1105/1105 1107/1107 1106/1106
f 1106/1106 1107/1107 1108/1108
f 1107/1107 1109/1109 1108/1108
f 1108/1108 1109/1109 1110/1110
f 1109/1109 1111/1111 1110/1110
f 1110/1110 1111/1111 1112/1112
f 1111/1111 1113/1113 1112/1112
f 1112/1112 1113/1113 1114/1114
f 1113/1113 1115/1115 1114/1114
f 1114/1114 1115/1115 1116/1116
f 1115/1115 1117/1117 1116/1116
f 1116/1116 1117/1117 1118/1118
f 1117/1117 1119/1119 1118/1118
f 1118/1118 1119/1119 1120/1120
f 1119/1119 1121/1121 1120/1120
f 1120/1120 1121/1121 1122/1122
f 1121/1121 1123/1123 1122/1122
f 1122/1122 1123/1123 1124/1124
f 1123/1123 1125/1125 1124/1124
f 1124/1124 1125/1125 1126/1126
f 1125/1125 1127/1127 1126/1126
f 1126/1126 1127/1127 1128/1128
f 1127/1127 1129/1129 1128/1128
f 1128/1128 1129/1129 1130/1130
f 1129/1129 1131/1131 1130/1130
f 1130/1130 1131/1131 1132/1132
f 1131/1131 1133/1133 1132/1132
f 1132/1132 1133/1133 152/152
f 1133/1133 154/154 152/152
f 152/152 150/150 1132/1132
f 150/150 1134/1134 1132/1132
f 1132/1132 1134/1134 1130/1130
f 1134/1134 1135/1135 1130/1130
f 1130/1130 1135/1135 1128/1128
f 1135/1135 1136/1136 1128/1128
f 1128/1128 1136/1136 1124/1124
f 1136/1136 1137/1137 1124/1124
f 1124/1124 1137/1137 1138/1138
f 1137/1137 1139/1139 1138/1138
f 1138/1138 1139/1139 1122/1122
f 1139/1139 1140/1140 1122/1122
f 1122/1122 1140/1140 1141/1141
f 1140/1140 1142/1142 1141/1141
f 1141/1141 1142/1142 1143/1143
f 1142/1142 1144/1144 1143/1143
f 1143/1143 1144/1144 1145/1145
f 1144/1144 1146/1146 1145/1145
f 1145/1145 1146/1146 1147/1147
f 1146/1146 1148/1148 1147/1147
f 1147/1147 1148/1148 1149/1149
f 1148/1148 1150/1150 1149/1149
f 1149/1149 1150/1150 1151/1151
f 1150/1150 1152/1152 1151/1151
f 1151/1151 1152/1152 1106/1106
f 1152/1152 1153/1153 1106/1106
f 1106/1106 1153/1153 1104/1104
f 1153/1153 1154/1154 1104/1104
f 1104/1104 1154/1154 1102/1102
f 1154/1154 1155/1155 1102/1102
f 1102/1102 1155/1155 1100/1100
f 1155/1155 1156/1156 1100/1100
f 1100/1100 1156/1156 1098/1098
f 1156/1156 1157/1157 1098/1098
f 1098/1098 1157/1157 1096/1096
f 1157/1157 1094/1094 1096/1096
f 1149/1149 1112/1112 1147/1147
f 1112/1112 1114/1114 1147/1147
f 1147/1147 1114/1114 1145/1145
f 1114/1114 1116/1116 1145/1145
f 1145/1145 1116/1116 1143/1143
f 1116/1116 1118/1118 1143/1143
f 1143/1143 1118/1118 1141/1141
f 1118/1118 1120/1120 1141/1141
f 1141/1141 1120/1120 1122/1122
f 1112/1112 1149/1149 1110/1110
f 1149/1149 1108/1108 1110/1110
f 1108/1108 1149/1149 1106/1106
f 1149/1149 1151/1151 1106/1106
f 625/625 623/623 669/669
f 623/623 667/667 669/669
f 154/154 1133/1133 1158/1158
f 1133/1133 1159/1159 1158/1158
f 1133/1133 1131/1131 1159/1159
f 1131/1131 1160/1160 1159/1159
f 1159/1159 1160/1160 1161/1161
f 1160/1160 1162/1162 1161/1161
f 1162/1162 1160/1160 1163/1163
f 1160/1160 1127/1127 1163/1163
f 1163/1163 1127/1127 1164/1164
f 1127/1127 1165/1165 1164/1164
f 1164/1164 1165/1165 1166/1166
f 1165/1165 1125/1125 1166/1166
f 1166/1166 1125/1125 1167/1167
f 1125/1125 1121/1121 1167/1167
f 1167/1167 1121/1121 1168/1168
f 1121/1121 1119/1119 1168/1168
f 1168/1168 1119/1119 1169/1169
f 1119/1119 1117/1117 1169/1169
f 1169/1169 1117/1117 1170/1170
f 1117/1117 1115/1115 1170/1170
f 1170/1170 1115/1115 1171/1171
f 1115/1115 1113/1113 1171/1171
f 1171/1171 1113/1113 1172/1172
f 1113/1113 1111/1111 1172/1172
f 1172/1172 1111/1111 1173/1173
f 1111/1111 1109/1109 1173/1173
f 1173/1173 1109/1109 1174/1174
f 1109/1109 1175/1175 1174/1174
f 1174/1174 1175/1175 1176/1176
f 1175/1175 1177/1177 1176/1176
f 1176/1176 1177/1177 1178/1178
f 1177/1177 1179/1179 1178/1178
f 1178/1178 1179/1179 1180/1180
f 1179/1179 1181/1181 1180/1180
f 1180/1180 1181/1181 1182/1182
f 1181/1181 1101/1101 1182/1182
f 1182/1182 1101/1101 1099/1099
f 1166/1166 1167/1167 1183/1183
f 1167/1167 1168/1168 1183/1183
f 1183/1183 1168/1168 1184/1184
f 1168/1168 1169/1169 1184/1184
f 1184/1184 1169/1169 1185/1185
f 1169/1169 1170/1170 1185/1185
f 1185/1185 1170/1170 1186/1186
f 1170/1170 1171/1171 1186/1186
f 1186/1186 1171/1171 1187/1187
f 1171/1171 1172/1172 1187/1187
f 1187/1187 1172/1172 1188/1188
f 1172/1172 1173/1173 1188/1188
f 1188/1188 1173/1173 1189/1189
f 1173/1173 1174/1174 1189/1189
f 1189/1189 1174/1174 1176/1176
f 1176/1176 1190/1190 1189/1189
f 1190/1190 1191/1191 1189/1189
f 1189/1189 1191/1191 1188/1188
f 1191/1191 1192/1192 1188/1188
f 1188/1188 1192/1192 1187/1187
f 1192/1192 1193/1193 1187/1187
f 1187/1187 1193/1193 1186/1186
f 1193/1193 1194/1194 1186/1186
f 1186/1186 1194/1194 1185/1185
f 1194/1194 1195/1195 1185/1185
f 1185/1185 1195/1195 1184/1184
f 1195/1195 1196/1196 1184/1184
f 1184/1184 1196/1196 1183/1183
f 1196/1196 1197/1197 1183/1183
f 1183/1183 1197/1197 1166/1166
f 1197/1197 1198/1198 1166/1166
f 1166/1166 1198/1198 1164/1164
f 1198/1198 1199/1199 1164/1164
f 1164/1164 1199/1199 1200/1200
f 1199/1199 1198/1198 1201/1201
f 1198/1198 1197/1197 1201/1201
f 1201/1201 1197/1197 1202/1202
f 1197/1197 1196/1196 1202/1202
f 1202/1202 1196/1196 1203/1203
f 1196/1196 1195/1195 1203/1203
f 1203/1203 1195/1195 1204/1204
f 1195/1195 1194/1194 1204/1204
f 1204/1204 1194/1194 1205/1205
f 1194/1194 1193/1193 1205/1205
f 1205/1205 1193/1193 1206/1206
f 1193/1193 1192/1192 1206/1206
f 1206/1206 1192/1192 1207/1207
f 1192/1192 1191/1191 1207/1207
f 1207/1207 1191/1191 1208/1208
f 1191/1191 1190/1190 1208/1208
f 1208/1208 1190/1190 1209/1209
f 1190/1190 1210/1210 1209/1209
f 1209/1209 1210/1210 1211/1211
f 1210/1210 1212/1212 1211/1211
f 1211/1211 1212/1212 1213/1213
f 1212/1212 1178/1178 1213/1213
f 1213/1213 1178/1178 1214/1214
f 1178/1178 1215/1215 1214/1214
f 1214/1214 1215/1215 1216/1216
f 1215/1215 1217/1217 1216/1216
f 1216/1216 1217/1217 1218/1218
f 1217/1217 1219/1219 1218/1218
f 1218/1218 1219/1219 1220/1220
f 1219/1219 1221/1221 1220/1220
f 1220/1220 1221/1221 1222/1222
f 1221/1221 1097/1097 1222/1222
f 1222/1222 1097/1097 1095/1095
f 1220/1220 1223/1223 1218/1218
f 1223/1223 1224/1224 1218/1218
f 1218/1218 1224/1224 1225/1225
f 1224/1224 1226/1226 1225/1225
f 1225/1225 1226/1226 1227/1227
f 1226/1226 1228/1228 1227/1227
f 1227/1227 1228/1228 1229/1229
f 1228/1228 1230/1230 1229/1229
f 1229/1229 1230/1230 1211/1211
f 1230/1230 1231/1231 1211/1211
f 1211/1211 1231/1231 1209/1209
f 1231/1231 1232/1232 1209/1209
f 1209/1209 1232/1232 1208/1208
f 1232/1232 1233/1233 1208/1208
f 1208/1208 1233/1233 1207/1207
f 1233/1233 1234/1234 1207/1207
f 1207/1207 1234/1234 1206/1206
f 1234/1234 1235/1235 1206/1206
f 1206/1206 1235/1235 1205/1205
f 1235/1235 1236/1236 1205/1205
f 1205/1205 1236/1236 1204/1204
f 1236/1236 1237/1237 1204/1204
f 1204/1204 1237/1237 1203/1203
f 1237/1237 1238/1238 1203/1203
f 1203/1203 1238/1238 1202/1202
f 1238/1238 1239/1239 1202/1202
f 1202/1202 1239/1239 1201/1201
f 1230/1230 1240/1240 1231/1231
f 1240/1240 1241/1241 1231/1231
f 1231/1231 1241/1241 1232/1232
f 1241/1241 1242/1242 1232/1232
f 1232/1232 1242/1242 1233/1233
f 1242/1242 1243/1243 1233/1233
f 1233/1233 1243/1243 1234/1234
f 1243/1243 1244/1244 1234/1234
f 1234/1234 1244/1244 1235/1235
f 1244/1244 1245/1245 1235/1235
f 1235/1235 1245/1245 1236/1236
f 1245/1245 1246/1246 1236/1236
f 1236/1236 1246/1246 1237/1237
f 1246/1246 1247/1247 1237/1237
f 1237/1237 1247/1247 1238/1238
f 1230/1230 1228/1228 1240/1240
f 1228/1228 1248/1248 1240/1240
f 1240/1240 1248/1248 1249/1249
f 1248/1248 1250/1250 1249/1249
f 1249/1249 1250/1250 1251/1251
f 1250/1250 1252/1252 1251/1251
f 1251/1251 1252/1252 84/84
f 1252/1252 86/86 84/84
f 1248/1248 1228/1228 1250/1250
f 1228/1228 1253/1253 1250/1250
f 1250/1250 1253/1253 1252/1252
f 1253/1253 1254/1254 1252/1252
f 1252/1252 1254/1254 90/90
f 1254/1254 1255/1255 90/90
f 90/90 1255/1255 1256/1256
f 1255/1255 1257/1257 1256/1256
f 1256/1256 1257/1257 1258/1258
f 1257/1257 1259/1259 1258/1258
f 1258/1258 1259/1259 1260/1260
f 1259/1259 1261/1261 1260/1260
f 1260/1260 1261/1261 1262/1262
f 1261/1261 1263/1263 1262/1262
f 1262/1262 1263/1263 96/96
f 1263/1263 1087/1087 96/96
f 96/96 1087/1087 1086/1086
f 1263/1263 1261/1261 1091/1091
f 1261/1261 1259/1259 1091/1091
f 1091/1091 1259/1259 1264/1264
f 1259/1259 1265/1265 1264/1264
f 1264/1264 1265/1265 1095/1095
f 1265/1265 1220/1220 1095/1095
f 1095/1095 1220/1220 1222/1222
f 1265/1265 1259/1259 1266/1266
f 1259/1259 1257/1257 1266/1266
f 1266/1266 1257/1257 1223/1223
f 1257/1257 1224/1224 1223/1223
f 1224/1224 1257/1257 1226/1226
f 1257/1257 1255/1255 1226/1226
f 1226/1226 1255/1255 1254/1254
f 1254/1254 1253/1253 1226/1226
f 1253/1253 1228/1228 1226/1226
f 1190/1190 1176/1176 1210/1210
f 1176/1176 1212/1212 1210/1210
f 1178/1178 1180/1180 1215/1215
f 1180/1180 1267/1267 1215/1215
f 1215/1215 1267/1267 1268/1268
f 1267/1267 1269/1269 1268/1268
f 1268/1268 1269/1269 1221/1221
f 1269/1269 1097/1097 1221/1221
f 1221/1221 1219/1219 1268/1268
f 1219/1219 1217/1217 1268/1268
f 1268/1268 1217/1217 1215/1215
f 104/104 1088/1088 106/106
f 1088/1088 1270/1270 106/106
f 106/106 1270/1270 108/108
f 1270/1270 1090/1090 108/108
f 108/108 1090/1090 1271/1271
f 1090/1090 1272/1272 1271/1271
f 1271/1271 1272/1272 1273/1273
f 1272/1272 1094/1094 1273/1273
f 1273/1273 1094/1094 1274/1274
f 1094/1094 1157/1157 1274/1274
f 1274/1274 1157/1157 1156/1156
f 1273/1273 1274/1274 1275/1275
f 1274/1274 1156/1156 1275/1275
f 1275/1275 1156/1156 1276/1276
f 1156/1156 1277/1277 1276/1276
f 1276/1276 1277/1277 1278/1278
f 1277/1277 1154/1154 1278/1278
f 1278/1278 1154/1154 1279/1279
f 1154/1154 1280/1280 1279/1279
f 1279/1279 1280/1280 1281/1281
f 1280/1280 1152/1152 1281/1281
f 1281/1281 1152/1152 1282/1282
f 1152/1152 1283/1283 1282/1282
f 1282/1282 1283/1283 1284/1284
f 1283/1283 1285/1285 1284/1284
f 1284/1284 1285/1285 1286/1286
f 1285/1285 1287/1287 1286/1286
f 1286/1286 1287/1287 1288/1288
f 1287/1287 1289/1289 1288/1288
f 1288/1288 1289/1289 1290/1290
f 1289/1289 1144/1144 1290/1290
f 1290/1290 1144/1144 1142/1142
f 1144/1144 1289/1289 1146/1146
f 1289/1289 1285/1285 1146/1146
f 1146/1146 1285/1285 1148/1148
f 1285/1285 1150/1150 1148/1148
f 1285/1285 1283/1283 1150/1150
f 1283/1283 1152/1152 1150/1150
f 1180/1180 1182/1182 1267/1267
f 1182/1182 1269/1269 1267/1267
f 1182/1182 1099/1099 1269/1269
f 1099/1099 1097/1097 1269/1269
f 1156/1156 1155/1155 1277/1277
f 1155/1155 1154/1154 1277/1277
f 1291/1291 1292/1292 1293/1293
f 1292/1292 1294/1294 1293/1293
f 1294/1294 1292/1292 1295/1295
f 1292/1292 1296/1296 1295/1295
f 1295/1295 1296/1296 1297/1297
f 1296/1296 1298/1298 1297/1297
f 1297/1297 1298/1298 1299/1299
f 1298/1298 1300/1300 1299/1299
f 1299/1299 1300/1300 1301/1301
f 1300/1300 1302/1302 1301/1301
f 1301/1301 1302/1302 1303/1303
f 1302/1302 1304/1304 1303/1303
f 1303/1303 1304/1304 1305/1305
f 1304/1304 1306/1306 1305/1305
f 1305/1305 1306/1306 1307/1307
f 1306/1306 1308/1308 1307/1307
f 1307/1307 1308/1308 1309/1309
f 1308/1308 1310/1310 1309/1309
f 1309/1309 1310/1310 1311/1311
f 1310/1310 1312/1312 1311/1311
f 1311/1311 1312/1312 1313/1313
f 1312/1312 1314/1314 1313/1313
f 1313/1313 1314/1314 1315/1315
f 1314/1314 1316/1316 1315/1315
f 1315/1315 1316/1316 1317/1317
f 1316/1316 1318/1318 1317/1317
f 1317/1317 1318/1318 1319/1319
f 1318/1318 1320/1320 1319/1319
f 1319/1319 1320/1320 1321/1321
f 1321/1321 1322/1322 1319/1319
f 1322/1322 1323/1323 1319/1319
f 1319/1319 1323/1323 1324/1324
f 1323/1323 1325/1325 1324/1324
f 1324/1324 1325/1325 1326/1326
f 1325/1325 1327/1327 1326/1326
f 1326/1326 1327/1327 1315/1315
f 1327/1327 1328/1328 1315/1315
f 1315/1315 1328/1328 1313/1313
f 1328/1328 1329/1329 1313/1313
f 1313/1313 1329/1329 1311/1311
f 1329/1329 1330/1330 1311/1311
f 1311/1311 1330/1330 1309/1309
f 1330/1330 1331/1331 1309/1309
f 1309/1309 1331/1331 1307/1307
f 1331/1331 1332/1332 1307/1307
f 1307/1307 1332/1332 1305/1305
f 1332/1332 1333/1333 1305/1305
f 1305/1305 1333/1333 1303/1303
f 1333/1333 1334/1334 1303/1303
f 1303/1303 1334/1334 1301/1301
f 1334/1334 1335/1335 1301/1301
f 1301/1301 1335/1335 1299/1299
f 1335/1335 1336/1336 1299/1299
f 1299/1299 1336/1336 1297/1297
f 1336/1336 1337/1337 1297/1297
f 1297/1297 1337/1337 1295/1295
f 1337/1337 1338/1338 1295/1295
f 1295/1295 1338/1338 1339/1339
f 1338/1338 1340/1340 1339/1339
f 1339/1339 1340/1340 1341/1341
f 1340/1340 1338/1338 1342/1342
f 1338/1338 1337/1337 1342/1342
f 1342/1342 1337/1337 1343/1343
f 1337/1337 1336/1336 1343/1343
f 1343/1343 1336/1336 1344/1344
f 1336/1336 1335/1335 1344/1344
f 1344/1344 1335/1335 1345/1345
f 1335/1335 1334/1334 1345/1345
f 1345/1345 1334/1334 1346/1346
f 1334/1334 1333/1333 1346/1346
f 1346/1346 1333/1333 1347/1347
f 1333/1333 1332/1332 1347/1347
f 1347/1347 1332/1332 1348/1348
f 1332/1332 1331/1331 1348/1348
f 1348/1348 1331/1331 1349/1349
f 1331/1331 1330/1330 1349/1349
f 1349/1349 1330/1330 1350/1350
f 1330/1330 1329/1329 1350/1350
f 1350/1350 1329/1329 1351/1351
f 1329/1329 1328/1328 1351/1351
f 1351/1351 1328/1328 1327/1327
f 1351/1351 1327/1327 1352/1352
f 1327/1327 1353/1353 1352/1352
f 1352/1352 1353/1353 1354/1354
f 1353/1353 1355/1355 1354/1354
f 1354/1354 1355/1355 1349/1349
f 1355/1355 1356/1356 1349/1349
f 1349/1349 1356/1356 1348/1348
f 1356/1356 1357/1357 1348/1348
f 1348/1348 1357/1357 1347/1347
f 1357/1357 1358/1358 1347/1347
f 1347/1347 1358/1358 1346/1346
f 1358/1358 1359/1359 1346/1346
f 1346/1346 1359/1359 1345/1345
f 1359/1359 1360/1360 1345/1345
f 1345/1345 1360/1360 1344/1344
f 1360/1360 1361/1361 1344/1344
f 1344/1344 1361/1361 1343/1343
f 1361/1361 1362/1362 1343/1343
f 1343/1343 1362/1362 1342/1342
f 1362/1362 1363/1363 1342/1342
f 1342/1342 1363/1363 1340/1340
f 1355/1355 1364/1364 1356/1356
f 1364/1364 1365/1365 1356/1356
f 1356/1356 1365/1365 1357/1357
f 1365/1365 1366/1366 1357/1357
f 1357/1357 1366/1366 1358/1358
f 1366/1366 1367/1367 1358/1358
f 1358/1358 1367/1367 1359/1359
f 1367/1367 1368/1368 1359/1359
f 1359/1359 1368/1368 1360/1360
f 1368/1368 1369/1369 1360/1360
f 1360/1360 1369/1369 1361/1361
f 1369/1369 1370/1370 1361/1361
f 1361/1361 1370/1370 1362/1362
f 1365/1365 1371/1371 1366/1366
f 1371/1371 1372/1372 1366/1366
f 1366/1366 1372/1372 1367/1367
f 1372/1372 1373/1373 1367/1367
f 1367/1367 1373/1373 1368/1368
f 1373/1373 1374/1374 1368/1368
f 1368/1368 1374/1374 1369/1369
f 1365/1365 1364/1364 1371/1371
f 1364/1364 1375/1375 1371/1371
f 1371/1371 1375/1375 1376/1376
f 1375/1375 1377/1377 1376/1376
f 1371/1371 1376/1376 1372/1372
f 1376/1376 1378/1378 1372/1372
f 1372/1372 1378/1378 1373/1373
f 1379/1379 1380/1380 1381/1381
f 1380/1380 1382/1382 1381/1381
f 1381/1381 1382/1382 1383/1383
f 1381/1381 1383/1383 1384/1384
f 1383/1383 1385/1385 1384/1384
f 1384/1384 1385/1385 1386/1386
f 1385/1385 1387/1387 1386/1386
f 1386/1386 1387/1387 1388/1388
f 1387/1387 1389/1389 1388/1388
f 1388/1388 1389/1389 1390/1390
f 1389/1389 1391/1391 1390/1390
f 1390/1390 1391/1391 1392/1392
f 1391/1391 1393/1393 1392/1392
f 1392/1392 1393/1393 1394/1394
f 1393/1393 1395/1395 1394/1394
f 1394/1394 1395/1395 1396/1396
f 1395/1395 1397/1397 1396/1396
f 1396/1396 1397/1397 1398/1398
f 1397/1397 1399/1399 1398/1398
f 1398/1398 1399/1399 1400/1400
f 1399/1399 1401/1401 1400/1400
f 1400/1400 1401/1401 1402/1402
f 1401/1401 1403/1403 1402/1402
f 1402/1402 1403/1403 1404/1404
f 1403/1403 1405/1405 1404/1404
f 1404/1404 1405/1405 1406/1406
f 1405/1405 1407/1407 1406/1406
f 1406/1406 1407/1407 1408/1408
f 1407/1407 1409/1409 1408/1408
f 1408/1408 1409/1409 1410/1410
f 1409/1409 1411/1411 1410/1410
f 1410/1410 1411/1411 1412/1412
f 1411/1411 1413/1413 1412/1412
f 1412/1412 1413/1413 1414/1414
f 1413/1413 1415/1415 1414/1414
f 1414/1414 1415/1415 1416/1416
f 1415/1415 1417/1417 1416/1416
f 1416/1416 1417/1417 1418/1418
f 1417/1417 1419/1419 1418/1418
f 1418/1418 1419/1419 1420/1420
f 1419/1419 1421/1421 1420/1420
f 1420/1420 1421/1421 1422/1422
f 1421/1421 1423/1423 1422/1422
f 1422/1422 1423/1423 1424/1424
f 1423/1423 1425/1425 1424/1424
f 1424/1424 1425/1425 1426/1426
f 1425/1425 1427/1427 1426/1426
f 1426/1426 1427/1427 1428/1428
f 1427/1427 1429/1429 1428/1428
f 1428/1428 1429/1429 1430/1430
f 1429/1429 1431/1431 1430/1430
f 1430/1430 1431/1431 1432/1432
f 1431/1431 1433/1433 1432/1432
f 1432/1432 1433/1433 1434/1434
f 1433/1433 1435/1435 1434/1434
f 1434/1434 1435/1435 1436/1436
f 1435/1435 1437/1437 1436/1436
f 1436/1436 1437/1437 1438/1438
f 1437/1437 1439/1439 1438/1438
f 1438/1438 1439/1439 1440/1440
f 1439/1439 1441/1441 1440/1440
f 1440/1440 1441/1441 1442/1442
f 1441/1441 1443/1443 1442/1442
f 1442/1442 1443/1443 1444/1444
f 1443/1443 1445/1445 1444/1444
f 1444/1444 1445/1445 1446/1446
f 1394/1394 1396/1396 1447/1447
f 1396/1396 1398/1398 1447/1447
f 1447/1447 1398/1398 1448/1448
f 1398/1398 1449/1449 1448/1448
f 1448/1448 1449/1449 1450/1450
f 1449/1449 1451/1451 1450/1450
f 1450/1450 1451/1451 1452/1452
f 1451/1451 1453/1453 1452/1452
f 1452/1452 1453/1453 1454/1454
f 1453/1453 1404/1404 1454/1454
f 1454/1454 1404/1404 1455/1455
f 1404/1404 1456/1456 1455/1455
f 1455/1455 1456/1456 1457/1457
f 1456/1456 1408/1408 1457/1457
f 1457/1457 1408/1408 1458/1458
f 1408/1408 1459/1459 1458/1458
f 1458/1458 1459/1459 1460/1460
f 1459/1459 1416/1416 1460/1460
f 1460/1460 1416/1416 1461/1461
f 1416/1416 1462/1462 1461/1461
f 1461/1461 1462/1462 1463/1463
f 1462/1462 1418/1418 1463/1463
f 1463/1463 1418/1418 1464/1464
f 1418/1418 1422/1422 1464/1464
f 1464/1464 1422/1422 1465/1465
f 1422/1422 1424/1424 1465/1465
f 1465/1465 1424/1424 1466/1466
f 1424/1424 1426/1426 1466/1466
f 1466/1466 1426/1426 1428/1428
f 1449/1449 1398/1398 1451/1451
f 1398/1398 1400/1400 1451/1451
f 1451/1451 1400/1400 1453/1453
f 1400/1400 1402/1402 1453/1453
f 1453/1453 1402/1402 1404/1404
f 1315/1315 1317/1317 1326/1326
f 1317/1317 1319/1319 1326/1326
f 1326/1326 1319/1319 1324/1324
f 1404/1404 1406/1406 1456/1456
f 1406/1406 1408/1408 1456/1456
f 715/715 759/759 716/716
f 759/759 718/718 716/716
f 1341/1341 1467/1467 1339/1339
f 1467/1467 1468/1468 1339/1339
f 1339/1339 1468/1468 1293/1293
f 1293/1293 1294/1294 1339/1339
f 1294/1294 1295/1295 1339/1339
f 1408/1408 1410/1410 1459/1459
f 1410/1410 1412/1412 1459/1459
f 1459/1459 1412/1412 1414/1414
f 159/159 1051/1051 157/157
f 1051/1051 1469/1469 157/157
f 157/157 1469/1469 156/156
f 1469/1469 87/87 156/156
f 156/156 87/87 89/89
f 1051/1051 1049/1049 1469/1469
f 1049/1049 1047/1047 1469/1469
f 1469/1469 1047/1047 1470/1470
f 1047/1047 1045/1045 1470/1470
f 1470/1470 1045/1045 85/85
f 1045/1045 1043/1043 85/85
f 85/85 1043/1043 1471/1471
f 1043/1043 1041/1041 1471/1471
f 1471/1471 1041/1041 81/81
f 1041/1041 1472/1472 81/81
f 85/85 87/87 1470/1470
f 87/87 1469/1469 1470/1470
f 1349/1349 1350/1350 1354/1354
f 1350/1350 1351/1351 1354/1354
f 1354/1354 1351/1351 1352/1352
f 129/129 185/185 127/127
f 185/185 125/125 127/127
f 187/187 189/189 232/232
f 189/189 190/190 232/232
f 216/216 218/218 368/368
f 218/218 219/219 368/368
f 354/354 352/352 424/424
f 352/352 351/351 424/424
f 423/423 425/425 474/474
f 425/425 426/426 474/474
f 129/129 131/131 188/188
f 131/131 133/133 188/188
f 500/500 502/502 567/567
f 502/502 503/503 567/567
f 899/899 928/928 900/900
f 928/928 902/902 900/900
f 30/30 29/29 44/44
f 29/29 1473/1473 44/44
f 44/44 1473/1473 46/46
f 408/408 456/456 407/407
f 456/456 405/405 407/407
f 309/309 307/307 709/709
f 307/307 750/750 709/709
f 709/709 750/750 707/707
f 905/905 903/903 931/931
f 903/903 902/902 931/931
f 200/200 201/201 246/246
f 201/201 203/203 246/246
f 216/216 371/371 215/215
f 371/371 213/213 215/215
f 730/730 728/728 771/771
f 728/728 727/727 771/771
f 1474/1474 970/970 1475/1475
f 970/970 968/968 1475/1475
f 1475/1475 968/968 966/966
f 1475/1475 966/966 1476/1476
f 966/966 1477/1477 1476/1476
f 1477/1477 966/966 1478/1478
f 966/966 964/964 1478/1478
f 1478/1478 964/964 1479/1479
f 964/964 1480/1480 1479/1479
f 1479/1479 1480/1480 1481/1481
f 1480/1480 1482/1482 1481/1481
f 1481/1481 1482/1482 1483/1483
f 1482/1482 956/956 1483/1483
f 1483/1483 956/956 1484/1484
f 956/956 1485/1485 1484/1484
f 1484/1484 1485/1485 1486/1486
f 1485/1485 1487/1487 1486/1486
f 1486/1486 1487/1487 1488/1488
f 1487/1487 1489/1489 1488/1488
f 1488/1488 1489/1489 1490/1490
f 1489/1489 1491/1491 1490/1490
f 1490/1490 1491/1491 1492/1492
f 1491/1491 273/273 1492/1492
f 1492/1492 273/273 271/271
f 956/956 954/954 1485/1485
f 954/954 1493/1493 1485/1485
f 1485/1485 1493/1493 1487/1487
f 1493/1493 1494/1494 1487/1487
f 1487/1487 1494/1494 1489/1489
f 1494/1494 1495/1495 1489/1489
f 1489/1489 1495/1495 1491/1491
f 1495/1495 273/273 1491/1491
f 954/954 952/952 1493/1493
f 952/952 1496/1496 1493/1493
f 1493/1493 1496/1496 1494/1494
f 1496/1496 1497/1497 1494/1494
f 1494/1494 1497/1497 1495/1495
f 1497/1497 1498/1498 1495/1495
f 1495/1495 1498/1498 273/273
f 1498/1498 275/275 273/273
f 275/275 1498/1498 277/277
f 1498/1498 1497/1497 277/277
f 277/277 1497/1497 1499/1499
f 1497/1497 1496/1496 1499/1499
f 1499/1499 1496/1496 950/950
f 1496/1496 952/952 950/950
f 950/950 948/948 1499/1499
f 948/948 1500/1500 1499/1499
f 1499/1499 1500/1500 277/277
f 1500/1500 279/279 277/277
f 279/279 1500/1500 281/281
f 1500/1500 948/948 281/281
f 93/93 95/95 158/158
f 95/95 97/97 158/158
f 158/158 97/97 160/160
f 97/97 99/99 160/160
f 160/160 99/99 162/162
f 99/99 164/164 162/162
f 164/164 99/99 166/166
f 99/99 101/101 166/166
f 956/956 1482/1482 958/958
f 1482/1482 960/960 958/958
f 960/960 1482/1482 962/962
f 1482/1482 964/964 962/962
f 393/393 391/391 395/395
f 391/391 448/448 395/395
f 799/799 797/797 835/835
f 797/797 796/796 835/835
f 836/836 834/834 868/868
f 834/834 833/833 868/868
f 836/836 871/871 837/837
f 871/871 839/839 837/837
f 1318/1318 1316/1316 1501/1501
f 1316/1316 1502/1502 1501/1501
f 1316/1316 1314/1314 1502/1502
f 1314/1314 1503/1503 1502/1502
f 1502/1502 1503/1503 1504/1504
f 1503/1503 1505/1505 1504/1504
f 1504/1504 1505/1505 1506/1506
f 1505/1505 1507/1507 1506/1506
f 1503/1503 1312/1312 1505/1505
f 1312/1312 1310/1310 1505/1505
f 1505/1505 1310/1310 1508/1508
f 1310/1310 1308/1308 1508/1508
f 1508/1508 1308/1308 1509/1509
f 1308/1308 1306/1306 1509/1509
f 1509/1509 1306/1306 1510/1510
f 1306/1306 1304/1304 1510/1510
f 1510/1510 1304/1304 1511/1511
f 1304/1304 1302/1302 1511/1511
f 1511/1511 1302/1302 1512/1512
f 1302/1302 1300/1300 1512/1512
f 1512/1512 1300/1300 1513/1513
f 1300/1300 1298/1298 1513/1513
f 1513/1513 1298/1298 1514/1514
f 1298/1298 1296/1296 1514/1514
f 1514/1514 1296/1296 1515/1515
f 1296/1296 1292/1292 1515/1515
f 1515/1515 1292/1292 1291/1291
f 1513/1513 1514/1514 1516/1516
f 1514/1514 1515/1515 1516/1516
f 1516/1516 1515/1515 1517/1517
f 1515/1515 1518/1518 1517/1517
f 1517/1517 1518/1518 1519/1519
f 1518/1518 1520/1520 1519/1519
f 1519/1519 1520/1520 1521/1521
f 1520/1520 1522/1522 1521/1521
f 1521/1521 1522/1522 1523/1523
f 1522/1522 1524/1524 1523/1523
f 1523/1523 1524/1524 1525/1525
f 1524/1524 1526/1526 1525/1525
f 1525/1525 1526/1526 1527/1527
f 1526/1526 1528/1528 1527/1527
f 1527/1527 1528/1528 1529/1529
f 1528/1528 1530/1530 1529/1529
f 1529/1529 1530/1530 1531/1531
f 1530/1530 1532/1532 1531/1531
f 1531/1531 1532/1532 1533/1533
f 1532/1532 1534/1534 1533/1533
f 1516/1516 1535/1535 1513/1513
f 1535/1535 1536/1536 1513/1513
f 1513/1513 1536/1536 1537/1537
f 1536/1536 1538/1538 1537/1537
f 1537/1537 1538/1538 1511/1511
f 1538/1538 1539/1539 1511/1511
f 1511/1511 1539/1539 1540/1540
f 1539/1539 1541/1541 1540/1540
f 1540/1540 1541/1541 1509/1509
f 1541/1541 1542/1542 1509/1509
f 1509/1509 1542/1542 1543/1543
f 1542/1542 1507/1507 1543/1543
f 1543/1543 1507/1507 1505/1505
f 1535/1535 1544/1544 1536/1536
f 1544/1544 1545/1545 1536/1536
f 1536/1536 1545/1545 1538/1538
f 1545/1545 1546/1546 1538/1538
f 1538/1538 1546/1546 1539/1539
f 1546/1546 1547/1547 1539/1539
f 1539/1539 1547/1547 1541/1541
f 1547/1547 1548/1548 1541/1541
f 1541/1541 1548/1548 1542/1542
f 1548/1548 1549/1549 1542/1542
f 1542/1542 1549/1549 1507/1507
f 1544/1544 1535/1535 1550/1550
f 1535/1535 1517/1517 1550/1550
f 1550/1550 1517/1517 1519/1519
f 1550/1550 1519/1519 1551/1551
f 1519/1519 1552/1552 1551/1551
f 1551/1551 1552/1552 1553/1553
f 1552/1552 1554/1554 1553/1553
f 1553/1553 1554/1554 1555/1555
f 1554/1554 1556/1556 1555/1555
f 1555/1555 1556/1556 1557/1557
f 1556/1556 1558/1558 1557/1557
f 1557/1557 1558/1558 1559/1559
f 1558/1558 1527/1527 1559/1559
f 1559/1559 1527/1527 1560/1560
f 1527/1527 1561/1561 1560/1560
f 1527/1527 1558/1558 1525/1525
f 1558/1558 1562/1562 1525/1525
f 1525/1525 1562/1562 1523/1523
f 1562/1562 1521/1521 1523/1523
f 1558/1558 1556/1556 1562/1562
f 1556/1556 1554/1554 1562/1562
f 1562/1562 1554/1554 1552/1552
f 1552/1552 1519/1519 1562/1562
f 1519/1519 1521/1521 1562/1562
f 1531/1531 1561/1561 1529/1529
f 1561/1561 1527/1527 1529/1529
f 1291/1291 1563/1563 1515/1515
f 1563/1563 1518/1518 1515/1515
f 1522/1522 1520/1520 1564/1564
f 1520/1520 1518/1518 1564/1564
f 1564/1564 1518/1518 1563/1563
f 1563/1563 1291/1291 1564/1564
f 1291/1291 1565/1565 1564/1564
f 1291/1291 1293/1293 1565/1565
f 1293/1293 1566/1566 1565/1565
f 1566/1566 1293/1293 1567/1567
f 1293/1293 1468/1468 1567/1567
f 1567/1567 1468/1468 1568/1568
f 1468/1468 1467/1467 1568/1568
f 1511/1511 1512/1512 1537/1537
f 1512/1512 1513/1513 1537/1537
f 1546/1546 1545/1545 1569/1569
f 1545/1545 1544/1544 1569/1569
f 1569/1569 1544/1544 1570/1570
f 1544/1544 1553/1553 1570/1570
f 1570/1570 1553/1553 1571/1571
f 1553/1553 1572/1572 1571/1571
f 1553/1553 1544/1544 1551/1551
f 1544/1544 1550/1550 1551/1551
f 426/426 428/428 477/477
f 428/428 479/479 477/477
f 1509/1509 1510/1510 1540/1540
f 1510/1510 1511/1511 1540/1540
f 301/301 825/825 790/790
f 825/825 788/788 790/790
f 399/399 450/450 1573/1573
f 450/450 1574/1574 1573/1573
f 450/450 449/449 1574/1574
f 449/449 1059/1059 1574/1574
f 1574/1574 1059/1059 1058/1058
f 929/929 1030/1030 930/930
f 1030/1030 932/932 930/930
f 929/929 927/927 1027/1027
f 927/927 926/926 1027/1027
f 1548/1548 1547/1547 1575/1575
f 1547/1547 1546/1546 1575/1575
f 1575/1575 1546/1546 1576/1576
f 1546/1546 1577/1577 1576/1576
f 1546/1546 1569/1569 1577/1577
f 1569/1569 1570/1570 1577/1577
f 1577/1577 1570/1570 1571/1571
f 1446/1446 1578/1578 1444/1444
f 1578/1578 1579/1579 1444/1444
f 1444/1444 1579/1579 1580/1580
f 1579/1579 1581/1581 1580/1580
f 1580/1580 1581/1581 1582/1582
f 1581/1581 1583/1583 1582/1582
f 1582/1582 1583/1583 1584/1584
f 1583/1583 1585/1585 1584/1584
f 1584/1584 1585/1585 1586/1586
f 1585/1585 1587/1587 1586/1586
f 1586/1586 1587/1587 1588/1588
f 1587/1587 1589/1589 1588/1588
f 1588/1588 1589/1589 1590/1590
f 1589/1589 1591/1591 1590/1590
f 1590/1590 1591/1591 1592/1592
f 1591/1591 1593/1593 1592/1592
f 1592/1592 1593/1593 1594/1594
f 1593/1593 1595/1595 1594/1594
f 1594/1594 1595/1595 1596/1596
f 1595/1595 1597/1597 1596/1596
f 1596/1596 1597/1597 1598/1598
f 1597/1597 1599/1599 1598/1598
f 1598/1598 1599/1599 1600/1600
f 1599/1599 1601/1601 1600/1600
f 1600/1600 1601/1601 1602/1602
f 1601/1601 1603/1603 1602/1602
f 1602/1602 1603/1603 1604/1604
f 1603/1603 1605/1605 1604/1604
f 1604/1604 1605/1605 1606/1606
f 1605/1605 1607/1607 1606/1606
f 1606/1606 1607/1607 1608/1608
f 1607/1607 1609/1609 1608/1608
f 1608/1608 1609/1609 1610/1610
f 1609/1609 1611/1611 1610/1610
f 1610/1610 1611/1611 1612/1612
f 1611/1611 1613/1613 1612/1612
f 1612/1612 1613/1613 1614/1614
f 1613/1613 1615/1615 1614/1614
f 1614/1614 1615/1615 1616/1616
f 1615/1615 1617/1617 1616/1616
f 1616/1616 1617/1617 1618/1618
f 1617/1617 1619/1619 1618/1618
f 1618/1618 1619/1619 1620/1620
f 1619/1619 1621/1621 1620/1620
f 1620/1620 1621/1621 1622/1622
f 1621/1621 1623/1623 1622/1622
f 1622/1622 1623/1623 1624/1624
f 1623/1623 1625/1625 1624/1624
f 1624/1624 1625/1625 1626/1626
f 1625/1625 1627/1627 1626/1626
f 1626/1626 1627/1627 1628/1628
f 1627/1627 1629/1629 1628/1628
f 1628/1628 1629/1629 1630/1630
f 1629/1629 1631/1631 1630/1630
f 1630/1630 1631/1631 1632/1632
f 1631/1631 1633/1633 1632/1632
f 1632/1632 1633/1633 1634/1634
f 1633/1633 1635/1635 1634/1634
f 1634/1634 1635/1635 1636/1636
f 1635/1635 1637/1637 1636/1636
f 1636/1636 1637/1637 1638/1638
f 1637/1637 1639/1639 1638/1638
f 1638/1638 1639/1639 1640/1640
f 1639/1639 1641/1641 1640/1640
f 1640/1640 1641/1641 1642/1642
f 1641/1641 1643/1643 1642/1642
f 1642/1642 1643/1643 1644/1644
f 1643/1643 1645/1645 1644/1644
f 1644/1644 1645/1645 1646/1646
f 1645/1645 1647/1647 1646/1646
f 1646/1646 1647/1647 1648/1648
f 1647/1647 1649/1649 1648/1648
f 1648/1648 1649/1649 1650/1650
f 1649/1649 1651/1651 1650/1650
f 1650/1650 1651/1651 1652/1652
f 1651/1651 1653/1653 1652/1652
f 1652/1652 1653/1653 1654/1654
f 1653/1653 1655/1655 1654/1654
f 1654/1654 1655/1655 1656/1656
f 1655/1655 1657/1657 1656/1656
f 1656/1656 1657/1657 1658/1658
f 1657/1657 1659/1659 1658/1658
f 1658/1658 1659/1659 1660/1660
f 1659/1659 1661/1661 1660/1660
f 1660/1660 1661/1661 1662/1662
f 1661/1661 1663/1663 1662/1662
f 1662/1662 1663/1663 1664/1664
f 1663/1663 1665/1665 1664/1664
f 1664/1664 1665/1665 1666/1666
f 1665/1665 1667/1667 1666/1666
f 1666/1666 1667/1667 1668/1668
f 1667/1667 1669/1669 1668/1668
f 1668/1668 1669/1669 1670/1670
f 1669/1669 1671/1671 1670/1670
f 1670/1670 1671/1671 1672/1672
f 1671/1671 1673/1673 1672/1672
f 1672/1672 1673/1673 1674/1674
f 1673/1673 1675/1675 1674/1674
f 1674/1674 1675/1675 1676/1676
f 1675/1675 1677/1677 1676/1676
f 1676/1676 1677/1677 1678/1678
f 1677/1677 1679/1679 1678/1678
f 1678/1678 1679/1679 1680/1680
f 1679/1679 1681/1681 1680/1680
f 1680/1680 1681/1681 1682/1682
f 1681/1681 1683/1683 1682/1682
f 1660/1660 1684/1684 1658/1658
f 1684/1684 1685/1685 1658/1658
f 1658/1658 1685/1685 1656/1656
f 1685/1685 1686/1686 1656/1656
f 1656/1656 1686/1686 1654/1654
f 1686/1686 1687/1687 1654/1654
f 1654/1654 1687/1687 1652/1652
f 1687/1687 1688/1688 1652/1652
f 1652/1652 1688/1688 1650/1650
f 1688/1688 1689/1689 1650/1650
f 1650/1650 1689/1689 1648/1648
f 1689/1689 1690/1690 1648/1648
f 1648/1648 1690/1690 1646/1646
f 1690/1690 1691/1691 1646/1646
f 1646/1646 1691/1691 1644/1644
f 1691/1691 1692/1692 1644/1644
f 1644/1644 1692/1692 1642/1642
f 1692/1692 1693/1693 1642/1642
f 1642/1642 1693/1693 1640/1640
f 1693/1693 1694/1694 1640/1640
f 1640/1640 1694/1694 1638/1638
f 1694/1694 1695/1695 1638/1638
f 1638/1638 1695/1695 1636/1636
f 1695/1695 1696/1696 1636/1636
f 1636/1636 1696/1696 1634/1634
f 1696/1696 1697/1697 1634/1634
f 1634/1634 1697/1697 1632/1632
f 1697/1697 1698/1698 1632/1632
f 1632/1632 1698/1698 1630/1630
f 1698/1698 1699/1699 1630/1630
f 1630/1630 1699/1699 1628/1628
f 1699/1699 1700/1700 1628/1628
f 1628/1628 1700/1700 1701/1701
f 1700/1700 1702/1702 1701/1701
f 1701/1701 1702/1702 1703/1703
f 1702/1702 1704/1704 1703/1703
f 1703/1703 1704/1704 1705/1705
f 1704/1704 1706/1706 1705/1705
f 1705/1705 1706/1706 1620/1620
f 1706/1706 1707/1707 1620/1620
f 1620/1620 1707/1707 1618/1618
f 1707/1707 1708/1708 1618/1618
f 1618/1618 1708/1708 1709/1709
f 1708/1708 1710/1710 1709/1709
f 1709/1709 1710/1710 1711/1711
f 1710/1710 1712/1712 1711/1711
f 1711/1711 1712/1712 1713/1713
f 1712/1712 1714/1714 1713/1713
f 1713/1713 1714/1714 1610/1610
f 1714/1714 1715/1715 1610/1610
f 1610/1610 1715/1715 1608/1608
f 1715/1715 1716/1716 1608/1608
f 1608/1608 1716/1716 1717/1717
f 1716/1716 1718/1718 1717/1717
f 1717/1717 1718/1718 1719/1719
f 1718/1718 1720/1720 1719/1719
f 1719/1719 1720/1720 1721/1721
f 1720/1720 1722/1722 1721/1721
f 1721/1721 1722/1722 1600/1600
f 1722/1722 1723/1723 1600/1600
f 1600/1600 1723/1723 1598/1598
f 1723/1723 1724/1724 1598/1598
f 1598/1598 1724/1724 1725/1725
f 1724/1724 1726/1726 1725/1725
f 1725/1725 1726/1726 1727/1727
f 1726/1726 1728/1728 1727/1727
f 1727/1727 1728/1728 1729/1729
f 1728/1728 1730/1730 1729/1729
f 1729/1729 1730/1730 1590/1590
f 1730/1730 1731/1731 1590/1590
f 1590/1590 1731/1731 1588/1588
f 1731/1731 1732/1732 1588/1588
f 1588/1588 1732/1732 1733/1733
f 1732/1732 1734/1734 1733/1733
f 1733/1733 1734/1734 1735/1735
f 1734/1734 1736/1736 1735/1735
f 1735/1735 1736/1736 1737/1737
f 1736/1736 1738/1738 1737/1737
f 1737/1737 1738/1738 1580/1580
f 1738/1738 1739/1739 1580/1580
f 1580/1580 1739/1739 1444/1444
f 1739/1739 1442/1442 1444/1444
f 1700/1700 1699/1699 1740/1740
f 1699/1699 1698/1698 1740/1740
f 1740/1740 1698/1698 1741/1741
f 1698/1698 1697/1697 1741/1741
f 1741/1741 1697/1697 1742/1742
f 1697/1697 1696/1696 1742/1742
f 1742/1742 1696/1696 1743/1743
f 1696/1696 1695/1695 1743/1743
f 1743/1743 1695/1695 1744/1744
f 1695/1695 1694/1694 1744/1744
f 1744/1744 1694/1694 1745/1745
f 1694/1694 1693/1693 1745/1745
f 1745/1745 1693/1693 1746/1746
f 1693/1693 1692/1692 1746/1746
f 1746/1746 1692/1692 1747/1747
f 1692/1692 1691/1691 1747/1747
f 1747/1747 1691/1691 1748/1748
f 1691/1691 1690/1690 1748/1748
f 1748/1748 1690/1690 1749/1749
f 1690/1690 1689/1689 1749/1749
f 1749/1749 1689/1689 1750/1750
f 1689/1689 1688/1688 1750/1750
f 1750/1750 1688/1688 1751/1751
f 1688/1688 1687/1687 1751/1751
f 1751/1751 1687/1687 1752/1752
f 1687/1687 1686/1686 1752/1752
f 1752/1752 1686/1686 1753/1753
f 1686/1686 1685/1685 1753/1753
f 1753/1753 1685/1685 1754/1754
f 1685/1685 1684/1684 1754/1754
f 1754/1754 1684/1684 1755/1755
f 1684/1684 1756/1756 1755/1755
f 1755/1755 1756/1756 1757/1757
f 1756/1756 1758/1758 1757/1757
f 1757/1757 1758/1758 1759/1759
f 1758/1758 1760/1760 1759/1759
f 1759/1759 1760/1760 1761/1761
f 1760/1760 1664/1664 1761/1761
f 1761/1761 1664/1664 1762/1762
f 1664/1664 1763/1763 1762/1762
f 1762/1762 1763/1763 1764/1764
f 1763/1763 1765/1765 1764/1764
f 1764/1764 1765/1765 1766/1766
f 1765/1765 1767/1767 1766/1766
f 1766/1766 1767/1767 1768/1768
f 1767/1767 1769/1769 1768/1768
f 1768/1768 1769/1769 1770/1770
f 1769/1769 1674/1674 1770/1770
f 1770/1770 1674/1674 1771/1771
f 1674/1674 1772/1772 1771/1771
f 1771/1771 1772/1772 1773/1773
f 1772/1772 1774/1774 1773/1773
f 1755/1755 1775/1775 1754/1754
f 1775/1775 1776/1776 1754/1754
f 1754/1754 1776/1776 1753/1753
f 1776/1776 1777/1777 1753/1753
f 1753/1753 1777/1777 1752/1752
f 1777/1777 1778/1778 1752/1752
f 1752/1752 1778/1778 1751/1751
f 1778/1778 1779/1779 1751/1751
f 1751/1751 1779/1779 1750/1750
f 1779/1779 1780/1780 1750/1750
f 1750/1750 1780/1780 1749/1749
f 1780/1780 1781/1781 1749/1749
f 1749/1749 1781/1781 1748/1748
f 1781/1781 1782/1782 1748/1748
f 1748/1748 1782/1782 1747/1747
f 1782/1782 1783/1783 1747/1747
f 1747/1747 1783/1783 1746/1746
f 1783/1783 1784/1784 1746/1746
f 1746/1746 1784/1784 1745/1745
f 1784/1784 1785/1785 1745/1745
f 1745/1745 1785/1785 1744/1744
f 1785/1785 1786/1786 1744/1744
f 1744/1744 1786/1786 1743/1743
f 1786/1786 1787/1787 1743/1743
f 1743/1743 1787/1787 1742/1742
f 1787/1787 1788/1788 1742/1742
f 1742/1742 1788/1788 1741/1741
f 1788/1788 1789/1789 1741/1741
f 1741/1741 1789/1789 1740/1740
f 1789/1789 1790/1790 1740/1740
f 1740/1740 1790/1790 1791/1791
f 1790/1790 1792/1792 1791/1791
f 1791/1791 1792/1792 1793/1793
f 1792/1792 1794/1794 1793/1793
f 1793/1793 1794/1794 1795/1795
f 1794/1794 1796/1796 1795/1795
f 1795/1795 1796/1796 1704/1704
f 1796/1796 1797/1797 1704/1704
f 1704/1704 1797/1797 1798/1798
f 1797/1797 1799/1799 1798/1798
f 1798/1798 1799/1799 1800/1800
f 1799/1799 1801/1801 1800/1800
f 1800/1800 1801/1801 1802/1802
f 1801/1801 1803/1803 1802/1802
f 1802/1802 1803/1803 1804/1804
f 1803/1803 1805/1805 1804/1804
f 1804/1804 1805/1805 1712/1712
f 1805/1805 1806/1806 1712/1712
f 1712/1712 1806/1806 1807/1807
f 1806/1806 1808/1808 1807/1807
f 1807/1807 1808/1808 1809/1809
f 1808/1808 1810/1810 1809/1809
f 1809/1809 1810/1810 1811/1811
f 1810/1810 1812/1812 1811/1811
f 1811/1811 1812/1812 1813/1813
f 1812/1812 1814/1814 1813/1813
f 1813/1813 1814/1814 1720/1720
f 1814/1814 1815/1815 1720/1720
f 1720/1720 1815/1815 1816/1816
f 1815/1815 1817/1817 1816/1816
f 1816/1816 1817/1817 1818/1818
f 1817/1817 1819/1819 1818/1818
f 1818/1818 1819/1819 1820/1820
f 1819/1819 1821/1821 1820/1820
f 1820/1820 1821/1821 1822/1822
f 1821/1821 1823/1823 1822/1822
f 1822/1822 1823/1823 1728/1728
f 1823/1823 1824/1824 1728/1728
f 1728/1728 1824/1824 1825/1825
f 1824/1824 1826/1826 1825/1825
f 1825/1825 1826/1826 1827/1827
f 1826/1826 1828/1828 1827/1827
f 1827/1827 1828/1828 1829/1829
f 1828/1828 1830/1830 1829/1829
f 1829/1829 1830/1830 1831/1831
f 1830/1830 1832/1832 1831/1831
f 1831/1831 1832/1832 1736/1736
f 1832/1832 1833/1833 1736/1736
f 1736/1736 1833/1833 1440/1440
f 1833/1833 1438/1438 1440/1440
f 1790/1790 1789/1789 1834/1834
f 1789/1789 1788/1788 1834/1834
f 1834/1834 1788/1788 1835/1835
f 1788/1788 1787/1787 1835/1835
f 1835/1835 1787/1787 1836/1836
f 1787/1787 1786/1786 1836/1836
f 1836/1836 1786/1786 1837/1837
f 1786/1786 1785/1785 1837/1837
f 1837/1837 1785/1785 1838/1838
f 1785/1785 1784/1784 1838/1838
f 1838/1838 1784/1784 1839/1839
f 1784/1784 1783/1783 1839/1839
f 1839/1839 1783/1783 1840/1840
f 1783/1783 1782/1782 1840/1840
f 1840/1840 1782/1782 1841/1841
f 1782/1782 1781/1781 1841/1841
f 1841/1841 1781/1781 1842/1842
f 1781/1781 1780/1780 1842/1842
f 1842/1842 1780/1780 1843/1843
f 1780/1780 1779/1779 1843/1843
f 1843/1843 1779/1779 1844/1844
f 1779/1779 1778/1778 1844/1844
f 1844/1844 1778/1778 1845/1845
f 1778/1778 1846/1846 1845/1845
f 1845/1845 1846/1846 1847/1847
f 1846/1846 1777/1777 1847/1847
f 1847/1847 1777/1777 1776/1776
f 1844/1844 1848/1848 1843/1843
f 1848/1848 1849/1849 1843/1843
f 1843/1843 1849/1849 1842/1842
f 1849/1849 1850/1850 1842/1842
f 1842/1842 1850/1850 1841/1841
f 1850/1850 1851/1851 1841/1841
f 1841/1841 1851/1851 1840/1840
f 1851/1851 1852/1852 1840/1840
f 1840/1840 1852/1852 1839/1839
f 1852/1852 1853/1853 1839/1839
f 1839/1839 1853/1853 1838/1838
f 1853/1853 1854/1854 1838/1838
f 1838/1838 1854/1854 1837/1837
f 1854/1854 1855/1855 1837/1837
f 1837/1837 1855/1855 1836/1836
f 1855/1855 1856/1856 1836/1836
f 1836/1836 1856/1856 1835/1835
f 1856/1856 1857/1857 1835/1835
f 1835/1835 1857/1857 1834/1834
f 1857/1857 1858/1858 1834/1834
f 1834/1834 1858/1858 1859/1859
f 1858/1858 1860/1860 1859/1859
f 1859/1859 1860/1860 1861/1861
f 1860/1860 1862/1862 1861/1861
f 1861/1861 1862/1862 1863/1863
f 1862/1862 1864/1864 1863/1863
f 1863/1863 1864/1864 1794/1794
f 1864/1864 1865/1865 1794/1794
f 1794/1794 1865/1865 1866/1866
f 1865/1865 1867/1867 1866/1866
f 1866/1866 1867/1867 1868/1868
f 1867/1867 1869/1869 1868/1868
f 1868/1868 1869/1869 1870/1870
f 1869/1869 1871/1871 1870/1870
f 1870/1870 1871/1871 1872/1872
f 1871/1871 1873/1873 1872/1872
f 1872/1872 1873/1873 1803/1803
f 1873/1873 1874/1874 1803/1803
f 1803/1803 1874/1874 1875/1875
f 1874/1874 1876/1876 1875/1875
f 1875/1875 1876/1876 1877/1877
f 1876/1876 1878/1878 1877/1877
f 1877/1877 1878/1878 1879/1879
f 1878/1878 1880/1880 1879/1879
f 1879/1879 1880/1880 1881/1881
f 1880/1880 1882/1882 1881/1881
f 1881/1881 1882/1882 1812/1812
f 1882/1882 1883/1883 1812/1812
f 1812/1812 1883/1883 1884/1884
f 1883/1883 1885/1885 1884/1884
f 1884/1884 1885/1885 1886/1886
f 1885/1885 1887/1887 1886/1886
f 1886/1886 1887/1887 1888/1888
f 1887/1887 1889/1889 1888/1888
f 1888/1888 1889/1889 1890/1890
f 1889/1889 1891/1891 1890/1890
f 1890/1890 1891/1891 1821/1821
f 1891/1891 1892/1892 1821/1821
f 1821/1821 1892/1892 1893/1893
f 1892/1892 1894/1894 1893/1893
f 1893/1893 1894/1894 1895/1895
f 1894/1894 1896/1896 1895/1895
f 1895/1895 1896/1896 1897/1897
f 1896/1896 1898/1898 1897/1897
f 1897/1897 1898/1898 1899/1899
f 1898/1898 1900/1900 1899/1899
f 1899/1899 1900/1900 1830/1830
f 1900/1900 1901/1901 1830/1830
f 1830/1830 1901/1901 1436/1436
f 1901/1901 1434/1434 1436/1436
f 1858/1858 1857/1857 1902/1902
f 1857/1857 1856/1856 1902/1902
f 1902/1902 1856/1856 1903/1903
f 1856/1856 1855/1855 1903/1903
f 1903/1903 1855/1855 1904/1904
f 1855/1855 1854/1854 1904/1904
f 1904/1904 1854/1854 1905/1905
f 1854/1854 1853/1853 1905/1905
f 1905/1905 1853/1853 1906/1906
f 1853/1853 1852/1852 1906/1906
f 1906/1906 1852/1852 1907/1907
f 1852/1852 1851/1851 1907/1907
f 1907/1907 1851/1851 1908/1908
f 1851/1851 1850/1850 1908/1908
f 1908/1908 1850/1850 1909/1909
f 1850/1850 1849/1849 1909/1909
f 1909/1909 1849/1849 1910/1910
f 1849/1849 1848/1848 1910/1910
f 1910/1910 1848/1848 1911/1911
f 1848/1848 1912/1912 1911/1911
f 1911/1911 1912/1912 1913/1913
f 1912/1912 1914/1914 1913/1913
f 1913/1913 1914/1914 1915/1915
f 1914/1914 1916/1916 1915/1915
f 1915/1915 1916/1916 1917/1917
f 1916/1916 1847/1847 1917/1917
f 1917/1917 1847/1847 1918/1918
f 1847/1847 1775/1775 1918/1918
f 1918/1918 1775/1775 1919/1919
f 1775/1775 1920/1920 1919/1919
f 1919/1919 1920/1920 1921/1921
f 1920/1920 1922/1922 1921/1921
f 1921/1921 1922/1922 1923/1923
f 1922/1922 1924/1924 1923/1923
f 1923/1923 1924/1924 1925/1925
f 1924/1924 1759/1759 1925/1925
f 1925/1925 1759/1759 1926/1926
f 1759/1759 1927/1927 1926/1926
f 1926/1926 1927/1927 1928/1928
f 1927/1927 1929/1929 1928/1928
f 1928/1928 1929/1929 1930/1930
f 1929/1929 1931/1931 1930/1930
f 1930/1930 1931/1931 1932/1932
f 1931/1931 1933/1933 1932/1932
f 1932/1932 1933/1933 1934/1934
f 1933/1933 1768/1768 1934/1934
f 1934/1934 1768/1768 1935/1935
f 1768/1768 1936/1936 1935/1935
f 1911/1911 1937/1937 1910/1910
f 1937/1937 1938/1938 1910/1910
f 1910/1910 1938/1938 1909/1909
f 1938/1938 1939/1939 1909/1909
f 1909/1909 1939/1939 1908/1908
f 1939/1939 1940/1940 1908/1908
f 1908/1908 1940/1940 1907/1907
f 1940/1940 1941/1941 1907/1907
f 1907/1907 1941/1941 1906/1906
f 1941/1941 1942/1942 1906/1906
f 1906/1906 1942/1942 1905/1905
f 1942/1942 1943/1943 1905/1905
f 1905/1905 1943/1943 1904/1904
f 1943/1943 1944/1944 1904/1904
f 1904/1904 1944/1944 1903/1903
f 1944/1944 1945/1945 1903/1903
f 1903/1903 1945/1945 1902/1902
f 1945/1945 1946/1946 1902/1902
f 1902/1902 1946/1946 1947/1947
f 1946/1946 1948/1948 1947/1947
f 1947/1947 1948/1948 1949/1949
f 1948/1948 1950/1950 1949/1949
f 1949/1949 1950/1950 1951/1951
f 1950/1950 1952/1952 1951/1951
f 1951/1951 1952/1952 1862/1862
f 1952/1952 1953/1953 1862/1862
f 1862/1862 1953/1953 1954/1954
f 1953/1953 1955/1955 1954/1954
f 1954/1954 1955/1955 1956/1956
f 1955/1955 1957/1957 1956/1956
f 1956/1956 1957/1957 1958/1958
f 1957/1957 1959/1959 1958/1958
f 1958/1958 1959/1959 1960/1960
f 1959/1959 1961/1961 1960/1960
f 1960/1960 1961/1961 1962/1962
f 1961/1961 1963/1963 1962/1962
f 1962/1962 1963/1963 1964/1964
f 1963/1963 1965/1965 1964/1964
f 1964/1964 1965/1965 1878/1878
f 1965/1965 1966/1966 1878/1878
f 1878/1878 1966/1966 1967/1967
f 1966/1966 1968/1968 1967/1967
f 1967/1967 1968/1968 1969/1969
f 1968/1968 1970/1970 1969/1969
f 1969/1969 1970/1970 1971/1971
f 1970/1970 1972/1972 1971/1971
f 1971/1971 1972/1972 1973/1973
f 1972/1972 1974/1974 1973/1973
f 1973/1973 1974/1974 1975/1975
f 1974/1974 1976/1976 1975/1975
f 1975/1975 1976/1976 1977/1977
f 1976/1976 1978/1978 1977/1977
f 1977/1977 1978/1978 1979/1979
f 1978/1978 1980/1980 1979/1979
f 1979/1979 1980/1980 1981/1981
f 1980/1980 1982/1982 1981/1981
f 1981/1981 1982/1982 1983/1983
f 1982/1982 1984/1984 1983/1983
f 1983/1983 1984/1984 1985/1985
f 1984/1984 1986/1986 1985/1985
f 1985/1985 1986/1986 1987/1987
f 1986/1986 1988/1988 1987/1987
f 1987/1987 1988/1988 1989/1989
f 1988/1988 1430/1430 1989/1989
f 1989/1989 1430/1430 1432/1432
f 1878/1878 1967/1967 1880/1880
f 1967/1967 1969/1969 1880/1880
f 1880/1880 1969/1969 1990/1990
f 1969/1969 1971/1971 1990/1990
f 1990/1990 1971/1971 1991/1991
f 1971/1971 1973/1973 1991/1991
f 1991/1991 1973/1973 1992/1992
f 1973/1973 1993/1993 1992/1992
f 1992/1992 1993/1993 1994/1994
f 1993/1993 1995/1995 1994/1994
f 1994/1994 1995/1995 1889/1889
f 1995/1995 1996/1996 1889/1889
f 1889/1889 1996/1996 1997/1997
f 1996/1996 1998/1998 1997/1997
f 1997/1997 1998/1998 1999/1999
f 1998/1998 1983/1983 1999/1999
f 1999/1999 1983/1983 2000/2000
f 1983/1983 1985/1985 2000/2000
f 2000/2000 1985/1985 2001/2001
f 1985/1985 1987/1987 2001/2001
f 2001/2001 1987/1987 1898/1898
f 1987/1987 1989/1989 1898/1898
f 1898/1898 1989/1989 1432/1432
f 1880/1880 1990/1990 2002/2002
f 1990/1990 1991/1991 2002/2002
f 2002/2002 1991/1991 2003/2003
f 1991/1991 1992/1992 2003/2003
f 2003/2003 1992/1992 1887/1887
f 1992/1992 1994/1994 1887/1887
f 1887/1887 1994/1994 1889/1889
f 2003/2003 1887/1887 2002/2002
f 1887/1887 1885/1885 2002/2002
f 2002/2002 1885/1885 1883/1883
f 1883/1883 1882/1882 2002/2002
f 1882/1882 1880/1880 2002/2002
f 1578/1578 2004/2004 1579/1579
f 2004/2004 1581/1581 1579/1579
f 1581/1581 2004/2004 1583/1583
f 2004/2004 2005/2005 1583/1583
f 1583/1583 2005/2005 2006/2006
f 1583/1583 2006/2006 2007/2007
f 2006/2006 2008/2008 2007/2007
f 2007/2007 2008/2008 2009/2009
f 2008/2008 2010/2010 2009/2009
f 2009/2009 2010/2010 2011/2011
f 2010/2010 2012/2012 2011/2011
f 2011/2011 2012/2012 2013/2013
f 2012/2012 2014/2014 2013/2013
f 2013/2013 2014/2014 1593/1593
f 2014/2014 2015/2015 1593/1593
f 1593/1593 2015/2015 2016/2016
f 2015/2015 2017/2017 2016/2016
f 2016/2016 2017/2017 2018/2018
f 2017/2017 2019/2019 2018/2018
f 2018/2018 2019/2019 2020/2020
f 2019/2019 2021/2021 2020/2020
f 2020/2020 2021/2021 2022/2022
f 2021/2021 2023/2023 2022/2022
f 2022/2022 2023/2023 1603/1603
f 2023/2023 2024/2024 1603/1603
f 1603/1603 2024/2024 2025/2025
f 2024/2024 2026/2026 2025/2025
f 2025/2025 2026/2026 2027/2027
f 2026/2026 2028/2028 2027/2027
f 2027/2027 2028/2028 2029/2029
f 2028/2028 2030/2030 2029/2029
f 2029/2029 2030/2030 2031/2031
f 2030/2030 2032/2032 2031/2031
f 2031/2031 2032/2032 1613/1613
f 2032/2032 2033/2033 1613/1613
f 1613/1613 2033/2033 2034/2034
f 2033/2033 2035/2035 2034/2034
f 2034/2034 2035/2035 2036/2036
f 2035/2035 2037/2037 2036/2036
f 2036/2036 2037/2037 2038/2038
f 2037/2037 2039/2039 2038/2038
f 2038/2038 2039/2039 2040/2040
f 2039/2039 2041/2041 2040/2040
f 2040/2040 2041/2041 1623/1623
f 2041/2041 2042/2042 1623/1623
f 1623/1623 2042/2042 2043/2043
f 2042/2042 2044/2044 2043/2043
f 2043/2043 2044/2044 2045/2045
f 2044/2044 2046/2046 2045/2045
f 2045/2045 2046/2046 2047/2047
f 2046/2046 2048/2048 2047/2047
f 2047/2047 2048/2048 2049/2049
f 2048/2048 2050/2050 2049/2049
f 2049/2049 2050/2050 1629/1629
f 2050/2050 1631/1631 1629/1629
f 2008/2008 2051/2051 2010/2010
f 2051/2051 2052/2052 2010/2010
f 2010/2010 2052/2052 2053/2053
f 2052/2052 2054/2054 2053/2053
f 2053/2053 2054/2054 2055/2055
f 2054/2054 2056/2056 2055/2055
f 2055/2055 2056/2056 2057/2057
f 2056/2056 2058/2058 2057/2057
f 2057/2057 2058/2058 2017/2017
f 2058/2058 2059/2059 2017/2017
f 2017/2017 2059/2059 2019/2019
f 2059/2059 2060/2060 2019/2019
f 2019/2019 2060/2060 2061/2061
f 2060/2060 2062/2062 2061/2061
f 2061/2061 2062/2062 2063/2063
f 2062/2062 2064/2064 2063/2063
f 2063/2063 2064/2064 2065/2065
f 2064/2064 2066/2066 2065/2065
f 2065/2065 2066/2066 2026/2026
f 2066/2066 2067/2067 2026/2026
f 2026/2026 2067/2067 2028/2028
f 2067/2067 2068/2068 2028/2028
f 2028/2028 2068/2068 2069/2069
f 2068/2068 2070/2070 2069/2069
f 2069/2069 2070/2070 2071/2071
f 2070/2070 2072/2072 2071/2071
f 2071/2071 2072/2072 2073/2073
f 2072/2072 2074/2074 2073/2073
f 2073/2073 2074/2074 2035/2035
f 2074/2074 2075/2075 2035/2035
f 2035/2035 2075/2075 2037/2037
f 2075/2075 2076/2076 2037/2037
f 2037/2037 2076/2076 2077/2077
f 2076/2076 2078/2078 2077/2077
f 2077/2077 2078/2078 2079/2079
f 2078/2078 2080/2080 2079/2079
f 2079/2079 2080/2080 2081/2081
f 2080/2080 2082/2082 2081/2081
f 2081/2081 2082/2082 2044/2044
f 2082/2082 2083/2083 2044/2044
f 2044/2044 2083/2083 2046/2046
f 2083/2083 2084/2084 2046/2046
f 2046/2046 2084/2084 2085/2085
f 2084/2084 2086/2086 2085/2085
f 2085/2085 2086/2086 2087/2087
f 2086/2086 2088/2088 2087/2087
f 2087/2087 2088/2088 2089/2089
f 2088/2088 1635/1635 2089/2089
f 2089/2089 1635/1635 1633/1633
f 1635/1635 2088/2088 1637/1637
f 2088/2088 2090/2090 1637/1637
f 1637/1637 2090/2090 1639/1639
f 2090/2090 2091/2091 1639/1639
f 1639/1639 2091/2091 1641/1641
f 2091/2091 2092/2092 1641/1641
f 1641/1641 2092/2092 1643/1643
f 2092/2092 2093/2093 1643/1643
f 1643/1643 2093/2093 1645/1645
f 2093/2093 2094/2094 1645/1645
f 1645/1645 2094/2094 1647/1647
f 2094/2094 2095/2095 1647/1647
f 1647/1647 2095/2095 1649/1649
f 2095/2095 2096/2096 1649/1649
f 1649/1649 2096/2096 1651/1651
f 2096/2096 2097/2097 1651/1651
f 1651/1651 2097/2097 1653/1653
f 2097/2097 2098/2098 1653/1653
f 1653/1653 2098/2098 1655/1655
f 2098/2098 2099/2099 1655/1655
f 1655/1655 2099/2099 1657/1657
f 2099/2099 2100/2100 1657/1657
f 1657/1657 2100/2100 1659/1659
f 2100/2100 2101/2101 1659/1659
f 1659/1659 2101/2101 1661/1661
f 2101/2101 2102/2102 1661/1661
f 1661/1661 2102/2102 1665/1665
f 2102/2102 1667/1667 1665/1665
f 2093/2093 2092/2092 2103/2103
f 2092/2092 2091/2091 2103/2103
f 2103/2103 2091/2091 2104/2104
f 2091/2091 2105/2105 2104/2104
f 2104/2104 2105/2105 2106/2106
f 2105/2105 2107/2107 2106/2106
f 2106/2106 2107/2107 2108/2108
f 2107/2107 2109/2109 2108/2108
f 2108/2108 2109/2109 2110/2110
f 2109/2109 2111/2111 2110/2110
f 2110/2110 2111/2111 2112/2112
f 2111/2111 2080/2080 2112/2112
f 2112/2112 2080/2080 2113/2113
f 2080/2080 2078/2078 2113/2113
f 2113/2113 2078/2078 2114/2114
f 2078/2078 2115/2115 2114/2114
f 2114/2114 2115/2115 2116/2116
f 2115/2115 2117/2117 2116/2116
f 2116/2116 2117/2117 2118/2118
f 2117/2117 2119/2119 2118/2118
f 2118/2118 2119/2119 2120/2120
f 2119/2119 2072/2072 2120/2120
f 2120/2120 2072/2072 2121/2121
f 2072/2072 2070/2070 2121/2121
f 2121/2121 2070/2070 2122/2122
f 2070/2070 2123/2123 2122/2122
f 2122/2122 2123/2123 2124/2124
f 2123/2123 2125/2125 2124/2124
f 2124/2124 2125/2125 2126/2126
f 2125/2125 2127/2127 2126/2126
f 2126/2126 2127/2127 2128/2128
f 2127/2127 2064/2064 2128/2128
f 2128/2128 2064/2064 2129/2129
f 2064/2064 2062/2062 2129/2129
f 2129/2129 2062/2062 2130/2130
f 2062/2062 2131/2131 2130/2130
f 2130/2130 2131/2131 2132/2132
f 2131/2131 2133/2133 2132/2132
f 2132/2132 2133/2133 2134/2134
f 2133/2133 2135/2135 2134/2134
f 2134/2134 2135/2135 2136/2136
f 2135/2135 2056/2056 2136/2136
f 2136/2136 2056/2056 2137/2137
f 2056/2056 2054/2054 2137/2137
f 2134/2134 2138/2138 2132/2132
f 2138/2138 2139/2139 2132/2132
f 2132/2132 2139/2139 2140/2140
f 2139/2139 2141/2141 2140/2140
f 2140/2140 2141/2141 2142/2142
f 2141/2141 2143/2143 2142/2142
f 2142/2142 2143/2143 2144/2144
f 2143/2143 2145/2145 2144/2144
f 2144/2144 2145/2145 2126/2126
f 2145/2145 2146/2146 2126/2126
f 2126/2126 2146/2146 2124/2124
f 2146/2146 2147/2147 2124/2124
f 2124/2124 2147/2147 2148/2148
f 2147/2147 2149/2149 2148/2148
f 2148/2148 2149/2149 2150/2150
f 2149/2149 2151/2151 2150/2150
f 2150/2150 2151/2151 2152/2152
f 2151/2151 2153/2153 2152/2152
f 2152/2152 2153/2153 2118/2118
f 2153/2153 2154/2154 2118/2118
f 2118/2118 2154/2154 2116/2116
f 2154/2154 2155/2155 2116/2116
f 2116/2116 2155/2155 2156/2156
f 2155/2155 2157/2157 2156/2156
f 2156/2156 2157/2157 2158/2158
f 2157/2157 2159/2159 2158/2158
f 2158/2158 2159/2159 2160/2160
f 2159/2159 2161/2161 2160/2160
f 2160/2160 2161/2161 2162/2162
f 2161/2161 2163/2163 2162/2162
f 2162/2162 2163/2163 2164/2164
f 2163/2163 2165/2165 2164/2164
f 2164/2164 2165/2165 2166/2166
f 2165/2165 2167/2167 2166/2166
f 2166/2166 2167/2167 2168/2168
f 2167/2167 2169/2169 2168/2168
f 2168/2168 2169/2169 2170/2170
f 2169/2169 2171/2171 2170/2170
f 2170/2170 2171/2171 2172/2172
f 2171/2171 2173/2173 2172/2172
f 2172/2172 2173/2173 2174/2174
f 2173/2173 2175/2175 2174/2174
f 2174/2174 2175/2175 2176/2176
f 2175/2175 2177/2177 2176/2176
f 2176/2176 2177/2177 2178/2178
f 2177/2177 2179/2179 2178/2178
f 2178/2178 2179/2179 2180/2180
f 2179/2179 2181/2181 2180/2180
f 2180/2180 2181/2181 2182/2182
f 2181/2181 2183/2183 2182/2182
f 2182/2182 2183/2183 2184/2184
f 2183/2183 2095/2095 2184/2184
f 2184/2184 2095/2095 2094/2094
f 2184/2184 2093/2093 2182/2182
f 2093/2093 2185/2185 2182/2182
f 2182/2182 2185/2185 2180/2180
f 2185/2185 2186/2186 2180/2180
f 2180/2180 2186/2186 2178/2178
f 2186/2186 2187/2187 2178/2178
f 2178/2178 2187/2187 2176/2176
f 2187/2187 2188/2188 2176/2176
f 2176/2176 2188/2188 2189/2189
f 2188/2188 2110/2110 2189/2189
f 2189/2189 2110/2110 2190/2190
f 2110/2110 2191/2191 2190/2190
f 2190/2190 2191/2191 2192/2192
f 2191/2191 2160/2160 2192/2192
f 2192/2192 2160/2160 2162/2162
f 2110/2110 2188/2188 2108/2108
f 2188/2188 2187/2187 2108/2108
f 2108/2108 2187/2187 2106/2106
f 2187/2187 2186/2186 2106/2106
f 2106/2106 2186/2186 2104/2104
f 2186/2186 2185/2185 2104/2104
f 2104/2104 2185/2185 2103/2103
f 2185/2185 2093/2093 2103/2103
f 1660/1660 1662/1662 1684/1684
f 1662/1662 1756/1756 1684/1684
f 1756/1756 1662/1662 1758/1758
f 1662/1662 1760/1760 1758/1758
f 1593/1593 1591/1591 2013/2013
f 1591/1591 1589/1589 2013/2013
f 2013/2013 1589/1589 1587/1587
f 1587/1587 1585/1585 2013/2013
f 1585/1585 2011/2011 2013/2013
f 2011/2011 1585/1585 2009/2009
f 1585/1585 2007/2007 2009/2009
f 1593/1593 2016/2016 1595/1595
f 2016/2016 2018/2018 1595/1595
f 1595/1595 2018/2018 2020/2020
f 2020/2020 2022/2022 1595/1595
f 2022/2022 1597/1597 1595/1595
f 1597/1597 2022/2022 1599/1599
f 2022/2022 1601/1601 1599/1599
f 1664/1664 1666/1666 1763/1763
f 1666/1666 1668/1668 1763/1763
f 1763/1763 1668/1668 1670/1670
f 1670/1670 1672/1672 1763/1763
f 1672/1672 1765/1765 1763/1763
f 1765/1765 1672/1672 1767/1767
f 1672/1672 1769/1769 1767/1767
f 2141/2141 2193/2193 2143/2143
f 2193/2193 2194/2194 2143/2143
f 2143/2143 2194/2194 2195/2195
f 2194/2194 2196/2196 2195/2195
f 2195/2195 2196/2196 2197/2197
f 2196/2196 2198/2198 2197/2197
f 2197/2197 2198/2198 2199/2199
f 2198/2198 2200/2200 2199/2199
f 2199/2199 2200/2200 2149/2149
f 2200/2200 2201/2201 2149/2149
f 2149/2149 2201/2201 2151/2151
f 2201/2201 2202/2202 2151/2151
f 2151/2151 2202/2202 2203/2203
f 2202/2202 2204/2204 2203/2203
f 2203/2203 2204/2204 2205/2205
f 2204/2204 2206/2206 2205/2205
f 2205/2205 2206/2206 2207/2207
f 2206/2206 2208/2208 2207/2207
f 2207/2207 2208/2208 2159/2159
f 2208/2208 2161/2161 2159/2159
f 2196/2196 2209/2209 2198/2198
f 2209/2209 2210/2210 2198/2198
f 2198/2198 2210/2210 2211/2211
f 2210/2210 2212/2212 2211/2211
f 2211/2211 2212/2212 2213/2213
f 2212/2212 2214/2214 2213/2213
f 2213/2213 2214/2214 2215/2215
f 2214/2214 2216/2216 2215/2215
f 2215/2215 2216/2216 2204/2204
f 2216/2216 2217/2217 2204/2204
f 2204/2204 2217/2217 2206/2206
f 2217/2217 2218/2218 2206/2206
f 2206/2206 2218/2218 2208/2208
f 2218/2218 2219/2219 2208/2208
f 2208/2208 2219/2219 2161/2161
f 2219/2219 2163/2163 2161/2161
f 2216/2216 2220/2220 2217/2217
f 2220/2220 2221/2221 2217/2217
f 2217/2217 2221/2221 2218/2218
f 2221/2221 2222/2222 2218/2218
f 2218/2218 2222/2222 2219/2219
f 2222/2222 2223/2223 2219/2219
f 2219/2219 2223/2223 2163/2163
f 2223/2223 2224/2224 2163/2163
f 2163/2163 2224/2224 2225/2225
f 2224/2224 2226/2226 2225/2225
f 2225/2225 2226/2226 2227/2227
f 2226/2226 2228/2228 2227/2227
f 2227/2227 2228/2228 2229/2229
f 2228/2228 2230/2230 2229/2229
f 2229/2229 2230/2230 2169/2169
f 2230/2230 2231/2231 2169/2169
f 2169/2169 2231/2231 2171/2171
f 2231/2231 2232/2232 2171/2171
f 2171/2171 2232/2232 2233/2233
f 2232/2232 2234/2234 2233/2233
f 2233/2233 2234/2234 2235/2235
f 2234/2234 2236/2236 2235/2235
f 2235/2235 2236/2236 2237/2237
f 2236/2236 2238/2238 2237/2237
f 2237/2237 2238/2238 2239/2239
f 2238/2238 2240/2240 2239/2239
f 2239/2239 2240/2240 2241/2241
f 2240/2240 2242/2242 2241/2241
f 2241/2241 2242/2242 2243/2243
f 2242/2242 2244/2244 2243/2243
f 2243/2243 2244/2244 2245/2245
f 2244/2244 2246/2246 2245/2245
f 2245/2245 2246/2246 2247/2247
f 2246/2246 2097/2097 2247/2247
f 2247/2247 2097/2097 2096/2096
f 2247/2247 2095/2095 2245/2245
f 2095/2095 2183/2183 2245/2245
f 2245/2245 2183/2183 2243/2243
f 2183/2183 2181/2181 2243/2243
f 2243/2243 2181/2181 2241/2241
f 2181/2181 2179/2179 2241/2241
f 2241/2241 2179/2179 2239/2239
f 2179/2179 2177/2177 2239/2239
f 2239/2239 2177/2177 2175/2175
f 2175/2175 2173/2173 2239/2239
f 2173/2173 2237/2237 2239/2239
f 2237/2237 2173/2173 2235/2235
f 2173/2173 2233/2233 2235/2235
f 1773/1773 1936/1936 1771/1771
f 1936/1936 1770/1770 1771/1771
f 2159/2159 2157/2157 2207/2207
f 2157/2157 2248/2248 2207/2207
f 2207/2207 2248/2248 2205/2205
f 2248/2248 2203/2203 2205/2205
f 2157/2157 2155/2155 2248/2248
f 2155/2155 2154/2154 2248/2248
f 2248/2248 2154/2154 2153/2153
f 2153/2153 2151/2151 2248/2248
f 2151/2151 2203/2203 2248/2248
f 2229/2229 2169/2169 2227/2227
f 2169/2169 2167/2167 2227/2227
f 2227/2227 2167/2167 2225/2225
f 2167/2167 2165/2165 2225/2225
f 2225/2225 2165/2165 2163/2163
f 1674/1674 1676/1676 1772/1772
f 1676/1676 1678/1678 1772/1772
f 1772/1772 1678/1678 1680/1680
f 1772/1772 1680/1680 2249/2249
f 1680/1680 1682/1682 2249/2249
f 1700/1700 1740/1740 1702/1702
f 1740/1740 1791/1791 1702/1702
f 1702/1702 1791/1791 1793/1793
f 1793/1793 1795/1795 1702/1702
f 1795/1795 1704/1704 1702/1702
f 1862/1862 1860/1860 1951/1951
f 1860/1860 1949/1949 1951/1951
f 1949/1949 1860/1860 1947/1947
f 1860/1860 1902/1902 1947/1947
f 1878/1878 1876/1876 1964/1964
f 1876/1876 1874/1874 1964/1964
f 1964/1964 1874/1874 1873/1873
f 1873/1873 1871/1871 1964/1964
f 1871/1871 1962/1962 1964/1964
f 1962/1962 1871/1871 1960/1960
f 1871/1871 2250/2250 1960/1960
f 1960/1960 2250/2250 1958/1958
f 2250/2250 1869/1869 1958/1958
f 1958/1958 1869/1869 1956/1956
f 1869/1869 1954/1954 1956/1956
f 1869/1869 1867/1867 1954/1954
f 1867/1867 1865/1865 1954/1954
f 1954/1954 1865/1865 1864/1864
f 2160/2160 2191/2191 2158/2158
f 2191/2191 2251/2251 2158/2158
f 2158/2158 2251/2251 2156/2156
f 2251/2251 2252/2252 2156/2156
f 2156/2156 2252/2252 2116/2116
f 2252/2252 2114/2114 2116/2116
f 2251/2251 2110/2110 2252/2252
f 2110/2110 2112/2112 2252/2252
f 2252/2252 2112/2112 2113/2113
f 1889/1889 1997/1997 1891/1891
f 1997/1997 1892/1892 1891/1891
f 1892/1892 1997/1997 1894/1894
f 1997/1997 1896/1896 1894/1894
f 1997/1997 1999/1999 1896/1896
f 1999/1999 2000/2000 1896/1896
f 1896/1896 2000/2000 2001/2001
f 1898/1898 1432/1432 1900/1900
f 1432/1432 1901/1901 1900/1900
f 1720/1720 1718/1718 1813/1813
f 1718/1718 1811/1811 1813/1813
f 1811/1811 1718/1718 1809/1809
f 1718/1718 1807/1807 1809/1809
f 1718/1718 1716/1716 1807/1807
f 1716/1716 1715/1715 1807/1807
f 1807/1807 1715/1715 1714/1714
f 1720/1720 1816/1816 1722/1722
f 1816/1816 1723/1723 1722/1722
f 1723/1723 1816/1816 1724/1724
f 1816/1816 1726/1726 1724/1724
f 1816/1816 1818/1818 1726/1726
f 1818/1818 1820/1820 1726/1726
f 1726/1726 1820/1820 1822/1822
f 1712/1712 1710/1710 1804/1804
f 1710/1710 1802/1802 1804/1804
f 1802/1802 1710/1710 1800/1800
f 1710/1710 1798/1798 1800/1800
f 1710/1710 1708/1708 1798/1798
f 1708/1708 1707/1707 1798/1798
f 1798/1798 1707/1707 1706/1706
f 1755/1755 1757/1757 1775/1775
f 1757/1757 1920/1920 1775/1775
f 1920/1920 1757/1757 1922/1922
f 1757/1757 1924/1924 1922/1922
f 1736/1736 1734/1734 1831/1831
f 1734/1734 1829/1829 1831/1831
f 1829/1829 1734/1734 1827/1827
f 1734/1734 1825/1825 1827/1827
f 1734/1734 1732/1732 1825/1825
f 1732/1732 1731/1731 1825/1825
f 1825/1825 1731/1731 1730/1730
f 1442/1442 1739/1739 1440/1440
f 1739/1739 1738/1738 1440/1440
f 1440/1440 1738/1738 1736/1736
f 1847/1847 1916/1916 1845/1845
f 1916/1916 1914/1914 1845/1845
f 1845/1845 1914/1914 1912/1912
f 1912/1912 1848/1848 1845/1845
f 1848/1848 1844/1844 1845/1845
f 1759/1759 1761/1761 1927/1927
f 1761/1761 1762/1762 1927/1927
f 1927/1927 1762/1762 1764/1764
f 1764/1764 1766/1766 1927/1927
f 1766/1766 1929/1929 1927/1927
f 1929/1929 1766/1766 1931/1931
f 1766/1766 1933/1933 1931/1931
f 1932/1932 2253/2253 1930/1930
f 2253/2253 2254/2254 1930/1930
f 1930/1930 2254/2254 2255/2255
f 2254/2254 2256/2256 2255/2255
f 2255/2255 2256/2256 2257/2257
f 2256/2256 2258/2258 2257/2257
f 2257/2257 2258/2258 2259/2259
f 2258/2258 2260/2260 2259/2259
f 2259/2259 2260/2260 1923/1923
f 2260/2260 2261/2261 1923/1923
f 1923/1923 2261/2261 1921/1921
f 2261/2261 2262/2262 1921/1921
f 1921/1921 2262/2262 2263/2263
f 2262/2262 2264/2264 2263/2263
f 2263/2263 2264/2264 2265/2265
f 2264/2264 2266/2266 2265/2265
f 2265/2265 2266/2266 2267/2267
f 2266/2266 2268/2268 2267/2267
f 2267/2267 2268/2268 1915/1915
f 2268/2268 2269/2269 1915/1915
f 1915/1915 2269/2269 1913/1913
f 2269/2269 2270/2270 1913/1913
f 1913/1913 2270/2270 2271/2271
f 2270/2270 2272/2272 2271/2271
f 2271/2271 2272/2272 2273/2273
f 2272/2272 2274/2274 2273/2273
f 2273/2273 2274/2274 2275/2275
f 2274/2274 2276/2276 2275/2275
f 2275/2275 2276/2276 2277/2277
f 2276/2276 2278/2278 2277/2277
f 2277/2277 2278/2278 2279/2279
f 2278/2278 2280/2280 2279/2279
f 2279/2279 2280/2280 2281/2281
f 2280/2280 2282/2282 2281/2281
f 2281/2281 2282/2282 2283/2283
f 2282/2282 2284/2284 2283/2283
f 2283/2283 2284/2284 2285/2285
f 2284/2284 2286/2286 2285/2285
f 2285/2285 2286/2286 2287/2287
f 2286/2286 2288/2288 2287/2287
f 2287/2287 2288/2288 2289/2289
f 2288/2288 2290/2290 2289/2289
f 2289/2289 2290/2290 2291/2291
f 2290/2290 2292/2292 2291/2291
f 2291/2291 2292/2292 2293/2293
f 2292/2292 2294/2294 2293/2293
f 2293/2293 2294/2294 2295/2295
f 2294/2294 2296/2296 2295/2295
f 2295/2295 2296/2296 2297/2297
f 2296/2296 2298/2298 2297/2297
f 2297/2297 2298/2298 2299/2299
f 2298/2298 2300/2300 2299/2299
f 2299/2299 2300/2300 2301/2301
f 2300/2300 2302/2302 2301/2301
f 2301/2301 2302/2302 2303/2303
f 2302/2302 2304/2304 2303/2303
f 2303/2303 2304/2304 2305/2305
f 2304/2304 2306/2306 2305/2305
f 2305/2305 2306/2306 2307/2307
f 2306/2306 2308/2308 2307/2307
f 2307/2307 2308/2308 2309/2309
f 2308/2308 2310/2310 2309/2309
f 2309/2309 2310/2310 1963/1963
f 2310/2310 1965/1965 1963/1963
f 2256/2256 2311/2311 2258/2258
f 2311/2311 2312/2312 2258/2258
f 2258/2258 2312/2312 2313/2313
f 2312/2312 2314/2314 2313/2313
f 2313/2313 2314/2314 2315/2315
f 2314/2314 2316/2316 2315/2315
f 2315/2315 2316/2316 2317/2317
f 2316/2316 2318/2318 2317/2317
f 2317/2317 2318/2318 2264/2264
f 2318/2318 2319/2319 2264/2264
f 2264/2264 2319/2319 2266/2266
f 2319/2319 2320/2320 2266/2266
f 2266/2266 2320/2320 2321/2321
f 2320/2320 2322/2322 2321/2321
f 2321/2321 2322/2322 2323/2323
f 2322/2322 2324/2324 2323/2323
f 2323/2323 2324/2324 2325/2325
f 2324/2324 2326/2326 2325/2325
f 2325/2325 2326/2326 2272/2272
f 2326/2326 2327/2327 2272/2272
f 2272/2272 2327/2327 2274/2274
f 2327/2327 2328/2328 2274/2274
f 2274/2274 2328/2328 2329/2329
f 2328/2328 2330/2330 2329/2329
f 2329/2329 2330/2330 2331/2331
f 2330/2330 2332/2332 2331/2331
f 2331/2331 2332/2332 2333/2333
f 2332/2332 2334/2334 2333/2333
f 2333/2333 2334/2334 2282/2282
f 2334/2334 2335/2335 2282/2282
f 2282/2282 2335/2335 2284/2284
f 2335/2335 2336/2336 2284/2284
f 2284/2284 2336/2336 2337/2337
f 2336/2336 2338/2338 2337/2337
f 2337/2337 2338/2338 2339/2339
f 2338/2338 2340/2340 2339/2339
f 2339/2339 2340/2340 2341/2341
f 2340/2340 2342/2342 2341/2341
f 2341/2341 2342/2342 2292/2292
f 2342/2342 2343/2343 2292/2292
f 2292/2292 2343/2343 2294/2294
f 2343/2343 2344/2344 2294/2294
f 2294/2294 2344/2344 2345/2345
f 2344/2344 2346/2346 2345/2345
f 2345/2345 2346/2346 2347/2347
f 2346/2346 2348/2348 2347/2347
f 2347/2347 2348/2348 2349/2349
f 2348/2348 2350/2350 2349/2349
f 2349/2349 2350/2350 2351/2351
f 2350/2350 2352/2352 2351/2351
f 2351/2351 2352/2352 2353/2353
f 2352/2352 2354/2354 2353/2353
f 2353/2353 2354/2354 2306/2306
f 2354/2354 2355/2355 2306/2306
f 2306/2306 2355/2355 2308/2308
f 2355/2355 1970/1970 2308/2308
f 2308/2308 1970/1970 1968/1968
f 2322/2322 2356/2356 2324/2324
f 2356/2356 2357/2357 2324/2324
f 2324/2324 2357/2357 2358/2358
f 2357/2357 2359/2359 2358/2358
f 2358/2358 2359/2359 2360/2360
f 2359/2359 2361/2361 2360/2360
f 2360/2360 2361/2361 2362/2362
f 2361/2361 2363/2363 2362/2362
f 2362/2362 2363/2363 2364/2364
f 2363/2363 2365/2365 2364/2364
f 2364/2364 2365/2365 2366/2366
f 2365/2365 2367/2367 2366/2366
f 2366/2366 2367/2367 2332/2332
f 2367/2367 2368/2368 2332/2332
f 2332/2332 2368/2368 2369/2369
f 2368/2368 2370/2370 2369/2369
f 2369/2369 2370/2370 2371/2371
f 2370/2370 2372/2372 2371/2371
f 2371/2371 2372/2372 2373/2373
f 2372/2372 2374/2374 2373/2373
f 2373/2373 2374/2374 2375/2375
f 2374/2374 2376/2376 2375/2375
f 2375/2375 2376/2376 2340/2340
f 2376/2376 2377/2377 2340/2340
f 2340/2340 2377/2377 2378/2378
f 2377/2377 2379/2379 2378/2378
f 2378/2378 2379/2379 2380/2380
f 2379/2379 2381/2381 2380/2380
f 2380/2380 2381/2381 2382/2382
f 2381/2381 2383/2383 2382/2382
f 2382/2382 2383/2383 2384/2384
f 2383/2383 2385/2385 2384/2384
f 2384/2384 2385/2385 2348/2348
f 2385/2385 2386/2386 2348/2348
f 2348/2348 2386/2386 2352/2352
f 2386/2386 2387/2387 2352/2352
f 2352/2352 2387/2387 2354/2354
f 2387/2387 2388/2388 2354/2354
f 2354/2354 2388/2388 2389/2389
f 2388/2388 1974/1974 2389/2389
f 2389/2389 1974/1974 1972/1972
f 2360/2360 2362/2362 2390/2390
f 2362/2362 2364/2364 2390/2390
f 2390/2390 2364/2364 2330/2330
f 2364/2364 2366/2366 2330/2330
f 2330/2330 2366/2366 2332/2332
f 2390/2390 2330/2330 2391/2391
f 2330/2330 2328/2328 2391/2391
f 2391/2391 2328/2328 2327/2327
f 2327/2327 2326/2326 2391/2391
f 2326/2326 2324/2324 2391/2391
f 2391/2391 2324/2324 2358/2358
f 2358/2358 2360/2360 2391/2391
f 2360/2360 2390/2390 2391/2391
f 1965/1965 2310/2310 1966/1966
f 2310/2310 2308/2308 1966/1966
f 1966/1966 2308/2308 1968/1968
f 2340/2340 2338/2338 2375/2375
f 2338/2338 2373/2373 2375/2375
f 2373/2373 2338/2338 2371/2371
f 2338/2338 2369/2369 2371/2371
f 2338/2338 2336/2336 2369/2369
f 2336/2336 2335/2335 2369/2369
f 2369/2369 2335/2335 2334/2334
f 2355/2355 2354/2354 1970/1970
f 2354/2354 2389/2389 1970/1970
f 1970/1970 2389/2389 1972/1972
f 2307/2307 2309/2309 2305/2305
f 2309/2309 2392/2392 2305/2305
f 2305/2305 2392/2392 2303/2303
f 2392/2392 2393/2393 2303/2303
f 2303/2303 2393/2393 2301/2301
f 2393/2393 2394/2394 2301/2301
f 2301/2301 2394/2394 2395/2395
f 2394/2394 1957/1957 2395/2395
f 2395/2395 1957/1957 2396/2396
f 1957/1957 1955/1955 2396/2396
f 2396/2396 1955/1955 1953/1953
f 2301/2301 2395/2395 2397/2397
f 2395/2395 2396/2396 2397/2397
f 2397/2397 2396/2396 2398/2398
f 2396/2396 1950/1950 2398/2398
f 2398/2398 1950/1950 2399/2399
f 1950/1950 2400/2400 2399/2399
f 2399/2399 2400/2400 2297/2297
f 2400/2400 2401/2401 2297/2297
f 2297/2297 2401/2401 2402/2402
f 2401/2401 2403/2403 2402/2402
f 2402/2402 2403/2403 2404/2404
f 2403/2403 2405/2405 2404/2404
f 2404/2404 2405/2405 2406/2406
f 2405/2405 2407/2407 2406/2406
f 2406/2406 2407/2407 2408/2408
f 2407/2407 2409/2409 2408/2408
f 2408/2408 2409/2409 2410/2410
f 2409/2409 2411/2411 2410/2410
f 2410/2410 2411/2411 2412/2412
f 2411/2411 2413/2413 2412/2412
f 2412/2412 2413/2413 2279/2279
f 2413/2413 1940/1940 2279/2279
f 2279/2279 1940/1940 2414/2414
f 1940/1940 1939/1939 2414/2414
f 2414/2414 1939/1939 2277/2277
f 1939/1939 1938/1938 2277/2277
f 2277/2277 1938/1938 1937/1937
f 1940/1940 2413/2413 1941/1941
f 2413/2413 2411/2411 1941/1941
f 1941/1941 2411/2411 1942/1942
f 2411/2411 2409/2409 1942/1942
f 1942/1942 2409/2409 1943/1943
f 2409/2409 2407/2407 1943/1943
f 1943/1943 2407/2407 1944/1944
f 2407/2407 2405/2405 1944/1944
f 1944/1944 2405/2405 1945/1945
f 2405/2405 1946/1946 1945/1945
f 1946/1946 2405/2405 1948/1948
f 2405/2405 2403/2403 1948/1948
f 1948/1948 2403/2403 2401/2401
f 2401/2401 2400/2400 1948/1948
f 2400/2400 1950/1950 1948/1948
f 792/792 830/830 794/794
f 830/830 832/832 794/794
f 794/794 832/832 796/796
f 2301/2301 2397/2397 2299/2299
f 2397/2397 2398/2398 2299/2299
f 2299/2299 2398/2398 2399/2399
f 2297/2297 2402/2402 2295/2295
f 2402/2402 2293/2293 2295/2295
f 2293/2293 2402/2402 2291/2291
f 2402/2402 2289/2289 2291/2291
f 2402/2402 2404/2404 2289/2289
f 2404/2404 2406/2406 2289/2289
f 2289/2289 2406/2406 2408/2408
f 2289/2289 2408/2408 2287/2287
f 2408/2408 2410/2410 2287/2287
f 2287/2287 2410/2410 2285/2285
f 2410/2410 2412/2412 2285/2285
f 2285/2285 2412/2412 2283/2283
f 2412/2412 2281/2281 2283/2283
f 2277/2277 1937/1937 2275/2275
f 1937/1937 2273/2273 2275/2275
f 2273/2273 1937/1937 2271/2271
f 1937/1937 1913/1913 2271/2271
f 1950/1950 2396/2396 1952/1952
f 2396/2396 1953/1953 1952/1952
f 2340/2340 2378/2378 2342/2342
f 2378/2378 2343/2343 2342/2342
f 2343/2343 2378/2378 2344/2344
f 2378/2378 2346/2346 2344/2344
f 2378/2378 2380/2380 2346/2346
f 2380/2380 2382/2382 2346/2346
f 2346/2346 2382/2382 2384/2384
f 172/172 214/214 171/171
f 214/214 169/169 171/171
f 265/265 264/264 267/267
f 264/264 2415/2415 267/267
f 267/267 2415/2415 2416/2416
f 2415/2415 1490/1490 2416/2416
f 2416/2416 1490/1490 1492/1492
f 267/267 2416/2416 269/269
f 2416/2416 1492/1492 269/269
f 269/269 1492/1492 271/271
f 1490/1490 2415/2415 1488/1488
f 2415/2415 2417/2417 1488/1488
f 1488/1488 2417/2417 2418/2418
f 2417/2417 9/9 2418/2418
f 2418/2418 9/9 2/2
f 9/9 2417/2417 264/264
f 2417/2417 2415/2415 264/264
f 1488/1488 2418/2418 1486/1486
f 2418/2418 2419/2419 1486/1486
f 1486/1486 2419/2419 1484/1484
f 2419/2419 1483/1483 1484/1484
f 2418/2418 2/2 2419/2419
f 2/2 2420/2420 2419/2419
f 2419/2419 2421/2421 2422/2422
f 2422/2422 1481/1481 2419/2419
f 1481/1481 1483/1483 2419/2419
f 1481/1481 2422/2422 1479/1479
f 2422/2422 2423/2423 1479/1479
f 1479/1479 2423/2423 1478/1478
f 2423/2423 1477/1477 1478/1478
f 666/666 712/712 668/668
f 712/712 714/714 668/668
f 668/668 714/714 670/670
f 597/597 642/642 598/598
f 642/642 600/600 598/598
f 540/540 579/579 542/542
f 579/579 581/581 542/542
f 542/542 581/581 544/544
f 480/480 527/527 478/478
f 527/527 525/525 478/478
f 478/478 525/525 476/476
f 480/480 481/481 530/530
f 481/481 483/483 530/530
f 753/753 793/793 755/755
f 793/793 795/795 755/755
f 755/755 795/795 757/757
f 238/238 239/239 345/345
f 239/239 241/241 345/345
f 347/347 346/346 432/432
f 346/346 344/344 432/432
f 1509/1509 1543/1543 1508/1508
f 1543/1543 1505/1505 1508/1508
f 351/351 349/349 427/427
f 349/349 429/429 427/427
f 238/238 348/348 236/236
f 348/348 350/350 236/236
f 236/236 350/350 234/234
f 194/194 237/237 192/192
f 237/237 235/235 192/192
f 192/192 235/235 190/190
f 194/194 195/195 240/240
f 195/195 197/197 240/240
f 256/256 2424/2424 254/254
f 2424/2424 2425/2425 254/254
f 254/254 2425/2425 2426/2426
f 2425/2425 2427/2427 2426/2426
f 2426/2426 2427/2427 2428/2428
f 2427/2427 2429/2429 2428/2428
f 2428/2428 2429/2429 2430/2430
f 2429/2429 2431/2431 2430/2430
f 2430/2430 2431/2431 2432/2432
f 2431/2431 2433/2433 2432/2432
f 2432/2432 2433/2433 2434/2434
f 2433/2433 2435/2435 2434/2434
f 2434/2434 2435/2435 2436/2436
f 2435/2435 2437/2437 2436/2436
f 2436/2436 2437/2437 2438/2438
f 2437/2437 2439/2439 2438/2438
f 2438/2438 2439/2439 2440/2440
f 2439/2439 2441/2441 2440/2440
f 2440/2440 2441/2441 2442/2442
f 2441/2441 2443/2443 2442/2442
f 2442/2442 2443/2443 2444/2444
f 2443/2443 2445/2445 2444/2444
f 2444/2444 2445/2445 2446/2446
f 2445/2445 2447/2447 2446/2446
f 2446/2446 2447/2447 2448/2448
f 2447/2447 2449/2449 2448/2448
f 2448/2448 2449/2449 2450/2450
f 2449/2449 2451/2451 2450/2450
f 2450/2450 2451/2451 2452/2452
f 2451/2451 2453/2453 2452/2452
f 2452/2452 2453/2453 2454/2454
f 2453/2453 2455/2455 2454/2454
f 2454/2454 2455/2455 2456/2456
f 2455/2455 304/304 2456/2456
f 2456/2456 304/304 306/306
f 2429/2429 2457/2457 2431/2431
f 2457/2457 2458/2458 2431/2431
f 2431/2431 2458/2458 2459/2459
f 2458/2458 2460/2460 2459/2459
f 2459/2459 2460/2460 2461/2461
f 2460/2460 2462/2462 2461/2461
f 2461/2461 2462/2462 2463/2463
f 2462/2462 2464/2464 2463/2463
f 2463/2463 2464/2464 2439/2439
f 2464/2464 2465/2465 2439/2439
f 2439/2439 2465/2465 2441/2441
f 2465/2465 2466/2466 2441/2441
f 2441/2441 2466/2466 2467/2467
f 2466/2466 2468/2468 2467/2467
f 2467/2467 2468/2468 2469/2469
f 2468/2468 2470/2470 2469/2469
f 2469/2469 2470/2470 2471/2471
f 2470/2470 2472/2472 2471/2471
f 2471/2471 2472/2472 2449/2449
f 2472/2472 2473/2473 2449/2449
f 2449/2449 2473/2473 2451/2451
f 2473/2473 2474/2474 2451/2451
f 2451/2451 2474/2474 2475/2475
f 2474/2474 2476/2476 2475/2475
f 2475/2475 2476/2476 2477/2477
f 2476/2476 296/296 2477/2477
f 2477/2477 296/296 2478/2478
f 296/296 298/298 2478/2478
f 2478/2478 298/298 300/300
f 2477/2477 2478/2478 2479/2479
f 2478/2478 300/300 2479/2479
f 2479/2479 300/300 2480/2480
f 300/300 304/304 2480/2480
f 2480/2480 304/304 2455/2455
f 2480/2480 2455/2455 2479/2479
f 2455/2455 2453/2453 2479/2479
f 2479/2479 2453/2453 2451/2451
f 2451/2451 2475/2475 2479/2479
f 2475/2475 2477/2477 2479/2479
f 2424/2424 2481/2481 2425/2425
f 2481/2481 2427/2427 2425/2425
f 2427/2427 2481/2481 2429/2429
f 2481/2481 2482/2482 2429/2429
f 2429/2429 2482/2482 2483/2483
f 2429/2429 2483/2483 2457/2457
f 2483/2483 2484/2484 2457/2457
f 2457/2457 2484/2484 2458/2458
f 2484/2484 2460/2460 2458/2458
f 2484/2484 2485/2485 2460/2460
f 2485/2485 2486/2486 2460/2460
f 2460/2460 2486/2486 2487/2487
f 2486/2486 2488/2488 2487/2487
f 2487/2487 2488/2488 2489/2489
f 2488/2488 2490/2490 2489/2489
f 2489/2489 2490/2490 2491/2491
f 2490/2490 2492/2492 2491/2491
f 2491/2491 2492/2492 2493/2493
f 2492/2492 2494/2494 2493/2493
f 2493/2493 2494/2494 2495/2495
f 2494/2494 2496/2496 2495/2495
f 2495/2495 2496/2496 2468/2468
f 2496/2496 2497/2497 2468/2468
f 2468/2468 2497/2497 2470/2470
f 2497/2497 2498/2498 2470/2470
f 2470/2470 2498/2498 2499/2499
f 2498/2498 2500/2500 2499/2499
f 2499/2499 2500/2500 2501/2501
f 2500/2500 2502/2502 2501/2501
f 2501/2501 2502/2502 2503/2503
f 2502/2502 2504/2504 2503/2503
f 2503/2503 2504/2504 2505/2505
f 2504/2504 2506/2506 2505/2505
f 2505/2505 2506/2506 2507/2507
f 2506/2506 294/294 2507/2507
f 2507/2507 294/294 296/296
f 2460/2460 2487/2487 2462/2462
f 2487/2487 2489/2489 2462/2462
f 2462/2462 2489/2489 2508/2508
f 2489/2489 2491/2491 2508/2508
f 2508/2508 2491/2491 2493/2493
f 2508/2508 2493/2493 2509/2509
f 2493/2493 2495/2495 2509/2509
f 2509/2509 2495/2495 2468/2468
f 2468/2468 2466/2466 2509/2509
f 2466/2466 2465/2465 2509/2509
f 2509/2509 2465/2465 2464/2464
f 2464/2464 2462/2462 2509/2509
f 2462/2462 2508/2508 2509/2509
f 1091/1091 1264/1264 1093/1093
f 1264/1264 1095/1095 1093/1093
f 296/296 2476/2476 2507/2507
f 2476/2476 2505/2505 2507/2507
f 2505/2505 2476/2476 2510/2510
f 2476/2476 2511/2511 2510/2510
f 2510/2510 2511/2511 2501/2501
f 2511/2511 2499/2499 2501/2501
f 2476/2476 2474/2474 2511/2511
f 2474/2474 2473/2473 2511/2511
f 2511/2511 2473/2473 2472/2472
f 2472/2472 2470/2470 2511/2511
f 2470/2470 2499/2499 2511/2511
f 2490/2490 2512/2512 2492/2492
f 2512/2512 2513/2513 2492/2492
f 2492/2492 2513/2513 2514/2514
f 2513/2513 2515/2515 2514/2514
f 2514/2514 2515/2515 2516/2516
f 2515/2515 2517/2517 2516/2516
f 2516/2516 2517/2517 2518/2518
f 2517/2517 2519/2519 2518/2518
f 2518/2518 2519/2519 2520/2520
f 2519/2519 2521/2521 2520/2520
f 2520/2520 2521/2521 2502/2502
f 2521/2521 2522/2522 2502/2502
f 2502/2502 2522/2522 2523/2523
f 2522/2522 2524/2524 2523/2523
f 2523/2523 2524/2524 2525/2525
f 2524/2524 2526/2526 2525/2525
f 2525/2525 2526/2526 2527/2527
f 2526/2526 2528/2528 2527/2527
f 2527/2527 2528/2528 292/292
f 2528/2528 290/290 292/292
f 2502/2502 2500/2500 2520/2520
f 2500/2500 2498/2498 2520/2520
f 2520/2520 2498/2498 2529/2529
f 2498/2498 2497/2497 2529/2529
f 2529/2529 2497/2497 2496/2496
f 2529/2529 2496/2496 2530/2530
f 2496/2496 2494/2494 2530/2530
f 2530/2530 2494/2494 2492/2492
f 2492/2492 2514/2514 2530/2530
f 2514/2514 2516/2516 2530/2530
f 2530/2530 2516/2516 2518/2518
f 2518/2518 2520/2520 2530/2530
f 2520/2520 2529/2529 2530/2530
f 2501/2501 2503/2503 2510/2510
f 2503/2503 2505/2505 2510/2510
f 290/290 2528/2528 288/288
f 2528/2528 2526/2526 288/288
f 288/288 2526/2526 2531/2531
f 2526/2526 2532/2532 2531/2531
f 2531/2531 2532/2532 2533/2533
f 2532/2532 2534/2534 2533/2533
f 2533/2533 2534/2534 2535/2535
f 2534/2534 2536/2536 2535/2535
f 2535/2535 2536/2536 2537/2537
f 2536/2536 2538/2538 2537/2537
f 2537/2537 2538/2538 2539/2539
f 2538/2538 2536/2536 2540/2540
f 2536/2536 2534/2534 2540/2540
f 2540/2540 2534/2534 2541/2541
f 2534/2534 2542/2542 2541/2541
f 2541/2541 2542/2542 2543/2543
f 2542/2542 2524/2524 2543/2543
f 2543/2543 2524/2524 2544/2544
f 2524/2524 2522/2522 2544/2544
f 2544/2544 2522/2522 2521/2521
f 2541/2541 2543/2543 2545/2545
f 2543/2543 2544/2544 2545/2545
f 2545/2545 2544/2544 2546/2546
f 2544/2544 2517/2517 2546/2546
f 2546/2546 2517/2517 2547/2547
f 2517/2517 2548/2548 2547/2547
f 2541/2541 2545/2545 2549/2549
f 2545/2545 2546/2546 2549/2549
f 2549/2549 2546/2546 2547/2547
f 2549/2549 2550/2550 2541/2541
f 2550/2550 2551/2551 2541/2541
f 2541/2541 2551/2551 2540/2540
f 2551/2551 2538/2538 2540/2540
f 2539/2539 2552/2552 2537/2537
f 2552/2552 2553/2553 2537/2537
f 2537/2537 2553/2553 2554/2554
f 2553/2553 2555/2555 2554/2554
f 2554/2554 2555/2555 2556/2556
f 2555/2555 2557/2557 2556/2556
f 2556/2556 2557/2557 2558/2558
f 2557/2557 278/278 2558/2558
f 2558/2558 278/278 280/280
f 280/280 282/282 2558/2558
f 282/282 2559/2559 2558/2558
f 2558/2558 2559/2559 2556/2556
f 2559/2559 2560/2560 2556/2556
f 2556/2556 2560/2560 2554/2554
f 2560/2560 2561/2561 2554/2554
f 2554/2554 2561/2561 2537/2537
f 2561/2561 2535/2535 2537/2537
f 2535/2535 2561/2561 2533/2533
f 2561/2561 2560/2560 2533/2533
f 2533/2533 2560/2560 2562/2562
f 2560/2560 2559/2559 2562/2562
f 2562/2562 2559/2559 284/284
f 2559/2559 282/282 284/284
f 284/284 286/286 2562/2562
f 286/286 2563/2563 2562/2562
f 2562/2562 2563/2563 2533/2533
f 2563/2563 2531/2531 2533/2533
f 2531/2531 2563/2563 288/288
f 2563/2563 286/286 288/288
f 2517/2517 2544/2544 2519/2519
f 2544/2544 2521/2521 2519/2519
f 2552/2552 2564/2564 2553/2553
f 2564/2564 2565/2565 2553/2553
f 2553/2553 2565/2565 2555/2555
f 2565/2565 2566/2566 2555/2555
f 2555/2555 2566/2566 2557/2557
f 2566/2566 2567/2567 2557/2557
f 2557/2557 2567/2567 278/278
f 2567/2567 2568/2568 278/278
f 278/278 2568/2568 276/276
f 2568/2568 274/274 276/276
f 2564/2564 2569/2569 2565/2565
f 2569/2569 2570/2570 2565/2565
f 2565/2565 2570/2570 2566/2566
f 2570/2570 2571/2571 2566/2566
f 2566/2566 2571/2571 2567/2567
f 2571/2571 2568/2568 2567/2567
f 2569/2569 2572/2572 2570/2570
f 2572/2572 2573/2573 2570/2570
f 2570/2570 2573/2573 2571/2571
f 2573/2573 2574/2574 2571/2571
f 2571/2571 2574/2574 2575/2575
f 2574/2574 2576/2576 2575/2575
f 2575/2575 2576/2576 2577/2577
f 2576/2576 270/270 2577/2577
f 2577/2577 270/270 272/272
f 2571/2571 2575/2575 274/274
f 2575/2575 2577/2577 274/274
f 274/274 2577/2577 272/272
f 2502/2502 2523/2523 2504/2504
f 2523/2523 2525/2525 2504/2504
f 2504/2504 2525/2525 2527/2527
f 2527/2527 292/292 2504/2504
f 292/292 2506/2506 2504/2504
f 2572/2572 2578/2578 2573/2573
f 2578/2578 2574/2574 2573/2573
f 2574/2574 2578/2578 2576/2576
f 2578/2578 2579/2579 2576/2576
f 2576/2576 2579/2579 2580/2580
f 2580/2580 2581/2581 2576/2576
f 2581/2581 270/270 2576/2576
f 2580/2580 262/262 2581/2581
f 262/262 266/266 2581/2581
f 2581/2581 266/266 270/270
f 266/266 268/268 270/270
f 254/254 2426/2426 252/252
f 2426/2426 250/250 252/252
f 250/250 2426/2426 2582/2582
f 2426/2426 2583/2583 2582/2582
f 2582/2582 2583/2583 2584/2584
f 2583/2583 2585/2585 2584/2584
f 2584/2584 2585/2585 2586/2586
f 2585/2585 2434/2434 2586/2586
f 2586/2586 2434/2434 2587/2587
f 2434/2434 2436/2436 2587/2587
f 2587/2587 2436/2436 2588/2588
f 2436/2436 2589/2589 2588/2588
f 2588/2588 2589/2589 2590/2590
f 2589/2589 2591/2591 2590/2590
f 2590/2590 2591/2591 2592/2592
f 2591/2591 2444/2444 2592/2592
f 2592/2592 2444/2444 2593/2593
f 2444/2444 2594/2594 2593/2593
f 2593/2593 2594/2594 2595/2595
f 2594/2594 2446/2446 2595/2595
f 2595/2595 2446/2446 2596/2596
f 2446/2446 2597/2597 2596/2596
f 2596/2596 2597/2597 2598/2598
f 2597/2597 2599/2599 2598/2598
f 2598/2598 2599/2599 2600/2600
f 2599/2599 2601/2601 2600/2600
f 2600/2600 2601/2601 2602/2602
f 2601/2601 2603/2603 2602/2602
f 2602/2602 2603/2603 2604/2604
f 2603/2603 308/308 2604/2604
f 2604/2604 308/308 310/310
f 2597/2597 2452/2452 2599/2599
f 2452/2452 2454/2454 2599/2599
f 2599/2599 2454/2454 2601/2601
f 2454/2454 2456/2456 2601/2601
f 2601/2601 2456/2456 2603/2603
f 2456/2456 306/306 2603/2603
f 2603/2603 306/306 308/308
f 2452/2452 2597/2597 2450/2450
f 2597/2597 2448/2448 2450/2450
f 2585/2585 2583/2583 2434/2434
f 2583/2583 2432/2432 2434/2434
f 2432/2432 2583/2583 2430/2430
f 2583/2583 2428/2428 2430/2430
f 2587/2587 2588/2588 2586/2586
f 2588/2588 2605/2605 2586/2586
f 2586/2586 2605/2605 2606/2606
f 2605/2605 2607/2607 2606/2606
f 2606/2606 2607/2607 340/340
f 2607/2607 338/338 340/340
f 2607/2607 2605/2605 2608/2608
f 2605/2605 2588/2588 2608/2608
f 2608/2608 2588/2588 2609/2609
f 2588/2588 2590/2590 2609/2609
f 2609/2609 2590/2590 2610/2610
f 2590/2590 2611/2611 2610/2610
f 2610/2610 2611/2611 330/330
f 2611/2611 2612/2612 330/330
f 330/330 2612/2612 2613/2613
f 2612/2612 2614/2614 2613/2613
f 2613/2613 2614/2614 2615/2615
f 2614/2614 2595/2595 2615/2615
f 2615/2615 2595/2595 2616/2616
f 2595/2595 2598/2598 2616/2616
f 2616/2616 2598/2598 2617/2617
f 2598/2598 2618/2618 2617/2617
f 2617/2617 2618/2618 320/320
f 2618/2618 2619/2619 320/320
f 320/320 2619/2619 2620/2620
f 2619/2619 2602/2602 2620/2620
f 2620/2620 2602/2602 2621/2621
f 2602/2602 2604/2604 2621/2621
f 2621/2621 2604/2604 310/310
f 2598/2598 2600/2600 2618/2618
f 2600/2600 2602/2602 2618/2618
f 2618/2618 2602/2602 2619/2619
f 2444/2444 2591/2591 2442/2442
f 2591/2591 2440/2440 2442/2442
f 2440/2440 2591/2591 2438/2438
f 2591/2591 2436/2436 2438/2438
f 2592/2592 2593/2593 2590/2590
f 2593/2593 2611/2611 2590/2590
f 2611/2611 2593/2593 2612/2612
f 2593/2593 2614/2614 2612/2612
f 338/338 2607/2607 336/336
f 2607/2607 334/334 336/336
f 334/334 2607/2607 332/332
f 2607/2607 2608/2608 332/332
f 332/332 2608/2608 2609/2609
f 2609/2609 2610/2610 332/332
f 2610/2610 330/330 332/332
f 2582/2582 2584/2584 250/250
f 2584/2584 2622/2622 250/250
f 250/250 2622/2622 248/248
f 2622/2622 247/247 248/248
f 247/247 2622/2622 2623/2623
f 2622/2622 2584/2584 2623/2623
f 2623/2623 2584/2584 2624/2624
f 2584/2584 2586/2586 2624/2624
f 2624/2624 2586/2586 2606/2606
f 247/247 2623/2623 340/340
f 2623/2623 2624/2624 340/340
f 340/340 2624/2624 2606/2606
f 330/330 2613/2613 328/328
f 2613/2613 326/326 328/328
f 326/326 2613/2613 324/324
f 2613/2613 322/322 324/324
f 2613/2613 2615/2615 322/322
f 2615/2615 2616/2616 322/322
f 322/322 2616/2616 2617/2617
f 320/320 2620/2620 318/318
f 2620/2620 316/316 318/318
f 316/316 2620/2620 314/314
f 2620/2620 312/312 314/314
f 2620/2620 2621/2621 312/312
f 2621/2621 310/310 312/312
f 691/691 738/738 692/692
f 738/738 694/694 692/692
f 506/506 564/564 505/505
f 564/564 503/503 505/505
f 739/739 783/783 740/740
f 783/783 742/742 740/740
f 1073/1073 2625/2625 1075/1075
f 2625/2625 2626/2626 1075/1075
f 1075/1075 2626/2626 2627/2627
f 2626/2626 2628/2628 2627/2627
f 2627/2627 2628/2628 2629/2629
f 2628/2628 1028/1028 2629/2629
f 2629/2629 1028/1028 1026/1026
f 1075/1075 2627/2627 1025/1025
f 2627/2627 2629/2629 1025/1025
f 1025/1025 2629/2629 1026/1026
f 1075/1075 1025/1025 1077/1077
f 1025/1025 1023/1023 1077/1077
f 2628/2628 2630/2630 1028/1028
f 2630/2630 2631/2631 1028/1028
f 1028/1028 2631/2631 1029/1029
f 2631/2631 1031/1031 1029/1029
f 165/165 212/212 374/374
f 212/212 213/213 374/374
f 497/497 615/615 2632/2632
f 615/615 659/659 2632/2632
f 615/615 614/614 659/659
f 614/614 657/657 659/659
f 614/614 613/613 657/657
f 613/613 612/612 657/657
f 1163/1163 1164/1164 1162/1162
f 1164/1164 1200/1200 1162/1162
f 1327/1327 1325/1325 1353/1353
f 1325/1325 2633/2633 1353/1353
f 2633/2633 1325/1325 2634/2634
f 1325/1325 1323/1323 2634/2634
f 2634/2634 1323/1323 2635/2635
f 1323/1323 1322/1322 2635/2635
f 2635/2635 1322/1322 1321/1321
f 2634/2634 2635/2635 2633/2633
f 2635/2635 2636/2636 2633/2633
f 1321/1321 2637/2637 2635/2635
f 2637/2637 2638/2638 2635/2635
f 2635/2635 2638/2638 2636/2636
f 1101/1101 1181/1181 1103/1103
f 1181/1181 2639/2639 1103/1103
f 1103/1103 2639/2639 1105/1105
f 2639/2639 1107/1107 1105/1105
f 1181/1181 1179/1179 2639/2639
f 1179/1179 1177/1177 2639/2639
f 2639/2639 1177/1177 1175/1175
f 1175/1175 1109/1109 2639/2639
f 1109/1109 1107/1107 2639/2639
f 458/458 504/504 457/457
f 504/504 455/455 457/457
f 760/760 758/758 798/798
f 758/758 757/757 798/798
f 1154/1154 1153/1153 1280/1280
f 1153/1153 1152/1152 1280/1280
f 547/547 587/587 548/548
f 587/587 550/550 548/548
f 175/175 177/177 220/220
f 177/177 178/178 220/220
f 1629/1629 1627/1627 2049/2049
f 1627/1627 1625/1625 2049/2049
f 2049/2049 1625/1625 2047/2047
f 1625/1625 2045/2045 2047/2047
f 2045/2045 1625/1625 2043/2043
f 1625/1625 1623/1623 2043/2043
f 899/899 897/897 925/925
f 897/897 923/923 925/925
f 1090/1090 1092/1092 1272/1272
f 1092/1092 1094/1094 1272/1272
f 691/691 689/689 735/735
f 689/689 688/688 735/735
f 455/455 501/501 454/454
f 501/501 452/452 454/454
f 369/369 406/406 370/370
f 406/406 372/372 370/370
f 649/649 696/696 650/650
f 696/696 652/652 650/650
f 814/814 853/853 815/815
f 853/853 817/817 815/815
f 225/225 362/362 224/224
f 362/362 222/222 224/224
f 137/137 193/193 135/135
f 193/193 191/191 135/135
f 135/135 191/191 133/133
f 518/518 520/520 549/549
f 520/520 521/521 549/549
f 578/578 622/622 580/580
f 622/622 624/624 580/580
f 580/580 624/624 582/582
f 184/184 186/186 229/229
f 186/186 187/187 229/229
f 423/423 471/471 422/422
f 471/471 420/420 422/422
f 866/866 901/901 867/867
f 901/901 869/869 867/867
f 1087/1087 1263/1263 1089/1089
f 1263/1263 1091/1091 1089/1089
f 778/778 776/776 816/816
f 776/776 775/775 816/816
f 556/556 554/554 593/593
f 554/554 553/553 593/593
f 591/591 636/636 592/592
f 636/636 594/594 592/592
f 631/631 678/678 632/632
f 678/678 634/634 632/632
f 625/625 672/672 626/626
f 672/672 628/628 626/626
f 679/679 677/677 723/723
f 677/677 676/676 723/723
f 1794/1794 1866/1866 1796/1796
f 1866/1866 1797/1797 1796/1796
f 1797/1797 1866/1866 1799/1799
f 1866/1866 1801/1801 1799/1799
f 1866/1866 1868/1868 1801/1801
f 1868/1868 1870/1870 1801/1801
f 1801/1801 1870/1870 1872/1872
f 1127/1127 1160/1160 1129/1129
f 1160/1160 1131/1131 1129/1129
f 766/766 764/764 804/804
f 764/764 763/763 804/804
f 105/105 107/107 170/170
f 107/107 109/109 170/170
f 802/802 800/800 838/838
f 800/800 799/799 838/838
f 842/842 840/840 874/874
f 840/840 839/839 874/874
f 1355/1355 1353/1353 1364/1364
f 1353/1353 2633/2633 1364/1364
f 1364/1364 2633/2633 2636/2636
f 1364/1364 2636/2636 1375/1375
f 2636/2636 2638/2638 1375/1375
f 1375/1375 2638/2638 1377/1377
f 875/875 910/910 876/876
f 910/910 878/878 876/876
f 1623/1623 1621/1621 2040/2040
f 1621/1621 1619/1619 2040/2040
f 2040/2040 1619/1619 1617/1617
f 1617/1617 1615/1615 2040/2040
f 1615/1615 2038/2038 2040/2040
f 2038/2038 1615/1615 2036/2036
f 1615/1615 2034/2034 2036/2036
f 878/878 913/913 879/879
f 913/913 881/881 879/879
f 1526/1526 1524/1524 1528/1528
f 1524/1524 2640/2640 1528/1528
f 1528/1528 2640/2640 2641/2641
f 2640/2640 2642/2642 2641/2641
f 2641/2641 2642/2642 2643/2643
f 2642/2642 2644/2644 2643/2643
f 2643/2643 2644/2644 2645/2645
f 2644/2644 2646/2646 2645/2645
f 2645/2645 2646/2646 2647/2647
f 2646/2646 2648/2648 2647/2647
f 2647/2647 2648/2648 2649/2649
f 2648/2648 2650/2650 2649/2649
f 2649/2649 2650/2650 2651/2651
f 2650/2650 2652/2652 2651/2651
f 2651/2651 2652/2652 2653/2653
f 2652/2652 2654/2654 2653/2653
f 2653/2653 2654/2654 2655/2655
f 2654/2654 2656/2656 2655/2655
f 2655/2655 2656/2656 2657/2657
f 2656/2656 2658/2658 2657/2657
f 2657/2657 2658/2658 2659/2659
f 2658/2658 2660/2660 2659/2659
f 2659/2659 2660/2660 2661/2661
f 2660/2660 2662/2662 2661/2661
f 2661/2661 2662/2662 2663/2663
f 2662/2662 2664/2664 2663/2663
f 2663/2663 2664/2664 2665/2665
f 2664/2664 2666/2666 2665/2665
f 2665/2665 2666/2666 2667/2667
f 2666/2666 2232/2232 2667/2667
f 2667/2667 2232/2232 2231/2231
f 2643/2643 2645/2645 2668/2668
f 2645/2645 2647/2647 2668/2668
f 2668/2668 2647/2647 2669/2669
f 2647/2647 2670/2670 2669/2669
f 2669/2669 2670/2670 2671/2671
f 2670/2670 2655/2655 2671/2671
f 2671/2671 2655/2655 2672/2672
f 2655/2655 2657/2657 2672/2672
f 2672/2672 2657/2657 2673/2673
f 2657/2657 2659/2659 2673/2673
f 2673/2673 2659/2659 2674/2674
f 2659/2659 2661/2661 2674/2674
f 2674/2674 2661/2661 2675/2675
f 2661/2661 2663/2663 2675/2675
f 2675/2675 2663/2663 2676/2676
f 2663/2663 2677/2677 2676/2676
f 2676/2676 2677/2677 2678/2678
f 2677/2677 2679/2679 2678/2678
f 2678/2678 2679/2679 2680/2680
f 2679/2679 2228/2228 2680/2680
f 2680/2680 2228/2228 2681/2681
f 2228/2228 2226/2226 2681/2681
f 2681/2681 2226/2226 2682/2682
f 2226/2226 2224/2224 2682/2682
f 2682/2682 2224/2224 2223/2223
f 2643/2643 2668/2668 2683/2683
f 2668/2668 2669/2669 2683/2683
f 2683/2683 2669/2669 2684/2684
f 2669/2669 2671/2671 2684/2684
f 2684/2684 2671/2671 2685/2685
f 2671/2671 2672/2672 2685/2685
f 2685/2685 2672/2672 2686/2686
f 2672/2672 2673/2673 2686/2686
f 2686/2686 2673/2673 2687/2687
f 2673/2673 2674/2674 2687/2687
f 2687/2687 2674/2674 2688/2688
f 2674/2674 2675/2675 2688/2688
f 2688/2688 2675/2675 2689/2689
f 2675/2675 2676/2676 2689/2689
f 2689/2689 2676/2676 2690/2690
f 2676/2676 2691/2691 2690/2690
f 2690/2690 2691/2691 2692/2692
f 2691/2691 2693/2693 2692/2692
f 2692/2692 2693/2693 2694/2694
f 2693/2693 2695/2695 2694/2694
f 2694/2694 2695/2695 2696/2696
f 2695/2695 2697/2697 2696/2696
f 2696/2696 2697/2697 2698/2698
f 2697/2697 2699/2699 2698/2698
f 2698/2698 2699/2699 2700/2700
f 2699/2699 2701/2701 2700/2700
f 2690/2690 2702/2702 2689/2689
f 2702/2702 2703/2703 2689/2689
f 2689/2689 2703/2703 2688/2688
f 2703/2703 2704/2704 2688/2688
f 2688/2688 2704/2704 2687/2687
f 2704/2704 2705/2705 2687/2687
f 2687/2687 2705/2705 2686/2686
f 2705/2705 2706/2706 2686/2686
f 2686/2686 2706/2706 2685/2685
f 2706/2706 2707/2707 2685/2685
f 2685/2685 2707/2707 2708/2708
f 2707/2707 2709/2709 2708/2708
f 2708/2708 2709/2709 2683/2683
f 2709/2709 1532/1532 2683/2683
f 2683/2683 1532/1532 2710/2710
f 1532/1532 2709/2709 1534/1534
f 2709/2709 2707/2707 1534/1534
f 1534/1534 2707/2707 2711/2711
f 2707/2707 2712/2712 2711/2711
f 2711/2711 2712/2712 2713/2713
f 2712/2712 2714/2714 2713/2713
f 2713/2713 2714/2714 2715/2715
f 2714/2714 2716/2716 2715/2715
f 2715/2715 2716/2716 2717/2717
f 2716/2716 2718/2718 2717/2717
f 2717/2717 2718/2718 2719/2719
f 2718/2718 2704/2704 2719/2719
f 2719/2719 2704/2704 2703/2703
f 2714/2714 2712/2712 2716/2716
f 2712/2712 2720/2720 2716/2716
f 2716/2716 2720/2720 2718/2718
f 2720/2720 2706/2706 2718/2718
f 2718/2718 2706/2706 2705/2705
f 2706/2706 2720/2720 2707/2707
f 2720/2720 2712/2712 2707/2707
f 833/833 831/831 865/865
f 831/831 863/863 865/865
f 2663/2663 2665/2665 2677/2677
f 2665/2665 2679/2679 2677/2677
f 2665/2665 2667/2667 2679/2679
f 2667/2667 2230/2230 2679/2679
f 2679/2679 2230/2230 2228/2228
f 2685/2685 2708/2708 2684/2684
f 2708/2708 2683/2683 2684/2684
f 2232/2232 2666/2666 2234/2234
f 2666/2666 2721/2721 2234/2234
f 2234/2234 2721/2721 2236/2236
f 2721/2721 2722/2722 2236/2236
f 2236/2236 2722/2722 2723/2723
f 2722/2722 2724/2724 2723/2723
f 2723/2723 2724/2724 2725/2725
f 2724/2724 2726/2726 2725/2725
f 2725/2725 2726/2726 2727/2727
f 2726/2726 2728/2728 2727/2727
f 2727/2727 2728/2728 2729/2729
f 2728/2728 2730/2730 2729/2729
f 2729/2729 2730/2730 2244/2244
f 2730/2730 2246/2246 2244/2244
f 2722/2722 2721/2721 2731/2731
f 2721/2721 2666/2666 2731/2731
f 2731/2731 2666/2666 2732/2732
f 2666/2666 2664/2664 2732/2732
f 2732/2732 2664/2664 2662/2662
f 2722/2722 2731/2731 2733/2733
f 2731/2731 2732/2732 2733/2733
f 2733/2733 2732/2732 2734/2734
f 2732/2732 2662/2662 2734/2734
f 2734/2734 2662/2662 2735/2735
f 2662/2662 2736/2736 2735/2735
f 2735/2735 2736/2736 2737/2737
f 2736/2736 2658/2658 2737/2737
f 2737/2737 2658/2658 2738/2738
f 2658/2658 2654/2654 2738/2738
f 2738/2738 2654/2654 2652/2652
f 2734/2734 2735/2735 2739/2739
f 2735/2735 2737/2737 2739/2739
f 2739/2739 2737/2737 2740/2740
f 2737/2737 2741/2741 2740/2740
f 2740/2740 2741/2741 2742/2742
f 2741/2741 2743/2743 2742/2742
f 2742/2742 2743/2743 2744/2744
f 2743/2743 2745/2745 2744/2744
f 2744/2744 2745/2745 2746/2746
f 2745/2745 2747/2747 2746/2746
f 2746/2746 2747/2747 2748/2748
f 2747/2747 2648/2648 2748/2748
f 2748/2748 2648/2648 2646/2646
f 2746/2746 2749/2749 2744/2744
f 2749/2749 2750/2750 2744/2744
f 2744/2744 2750/2750 2742/2742
f 2750/2750 2751/2751 2742/2742
f 2742/2742 2751/2751 2740/2740
f 2751/2751 2752/2752 2740/2740
f 2740/2740 2752/2752 2739/2739
f 2752/2752 2753/2753 2739/2739
f 2739/2739 2753/2753 2734/2734
f 2753/2753 2733/2733 2734/2734
f 2749/2749 2754/2754 2750/2750
f 2754/2754 2755/2755 2750/2750
f 2750/2750 2755/2755 2751/2751
f 2755/2755 2756/2756 2751/2751
f 2751/2751 2756/2756 2752/2752
f 2756/2756 2757/2757 2752/2752
f 2752/2752 2757/2757 2753/2753
f 2757/2757 2758/2758 2753/2753
f 2753/2753 2758/2758 2733/2733
f 2758/2758 2722/2722 2733/2733
f 2754/2754 2759/2759 2755/2755
f 2759/2759 2760/2760 2755/2755
f 2755/2755 2760/2760 2756/2756
f 2760/2760 2761/2761 2756/2756
f 2756/2756 2761/2761 2757/2757
f 2761/2761 2762/2762 2757/2757
f 2757/2757 2762/2762 2758/2758
f 2762/2762 2724/2724 2758/2758
f 2758/2758 2724/2724 2722/2722
f 2759/2759 2763/2763 2760/2760
f 2763/2763 2764/2764 2760/2760
f 2760/2760 2764/2764 2761/2761
f 2764/2764 2765/2765 2761/2761
f 2761/2761 2765/2765 2762/2762
f 2765/2765 2726/2726 2762/2762
f 2762/2762 2726/2726 2724/2724
f 2765/2765 2766/2766 2726/2726
f 2766/2766 2767/2767 2726/2726
f 2726/2726 2767/2767 2728/2728
f 2767/2767 2768/2768 2728/2728
f 2728/2728 2768/2768 2730/2730
f 2768/2768 2769/2769 2730/2730
f 2730/2730 2769/2769 2246/2246
f 2769/2769 2097/2097 2246/2246
f 2765/2765 2764/2764 2766/2766
f 2764/2764 2770/2770 2766/2766
f 2766/2766 2770/2770 2767/2767
f 2770/2770 2771/2771 2767/2767
f 2767/2767 2771/2771 2768/2768
f 2771/2771 2772/2772 2768/2768
f 2768/2768 2772/2772 2769/2769
f 2772/2772 2773/2773 2769/2769
f 2769/2769 2773/2773 2097/2097
f 2773/2773 2098/2098 2097/2097
f 2098/2098 2773/2773 2099/2099
f 2773/2773 2772/2772 2099/2099
f 2099/2099 2772/2772 2774/2774
f 2772/2772 2771/2771 2774/2774
f 2774/2774 2771/2771 2775/2775
f 2771/2771 2770/2770 2775/2775
f 2775/2775 2770/2770 2776/2776
f 2770/2770 2764/2764 2776/2776
f 2776/2776 2764/2764 2777/2777
f 2764/2764 2763/2763 2777/2777
f 2777/2777 2763/2763 2778/2778
f 2763/2763 2759/2759 2778/2778
f 2778/2778 2759/2759 2779/2779
f 2759/2759 2754/2754 2779/2779
f 2779/2779 2754/2754 2780/2780
f 2754/2754 2749/2749 2780/2780
f 2780/2780 2749/2749 2781/2781
f 2749/2749 2746/2746 2781/2781
f 2781/2781 2746/2746 2782/2782
f 2746/2746 2783/2783 2782/2782
f 2782/2782 2783/2783 2784/2784
f 2783/2783 2785/2785 2784/2784
f 2784/2784 2785/2785 2786/2786
f 2785/2785 2787/2787 2786/2786
f 2786/2786 2787/2787 2788/2788
f 2787/2787 2789/2789 2788/2788
f 2788/2788 2789/2789 2790/2790
f 2789/2789 1522/1522 2790/2790
f 2790/2790 1522/1522 1564/1564
f 2778/2778 2779/2779 2791/2791
f 2779/2779 2792/2792 2791/2791
f 2791/2791 2792/2792 2793/2793
f 2792/2792 2794/2794 2793/2793
f 2793/2793 2794/2794 2795/2795
f 2794/2794 2784/2784 2795/2795
f 2795/2795 2784/2784 2796/2796
f 2784/2784 2786/2786 2796/2796
f 2796/2796 2786/2786 2797/2797
f 2786/2786 2788/2788 2797/2797
f 2797/2797 2788/2788 2798/2798
f 2788/2788 2790/2790 2798/2798
f 2798/2798 2790/2790 1564/1564
f 1564/1564 2799/2799 2798/2798
f 2799/2799 2800/2800 2798/2798
f 2798/2798 2800/2800 2797/2797
f 2800/2800 2801/2801 2797/2797
f 2797/2797 2801/2801 2802/2802
f 2801/2801 2803/2803 2802/2802
f 2802/2802 2803/2803 2804/2804
f 2803/2803 2805/2805 2804/2804
f 2804/2804 2805/2805 2793/2793
f 2805/2805 2806/2806 2793/2793
f 2793/2793 2806/2806 2791/2791
f 2806/2806 2807/2807 2791/2791
f 2791/2791 2807/2807 2808/2808
f 2807/2807 2809/2809 2808/2808
f 2808/2808 2809/2809 2778/2778
f 2809/2809 2810/2810 2778/2778
f 2778/2778 2810/2810 2777/2777
f 2810/2810 2776/2776 2777/2777
f 2804/2804 2793/2793 2802/2802
f 2793/2793 2795/2795 2802/2802
f 2802/2802 2795/2795 2797/2797
f 2795/2795 2796/2796 2797/2797
f 2244/2244 2242/2242 2729/2729
f 2242/2242 2811/2811 2729/2729
f 2729/2729 2811/2811 2727/2727
f 2811/2811 2725/2725 2727/2727
f 2725/2725 2811/2811 2723/2723
f 2811/2811 2236/2236 2723/2723
f 2236/2236 2811/2811 2238/2238
f 2811/2811 2240/2240 2238/2238
f 2662/2662 2660/2660 2736/2736
f 2660/2660 2658/2658 2736/2736
f 2789/2789 2787/2787 2812/2812
f 2787/2787 2813/2813 2812/2812
f 2812/2812 2813/2813 2642/2642
f 2813/2813 2644/2644 2642/2642
f 2787/2787 2785/2785 2813/2813
f 2785/2785 2814/2814 2813/2813
f 2813/2813 2814/2814 2644/2644
f 2814/2814 2646/2646 2644/2644
f 2646/2646 2814/2814 2748/2748
f 2814/2814 2783/2783 2748/2748
f 2748/2748 2783/2783 2746/2746
f 2784/2784 2794/2794 2782/2782
f 2794/2794 2781/2781 2782/2782
f 2781/2781 2794/2794 2780/2780
f 2794/2794 2792/2792 2780/2780
f 2780/2780 2792/2792 2779/2779
f 2713/2713 2715/2715 2815/2815
f 2715/2715 2816/2816 2815/2815
f 2815/2815 2816/2816 2817/2817
f 2816/2816 2818/2818 2817/2817
f 2715/2715 2717/2717 2816/2816
f 2717/2717 2719/2719 2816/2816
f 2816/2816 2719/2719 2819/2819
f 2719/2719 2703/2703 2819/2819
f 2819/2819 2703/2703 2702/2702
f 2816/2816 2819/2819 2820/2820
f 2819/2819 2702/2702 2820/2820
f 2820/2820 2702/2702 2821/2821
f 2702/2702 2694/2694 2821/2821
f 2821/2821 2694/2694 2822/2822
f 2694/2694 2823/2823 2822/2822
f 2816/2816 2820/2820 2818/2818
f 2820/2820 2821/2821 2818/2818
f 2818/2818 2821/2821 2822/2822
f 2694/2694 2702/2702 2692/2692
f 2702/2702 2690/2690 2692/2692
f 2806/2806 2805/2805 2807/2807
f 2805/2805 2824/2824 2807/2807
f 2807/2807 2824/2824 2825/2825
f 2824/2824 2826/2826 2825/2825
f 2825/2825 2826/2826 1669/1669
f 2826/2826 2827/2827 1669/1669
f 1669/1669 2827/2827 1671/1671
f 2827/2827 1673/1673 1671/1671
f 2826/2826 2824/2824 2828/2828
f 2824/2824 2805/2805 2828/2828
f 2828/2828 2805/2805 2829/2829
f 2805/2805 2803/2803 2829/2829
f 2829/2829 2803/2803 2830/2830
f 2803/2803 2831/2831 2830/2830
f 2830/2830 2831/2831 2832/2832
f 2831/2831 2833/2833 2832/2832
f 2832/2832 2833/2833 2834/2834
f 2833/2833 2835/2835 2834/2834
f 2834/2834 2835/2835 2836/2836
f 2835/2835 2837/2837 2836/2836
f 2836/2836 2837/2837 2838/2838
f 2837/2837 2839/2839 2838/2838
f 2838/2838 2839/2839 2840/2840
f 2839/2839 2841/2841 2840/2840
f 2840/2840 2841/2841 2842/2842
f 2841/2841 1568/1568 2842/2842
f 2838/2838 1683/1683 2836/2836
f 1683/1683 1681/1681 2836/2836
f 2836/2836 1681/1681 2834/2834
f 1681/1681 1679/1679 2834/2834
f 2834/2834 1679/1679 2832/2832
f 1679/1679 1677/1677 2832/2832
f 2832/2832 1677/1677 2830/2830
f 1677/1677 2843/2843 2830/2830
f 2830/2830 2843/2843 2829/2829
f 2843/2843 2828/2828 2829/2829
f 2828/2828 2843/2843 2827/2827
f 2843/2843 1677/1677 2827/2827
f 2827/2827 1677/1677 1675/1675
f 2162/2162 2164/2164 2192/2192
f 2164/2164 2844/2844 2192/2192
f 2192/2192 2844/2844 2845/2845
f 2844/2844 2166/2166 2845/2845
f 2845/2845 2166/2166 2168/2168
f 2168/2168 2170/2170 2845/2845
f 2170/2170 2846/2846 2845/2845
f 2845/2845 2846/2846 2847/2847
f 2846/2846 2848/2848 2847/2847
f 2847/2847 2848/2848 2189/2189
f 2848/2848 2176/2176 2189/2189
f 2189/2189 2190/2190 2847/2847
f 2190/2190 2192/2192 2847/2847
f 2847/2847 2192/2192 2845/2845
f 2170/2170 2172/2172 2846/2846
f 2172/2172 2848/2848 2846/2846
f 2172/2172 2174/2174 2848/2848
f 2174/2174 2176/2176 2848/2848
f 1568/1568 2841/2841 1567/1567
f 2841/2841 2849/2849 1567/1567
f 1567/1567 2849/2849 1566/1566
f 2849/2849 1565/1565 1566/1566
f 2841/2841 2839/2839 2849/2849
f 2839/2839 2850/2850 2849/2849
f 2849/2849 2850/2850 2851/2851
f 2850/2850 2835/2835 2851/2851
f 2851/2851 2835/2835 2852/2852
f 2835/2835 2833/2833 2852/2852
f 2852/2852 2833/2833 2853/2853
f 2833/2833 2831/2831 2853/2853
f 2853/2853 2831/2831 2803/2803
f 2803/2803 2801/2801 2853/2853
f 2801/2801 2800/2800 2853/2853
f 2853/2853 2800/2800 2854/2854
f 2800/2800 2799/2799 2854/2854
f 2854/2854 2799/2799 2851/2851
f 2799/2799 2855/2855 2851/2851
f 2851/2851 2855/2855 2849/2849
f 2855/2855 1565/1565 2849/2849
f 1565/1565 2855/2855 1564/1564
f 2855/2855 2799/2799 1564/1564
f 2852/2852 2853/2853 2851/2851
f 2853/2853 2854/2854 2851/2851
f 637/637 635/635 681/681
f 635/635 634/634 681/681
f 2837/2837 2835/2835 2839/2839
f 2835/2835 2850/2850 2839/2839
f 2648/2648 2747/2747 2650/2650
f 2747/2747 2745/2745 2650/2650
f 2650/2650 2745/2745 2743/2743
f 2650/2650 2743/2743 2856/2856
f 2743/2743 2741/2741 2856/2856
f 2856/2856 2741/2741 2737/2737
f 2737/2737 2738/2738 2856/2856
f 2738/2738 2652/2652 2856/2856
f 2856/2856 2652/2652 2650/2650
f 749/749 751/751 789/789
f 751/751 303/303 789/789
f 1246/1246 1245/1245 2857/2857
f 1245/1245 1244/1244 2857/2857
f 2857/2857 1244/1244 2858/2858
f 1244/1244 2859/2859 2858/2858
f 1244/1244 2860/2860 2859/2859
f 2860/2860 2861/2861 2859/2859
f 2859/2859 2861/2861 2862/2862
f 2861/2861 2863/2863 2862/2862
f 2862/2862 2863/2863 2864/2864
f 2863/2863 2865/2865 2864/2864
f 2864/2864 2865/2865 2866/2866
f 2865/2865 79/79 2866/2866
f 1244/1244 1243/1243 2860/2860
f 1243/1243 1242/1242 2860/2860
f 2860/2860 1242/1242 2861/2861
f 1242/1242 2863/2863 2861/2861
f 1242/1242 2867/2867 2863/2863
f 2867/2867 2865/2865 2863/2863
f 1242/1242 1241/1241 2867/2867
f 1241/1241 1240/1240 2867/2867
f 2867/2867 1240/1240 2868/2868
f 1240/1240 1249/1249 2868/2868
f 2868/2868 1249/1249 2865/2865
f 1249/1249 80/80 2865/2865
f 2865/2865 80/80 79/79
f 80/80 1249/1249 82/82
f 1249/1249 1251/1251 82/82
f 82/82 1251/1251 84/84
f 141/141 143/143 199/199
f 143/143 145/145 199/199
f 433/433 482/482 431/431
f 482/482 430/430 431/431
f 293/293 893/893 295/295
f 893/893 297/297 295/295
f 893/893 891/891 297/297
f 891/891 860/860 297/297
f 891/891 889/889 860/860
f 889/889 858/858 860/860
f 2216/2216 2214/2214 2220/2220
f 2214/2214 2869/2869 2220/2220
f 2220/2220 2869/2869 2870/2870
f 2869/2869 2871/2871 2870/2870
f 2870/2870 2871/2871 2872/2872
f 2871/2871 2873/2873 2872/2872
f 2872/2872 2873/2873 2699/2699
f 2873/2873 2701/2701 2699/2699
f 2870/2870 2872/2872 2874/2874
f 2872/2872 2875/2875 2874/2874
f 2874/2874 2875/2875 2682/2682
f 2875/2875 2876/2876 2682/2682
f 2682/2682 2876/2876 2681/2681
f 2876/2876 2877/2877 2681/2681
f 2681/2681 2877/2877 2680/2680
f 2877/2877 2691/2691 2680/2680
f 2680/2680 2691/2691 2678/2678
f 2691/2691 2676/2676 2678/2678
f 2691/2691 2877/2877 2878/2878
f 2877/2877 2876/2876 2878/2878
f 2878/2878 2876/2876 2879/2879
f 2876/2876 2875/2875 2879/2879
f 2879/2879 2875/2875 2872/2872
f 2879/2879 2699/2699 2878/2878
f 2699/2699 2697/2697 2878/2878
f 2878/2878 2697/2697 2695/2695
f 2695/2695 2693/2693 2878/2878
f 2693/2693 2691/2691 2878/2878
f 2880/2880 2881/2881 2882/2882
f 2881/2881 2883/2883 2882/2882
f 2883/2883 2881/2881 1380/1380
f 2881/2881 1382/1382 1380/1380
f 1382/1382 2881/2881 1383/1383
f 2881/2881 2884/2884 1383/1383
f 1383/1383 2884/2884 1385/1385
f 2884/2884 2885/2885 1385/1385
f 1385/1385 2885/2885 2886/2886
f 2885/2885 2887/2887 2886/2886
f 2886/2886 2887/2887 2888/2888
f 2887/2887 2889/2889 2888/2888
f 2888/2888 2889/2889 2890/2890
f 2889/2889 2891/2891 2890/2890
f 2890/2890 2891/2891 2892/2892
f 2891/2891 2893/2893 2892/2892
f 2892/2892 2893/2893 2894/2894
f 2893/2893 2895/2895 2894/2894
f 2894/2894 2895/2895 2896/2896
f 2895/2895 2897/2897 2896/2896
f 2896/2896 2897/2897 2898/2898
f 2893/2893 2891/2891 2899/2899
f 2891/2891 2889/2889 2899/2899
f 2899/2899 2889/2889 2900/2900
f 2889/2889 2887/2887 2900/2900
f 2900/2900 2887/2887 2901/2901
f 2887/2887 2885/2885 2901/2901
f 2901/2901 2885/2885 2902/2902
f 2885/2885 2884/2884 2902/2902
f 2902/2902 2884/2884 2881/2881
f 2881/2881 2880/2880 2902/2902
f 2880/2880 2903/2903 2902/2902
f 2902/2902 2903/2903 2901/2901
f 2903/2903 2900/2900 2901/2901
f 2897/2897 2895/2895 2904/2904
f 2895/2895 2893/2893 2904/2904
f 2904/2904 2893/2893 2899/2899
f 2904/2904 2899/2899 2905/2905
f 2899/2899 2900/2900 2905/2905
f 2905/2905 2900/2900 2906/2906
f 2900/2900 2907/2907 2906/2906
f 2900/2900 2903/2903 2907/2907
f 2903/2903 2882/2882 2907/2907
f 2220/2220 2870/2870 2221/2221
f 2870/2870 2874/2874 2221/2221
f 2221/2221 2874/2874 2222/2222
f 2874/2874 2682/2682 2222/2222
f 2222/2222 2682/2682 2223/2223
f 2873/2873 2871/2871 2701/2701
f 2871/2871 2908/2908 2701/2701
f 2871/2871 2869/2869 2908/2908
f 2869/2869 2909/2909 2908/2908
f 2869/2869 2214/2214 2909/2909
f 2214/2214 2910/2910 2909/2909
f 5/5 2911/2911 3/3
f 2911/2911 2912/2912 3/3
f 86/86 1252/1252 88/88
f 1252/1252 90/90 88/88
f 655/655 653/653 699/699
f 653/653 652/652 699/699
f 855/855 857/857 886/886
f 857/857 858/858 886/886
f 137/137 139/139 196/196
f 139/139 141/141 196/196
f 354/354 421/421 355/355
f 421/421 357/357 355/355
f 980/980 1008/1008 939/939
f 1008/1008 1019/1019 939/939
f 939/939 1019/1019 1021/1021
f 85/85 1471/1471 83/83
f 1471/1471 81/81 83/83
f 2642/2642 2640/2640 2812/2812
f 2640/2640 1524/1524 2812/2812
f 2812/2812 1524/1524 2913/2913
f 1524/1524 1522/1522 2913/2913
f 2913/2913 1522/1522 2789/2789
f 96/96 94/94 1262/1262
f 94/94 92/92 1262/1262
f 1262/1262 92/92 1260/1260
f 92/92 1258/1258 1260/1260
f 1258/1258 92/92 1256/1256
f 92/92 90/90 1256/1256
f 1790/1790 1834/1834 1792/1792
f 1834/1834 1859/1859 1792/1792
f 1792/1792 1859/1859 1861/1861
f 1861/1861 1863/1863 1792/1792
f 1863/1863 1794/1794 1792/1792
f 1037/1037 2914/2914 1038/1038
f 2914/2914 1039/1039 1038/1038
f 1039/1039 2914/2914 1041/1041
f 2914/2914 1472/1472 1041/1041
f 538/538 575/575 537/537
f 575/575 535/535 537/537
f 360/360 415/415 361/361
f 415/415 363/363 361/361
f 150/150 148/148 1134/1134
f 148/148 2915/2915 1134/1134
f 1134/1134 2915/2915 1135/1135
f 2915/2915 2916/2916 1135/1135
f 1135/1135 2916/2916 1136/1136
f 2916/2916 1137/1137 1136/1136
f 148/148 146/146 2915/2915
f 146/146 2917/2917 2915/2915
f 2915/2915 2917/2917 2916/2916
f 2917/2917 2918/2918 2916/2916
f 2916/2916 2918/2918 1137/1137
f 2918/2918 2919/2919 1137/1137
f 1137/1137 2919/2919 1139/1139
f 2919/2919 2920/2920 1139/1139
f 1139/1139 2920/2920 2921/2921
f 2920/2920 2922/2922 2921/2921
f 2921/2921 2922/2922 2923/2923
f 2922/2922 2924/2924 2923/2923
f 2923/2923 2924/2924 1290/1290
f 2924/2924 1288/1288 1290/1290
f 146/146 144/144 2917/2917
f 144/144 142/142 2917/2917
f 2917/2917 142/142 2918/2918
f 142/142 2925/2925 2918/2918
f 2918/2918 2925/2925 2919/2919
f 2925/2925 2920/2920 2919/2919
f 2920/2920 2925/2925 2926/2926
f 2925/2925 142/142 2926/2926
f 2926/2926 142/142 140/140
f 2926/2926 138/138 2920/2920
f 138/138 2927/2927 2920/2920
f 2920/2920 2927/2927 2922/2922
f 2927/2927 2928/2928 2922/2922
f 2922/2922 2928/2928 2924/2924
f 2928/2928 2929/2929 2924/2924
f 2924/2924 2929/2929 1288/1288
f 2929/2929 2930/2930 1288/1288
f 1288/1288 2930/2930 1286/1286
f 2930/2930 128/128 1286/1286
f 1286/1286 128/128 2931/2931
f 128/128 126/126 2931/2931
f 2931/2931 126/126 124/124
f 128/128 2930/2930 2932/2932
f 2930/2930 2929/2929 2932/2932
f 2932/2932 2929/2929 132/132
f 2929/2929 2928/2928 132/132
f 132/132 2928/2928 2933/2933
f 2928/2928 2927/2927 2933/2933
f 2933/2933 2927/2927 138/138
f 138/138 136/136 2933/2933
f 136/136 134/134 2933/2933
f 2933/2933 134/134 132/132
f 1290/1290 1142/1142 2923/2923
f 1142/1142 1140/1140 2923/2923
f 2923/2923 1140/1140 1139/1139
f 128/128 2932/2932 130/130
f 2932/2932 132/132 130/130
f 1417/1417 1415/1415 1419/1419
f 1415/1415 2934/2934 1419/1419
f 1419/1419 2934/2934 2935/2935
f 2934/2934 2936/2936 2935/2935
f 2935/2935 2936/2936 2937/2937
f 2936/2936 2938/2938 2937/2937
f 2937/2937 2938/2938 2939/2939
f 2938/2938 2940/2940 2939/2939
f 2939/2939 2940/2940 2941/2941
f 2940/2940 2942/2942 2941/2941
f 2941/2941 2942/2942 2943/2943
f 2942/2942 2944/2944 2943/2943
f 2943/2943 2944/2944 2945/2945
f 2944/2944 2946/2946 2945/2945
f 2945/2945 2946/2946 2947/2947
f 2946/2946 2948/2948 2947/2947
f 2934/2934 2949/2949 2936/2936
f 2949/2949 2950/2950 2936/2936
f 2936/2936 2950/2950 2938/2938
f 2950/2950 2951/2951 2938/2938
f 2938/2938 2951/2951 2940/2940
f 2951/2951 2952/2952 2940/2940
f 2940/2940 2952/2952 2942/2942
f 2952/2952 2953/2953 2942/2942
f 2942/2942 2953/2953 2954/2954
f 2953/2953 2955/2955 2954/2954
f 2954/2954 2955/2955 2956/2956
f 2955/2955 2957/2957 2956/2956
f 2956/2956 2957/2957 2896/2896
f 2957/2957 2958/2958 2896/2896
f 2896/2896 2958/2958 2894/2894
f 2958/2958 2892/2892 2894/2894
f 2896/2896 2898/2898 2956/2956
f 2898/2898 2946/2946 2956/2956
f 2956/2956 2946/2946 2954/2954
f 2946/2946 2944/2944 2954/2954
f 2954/2954 2944/2944 2942/2942
f 2353/2353 2306/2306 2351/2351
f 2306/2306 2304/2304 2351/2351
f 2351/2351 2304/2304 2302/2302
f 2351/2351 2302/2302 2959/2959
f 2302/2302 2960/2960 2959/2959
f 2959/2959 2960/2960 2349/2349
f 2960/2960 2961/2961 2349/2349
f 2349/2349 2961/2961 2345/2345
f 2961/2961 2294/2294 2345/2345
f 2302/2302 2300/2300 2960/2960
f 2300/2300 2298/2298 2960/2960
f 2960/2960 2298/2298 2961/2961
f 2298/2298 2296/2296 2961/2961
f 2961/2961 2296/2296 2294/2294
f 2934/2934 1415/1415 2949/2949
f 1415/1415 1413/1413 2949/2949
f 2949/2949 1413/1413 2962/2962
f 1413/1413 1411/1411 2962/2962
f 2962/2962 1411/1411 2963/2963
f 1411/1411 2964/2964 2963/2963
f 2963/2963 2964/2964 2965/2965
f 2964/2964 2966/2966 2965/2965
f 2965/2965 2966/2966 2967/2967
f 2966/2966 2968/2968 2967/2967
f 2967/2967 2968/2968 2969/2969
f 2968/2968 2970/2970 2969/2969
f 2969/2969 2970/2970 2971/2971
f 2970/2970 2972/2972 2971/2971
f 2971/2971 2972/2972 2973/2973
f 2972/2972 2974/2974 2973/2973
f 2973/2973 2974/2974 2975/2975
f 2974/2974 1395/1395 2975/2975
f 2975/2975 1395/1395 1393/1393
f 2973/2973 2892/2892 2971/2971
f 2892/2892 2958/2958 2971/2971
f 2971/2971 2958/2958 2969/2969
f 2958/2958 2957/2957 2969/2969
f 2969/2969 2957/2957 2967/2967
f 2957/2957 2976/2976 2967/2967
f 2967/2967 2976/2976 2965/2965
f 2976/2976 2977/2977 2965/2965
f 2965/2965 2977/2977 2978/2978
f 2977/2977 2953/2953 2978/2978
f 2978/2978 2953/2953 2952/2952
f 2952/2952 2951/2951 2978/2978
f 2951/2951 2979/2979 2978/2978
f 2978/2978 2979/2979 2965/2965
f 2979/2979 2963/2963 2965/2965
f 2963/2963 2979/2979 2962/2962
f 2979/2979 2950/2950 2962/2962
f 2962/2962 2950/2950 2949/2949
f 1265/1265 1266/1266 1220/1220
f 1266/1266 1223/1223 1220/1220
f 2892/2892 2973/2973 2890/2890
f 2973/2973 2888/2888 2890/2890
f 2973/2973 2980/2980 2888/2888
f 2980/2980 2886/2886 2888/2888
f 2973/2973 2981/2981 2980/2980
f 2981/2981 1387/1387 2980/2980
f 2980/2980 1387/1387 2982/2982
f 1387/1387 1385/1385 2982/2982
f 2982/2982 1385/1385 2886/2886
f 2973/2973 2975/2975 2981/2981
f 2975/2975 1393/1393 2981/2981
f 2981/2981 1393/1393 1391/1391
f 2981/2981 1391/1391 1387/1387
f 1391/1391 1389/1389 1387/1387
f 2976/2976 2957/2957 2977/2977
f 2957/2957 2955/2955 2977/2977
f 2977/2977 2955/2955 2953/2953
f 1386/1386 1388/1388 1384/1384
f 1388/1388 2983/2983 1384/1384
f 1384/1384 2983/2983 2984/2984
f 2983/2983 2985/2985 2984/2984
f 2984/2984 2985/2985 2986/2986
f 2985/2985 2987/2987 2986/2986
f 2986/2986 2987/2987 2988/2988
f 2987/2987 2989/2989 2988/2988
f 2988/2988 2989/2989 2990/2990
f 2989/2989 2991/2991 2990/2990
f 2990/2990 2991/2991 2992/2992
f 2991/2991 2993/2993 2992/2992
f 2992/2992 2993/2993 2994/2994
f 2993/2993 2995/2995 2994/2994
f 2994/2994 2995/2995 2996/2996
f 2995/2995 2997/2997 2996/2996
f 2996/2996 2997/2997 2998/2998
f 2997/2997 2999/2999 2998/2998
f 2998/2998 2999/2999 3000/3000
f 2999/2999 3001/3001 3000/3000
f 3000/3000 3001/3001 3002/3002
f 3001/3001 3003/3003 3002/3002
f 3002/3002 3003/3003 3004/3004
f 3003/3003 3005/3005 3004/3004
f 3004/3004 3005/3005 3006/3006
f 3005/3005 3007/3007 3006/3006
f 3006/3006 3007/3007 3008/3008
f 3007/3007 3009/3009 3008/3008
f 3008/3008 3009/3009 3010/3010
f 3009/3009 3011/3011 3010/3010
f 3010/3010 3011/3011 3012/3012
f 3011/3011 3013/3013 3012/3012
f 3012/3012 3013/3013 3014/3014
f 3013/3013 3015/3015 3014/3014
f 3014/3014 3015/3015 3016/3016
f 3015/3015 3017/3017 3016/3016
f 3016/3016 3017/3017 3018/3018
f 3017/3017 3019/3019 3018/3018
f 3018/3018 3019/3019 3020/3020
f 3019/3019 3021/3021 3020/3020
f 3020/3020 3021/3021 3022/3022
f 3021/3021 3023/3023 3022/3022
f 3022/3022 3023/3023 2385/2385
f 3023/3023 2386/2386 2385/2385
f 3004/3004 3024/3024 3002/3002
f 3024/3024 3025/3025 3002/3002
f 3002/3002 3025/3025 3000/3000
f 3025/3025 3026/3026 3000/3000
f 3000/3000 3026/3026 2998/2998
f 3026/3026 3027/3027 2998/2998
f 2998/2998 3027/3027 2996/2996
f 3027/3027 3028/3028 2996/2996
f 2996/2996 3028/3028 2994/2994
f 3028/3028 3029/3029 2994/2994
f 2994/2994 3029/3029 2992/2992
f 3029/3029 3030/3030 2992/2992
f 2992/2992 3030/3030 2990/2990
f 3030/3030 3031/3031 2990/2990
f 2990/2990 3031/3031 2988/2988
f 3031/3031 3032/3032 2988/2988
f 2988/2988 3032/3032 2984/2984
f 3032/3032 3033/3033 2984/2984
f 2984/2984 3033/3033 3034/3034
f 3033/3033 3032/3032 3035/3035
f 3032/3032 3031/3031 3035/3035
f 3035/3035 3031/3031 3036/3036
f 3031/3031 3030/3030 3036/3036
f 3036/3036 3030/3030 3037/3037
f 3030/3030 3029/3029 3037/3037
f 3037/3037 3029/3029 3038/3038
f 3029/3029 3028/3028 3038/3038
f 3038/3038 3028/3028 3039/3039
f 3028/3028 3027/3027 3039/3039
f 3039/3039 3027/3027 3040/3040
f 3027/3027 3026/3026 3040/3040
f 3040/3040 3026/3026 3041/3041
f 3026/3026 3025/3025 3041/3041
f 3041/3041 3025/3025 3042/3042
f 3025/3025 3024/3024 3042/3042
f 3042/3042 3024/3024 3043/3043
f 3024/3024 3004/3004 3043/3043
f 3043/3043 3004/3004 3044/3044
f 3004/3004 3006/3006 3044/3044
f 3044/3044 3006/3006 3045/3045
f 3006/3006 3046/3046 3045/3045
f 3045/3045 3046/3046 3047/3047
f 3046/3046 3010/3010 3047/3047
f 3047/3047 3010/3010 3048/3048
f 3010/3010 3012/3012 3048/3048
f 3048/3048 3012/3012 3014/3014
f 3047/3047 3049/3049 3045/3045
f 3049/3049 3050/3050 3045/3045
f 3045/3045 3050/3050 3051/3051
f 3050/3050 3052/3052 3051/3051
f 3051/3051 3052/3052 3043/3043
f 3052/3052 3053/3053 3043/3043
f 3043/3043 3053/3053 3042/3042
f 3053/3053 3054/3054 3042/3042
f 3042/3042 3054/3054 3041/3041
f 3054/3054 3055/3055 3041/3041
f 3041/3041 3055/3055 3040/3040
f 3055/3055 3056/3056 3040/3040
f 3040/3040 3056/3056 3039/3039
f 3056/3056 3057/3057 3039/3039
f 3039/3039 3057/3057 3038/3038
f 3057/3057 3058/3058 3038/3038
f 3038/3038 3058/3058 3037/3037
f 3058/3058 3059/3059 3037/3037
f 3037/3037 3059/3059 3036/3036
f 3059/3059 3060/3060 3036/3036
f 3036/3036 3060/3060 3035/3035
f 3060/3060 3061/3061 3035/3035
f 3035/3035 3061/3061 3033/3033
f 3051/3051 3043/3043 3045/3045
f 3043/3043 3044/3044 3045/3045
f 1812/1812 1810/1810 1881/1881
f 1810/1810 1879/1879 1881/1881
f 1879/1879 1810/1810 1877/1877
f 1810/1810 1875/1875 1877/1877
f 1810/1810 1808/1808 1875/1875
f 1808/1808 1806/1806 1875/1875
f 1875/1875 1806/1806 1805/1805
f 3034/3034 1379/1379 2984/2984
f 1379/1379 1381/1381 2984/2984
f 2984/2984 1381/1381 1384/1384
f 2983/2983 1388/1388 2985/2985
f 1388/1388 3062/3062 2985/2985
f 2985/2985 3062/3062 3063/3063
f 3062/3062 3064/3064 3063/3063
f 3063/3063 3064/3064 3065/3065
f 3064/3064 3066/3066 3065/3065
f 3065/3065 3066/3066 2991/2991
f 3066/3066 3067/3067 2991/2991
f 2991/2991 3067/3067 3068/3068
f 3067/3067 3069/3069 3068/3068
f 3068/3068 3069/3069 2995/2995
f 3069/3069 3070/3070 2995/2995
f 2995/2995 3070/3070 3071/3071
f 3070/3070 3072/3072 3071/3071
f 3071/3071 3072/3072 2999/2999
f 3072/3072 3073/3073 2999/2999
f 2999/2999 3073/3073 3074/3074
f 3073/3073 3075/3075 3074/3074
f 3074/3074 3075/3075 3003/3003
f 3075/3075 3076/3076 3003/3003
f 3003/3003 3076/3076 3007/3007
f 3076/3076 3077/3077 3007/3007
f 3007/3007 3077/3077 3009/3009
f 3077/3077 3078/3078 3009/3009
f 3009/3009 3078/3078 3079/3079
f 3078/3078 3080/3080 3079/3079
f 3079/3079 3080/3080 3081/3081
f 3080/3080 3082/3082 3081/3081
f 3081/3081 3082/3082 3083/3083
f 3082/3082 3084/3084 3083/3083
f 3083/3083 3084/3084 3085/3085
f 3084/3084 3086/3086 3085/3085
f 3085/3085 3086/3086 3087/3087
f 3086/3086 1978/1978 3087/3087
f 3087/3087 1978/1978 3088/3088
f 1978/1978 1976/1976 3088/3088
f 3088/3088 1976/1976 1974/1974
f 1388/1388 1390/1390 3062/3062
f 1390/1390 3089/3089 3062/3062
f 3062/3062 3089/3089 3064/3064
f 3089/3089 3090/3090 3064/3064
f 3064/3064 3090/3090 3066/3066
f 3090/3090 3091/3091 3066/3066
f 3066/3066 3091/3091 3067/3067
f 3091/3091 3069/3069 3067/3067
f 1390/1390 1392/1392 3089/3089
f 1392/1392 3092/3092 3089/3089
f 3089/3089 3092/3092 3090/3090
f 3092/3092 3093/3093 3090/3090
f 3090/3090 3093/3093 3091/3091
f 3093/3093 3094/3094 3091/3091
f 3091/3091 3094/3094 3069/3069
f 3094/3094 3095/3095 3069/3069
f 3069/3069 3095/3095 3096/3096
f 3095/3095 3097/3097 3096/3096
f 3096/3096 3097/3097 3072/3072
f 3097/3097 3098/3098 3072/3072
f 3072/3072 3098/3098 3099/3099
f 3098/3098 3100/3100 3099/3099
f 3099/3099 3100/3100 3075/3075
f 3100/3100 3101/3101 3075/3075
f 3075/3075 3101/3101 3102/3102
f 3101/3101 3103/3103 3102/3102
f 3102/3102 3103/3103 3078/3078
f 3103/3103 3104/3104 3078/3078
f 3078/3078 3104/3104 3105/3105
f 3104/3104 3106/3106 3105/3105
f 3105/3105 3106/3106 3082/3082
f 3106/3106 3107/3107 3082/3082
f 3082/3082 3107/3107 3108/3108
f 3107/3107 3109/3109 3108/3108
f 3108/3108 3109/3109 3086/3086
f 3109/3109 3110/3110 3086/3086
f 3086/3086 3110/3110 3111/3111
f 3110/3110 1980/1980 3111/3111
f 3111/3111 1980/1980 1978/1978
f 3110/3110 3109/3109 3112/3112
f 3109/3109 3107/3107 3112/3112
f 3112/3112 3107/3107 3113/3113
f 3107/3107 3114/3114 3113/3113
f 3113/3113 3114/3114 3115/3115
f 3114/3114 3116/3116 3115/3115
f 3115/3115 3116/3116 3117/3117
f 3116/3116 3118/3118 3117/3117
f 3117/3117 3118/3118 3119/3119
f 3118/3118 3120/3120 3119/3119
f 3119/3119 3120/3120 3121/3121
f 3120/3120 3122/3122 3121/3121
f 3121/3121 3122/3122 3123/3123
f 3122/3122 3124/3124 3123/3123
f 3123/3123 3124/3124 3125/3125
f 3124/3124 3097/3097 3125/3125
f 3125/3125 3097/3097 3126/3126
f 3097/3097 3095/3095 3126/3126
f 3126/3126 3095/3095 3094/3094
f 3097/3097 3124/3124 3127/3127
f 3124/3124 3122/3122 3127/3127
f 3127/3127 3122/3122 3100/3100
f 3122/3122 3128/3128 3100/3100
f 3100/3100 3128/3128 3129/3129
f 3128/3128 3130/3130 3129/3129
f 3129/3129 3130/3130 3104/3104
f 3130/3130 3116/3116 3104/3104
f 3104/3104 3116/3116 3131/3131
f 3116/3116 3114/3114 3131/3131
f 3131/3131 3114/3114 3107/3107
f 3104/3104 3103/3103 3129/3129
f 3103/3103 3101/3101 3129/3129
f 3129/3129 3101/3101 3100/3100
f 3087/3087 3088/3088 3085/3085
f 3088/3088 3132/3132 3085/3085
f 3085/3085 3132/3132 3133/3133
f 3132/3132 3134/3134 3133/3133
f 3133/3133 3134/3134 3135/3135
f 3134/3134 3017/3017 3135/3135
f 3135/3135 3017/3017 3015/3015
f 3088/3088 1974/1974 3132/3132
f 1974/1974 3136/3136 3132/3132
f 3132/3132 3136/3136 3134/3134
f 3136/3136 3021/3021 3134/3134
f 3134/3134 3021/3021 3017/3017
f 3021/3021 3019/3019 3017/3017
f 3021/3021 3136/3136 3137/3137
f 3136/3136 1974/1974 3137/3137
f 3137/3137 1974/1974 2388/2388
f 2388/2388 2387/2387 3137/3137
f 2387/2387 3023/3023 3137/3137
f 3137/3137 3023/3023 3021/3021
f 3072/3072 3099/3099 3073/3073
f 3099/3099 3075/3075 3073/3073
f 3100/3100 3098/3098 3127/3127
f 3098/3098 3097/3097 3127/3127
f 3075/3075 3102/3102 3076/3076
f 3102/3102 3077/3077 3076/3076
f 3082/3082 3080/3080 3105/3105
f 3080/3080 3078/3078 3105/3105
f 2999/2999 3074/3074 3001/3001
f 3074/3074 3003/3003 3001/3001
f 3072/3072 3070/3070 3096/3096
f 3070/3070 3069/3069 3096/3096
f 3082/3082 3108/3108 3084/3084
f 3108/3108 3086/3086 3084/3084
f 2995/2995 3071/3071 2997/2997
f 3071/3071 2999/2999 2997/2997
f 2991/2991 3068/3068 2993/2993
f 3068/3068 2995/2995 2993/2993
f 3104/3104 3131/3131 3106/3106
f 3131/3131 3107/3107 3106/3106
f 2385/2385 2383/2383 3022/3022
f 2383/2383 3020/3020 3022/3022
f 2383/2383 3138/3138 3020/3020
f 3138/3138 3018/3018 3020/3020
f 2383/2383 3139/3139 3138/3138
f 3139/3139 3140/3140 3138/3138
f 3138/3138 3140/3140 3018/3018
f 3140/3140 3141/3141 3018/3018
f 3018/3018 3141/3141 3142/3142
f 3141/3141 3143/3143 3142/3142
f 3142/3142 3143/3143 3014/3014
f 3143/3143 3144/3144 3014/3014
f 3014/3014 3144/3144 3048/3048
f 3144/3144 3047/3047 3048/3048
f 3139/3139 3145/3145 3140/3140
f 3145/3145 3146/3146 3140/3140
f 3140/3140 3146/3146 3141/3141
f 3146/3146 3147/3147 3141/3141
f 3141/3141 3147/3147 3143/3143
f 3147/3147 3148/3148 3143/3143
f 3143/3143 3148/3148 3144/3144
f 3148/3148 3149/3149 3144/3144
f 3144/3144 3149/3149 3047/3047
f 3149/3149 3049/3049 3047/3047
f 3145/3145 3150/3150 3146/3146
f 3150/3150 3151/3151 3146/3146
f 3146/3146 3151/3151 3147/3147
f 3151/3151 3152/3152 3147/3147
f 3147/3147 3152/3152 3148/3148
f 3152/3152 3153/3153 3148/3148
f 3148/3148 3153/3153 3149/3149
f 3153/3153 3154/3154 3149/3149
f 3149/3149 3154/3154 3049/3049
f 3154/3154 3050/3050 3049/3049
f 3150/3150 3155/3155 3151/3151
f 3155/3155 3156/3156 3151/3151
f 3151/3151 3156/3156 3152/3152
f 3156/3156 3157/3157 3152/3152
f 3152/3152 3157/3157 3153/3153
f 3157/3157 3158/3158 3153/3153
f 3153/3153 3158/3158 3154/3154
f 3158/3158 3159/3159 3154/3154
f 3154/3154 3159/3159 3050/3050
f 3159/3159 3160/3160 3050/3050
f 3050/3050 3160/3160 3052/3052
f 3160/3160 3161/3161 3052/3052
f 3052/3052 3161/3161 3162/3162
f 3161/3161 3163/3163 3162/3162
f 3162/3162 3163/3163 3164/3164
f 3163/3163 3165/3165 3164/3164
f 3164/3164 3165/3165 3166/3166
f 3165/3165 3167/3167 3166/3166
f 3166/3166 3167/3167 3168/3168
f 3161/3161 3160/3160 3169/3169
f 3160/3160 3159/3159 3169/3169
f 3169/3169 3159/3159 3170/3170
f 3159/3159 3158/3158 3170/3170
f 3170/3170 3158/3158 3171/3171
f 3158/3158 3157/3157 3171/3171
f 3171/3171 3157/3157 3172/3172
f 3157/3157 3156/3156 3172/3172
f 3172/3172 3156/3156 3173/3173
f 3156/3156 3155/3155 3173/3173
f 3173/3173 3155/3155 3174/3174
f 3155/3155 3175/3175 3174/3174
f 3174/3174 3175/3175 3176/3176
f 3175/3175 3177/3177 3176/3176
f 3176/3176 3177/3177 2374/2374
f 3177/3177 3178/3178 2374/2374
f 2374/2374 3178/3178 2376/2376
f 3178/3178 2377/2377 2376/2376
f 3155/3155 3150/3150 3175/3175
f 3150/3150 3179/3179 3175/3175
f 3175/3175 3179/3179 3177/3177
f 3179/3179 3178/3178 3177/3177
f 3150/3150 3145/3145 3179/3179
f 3145/3145 3180/3180 3179/3179
f 3179/3179 3180/3180 3178/3178
f 3180/3180 2381/2381 3178/3178
f 3178/3178 2381/2381 2379/2379
f 3145/3145 3139/3139 3180/3180
f 3139/3139 2381/2381 3180/3180
f 3015/3015 3013/3013 3135/3135
f 3013/3013 3181/3181 3135/3135
f 3135/3135 3181/3181 3133/3133
f 3181/3181 3182/3182 3133/3133
f 3133/3133 3182/3182 3085/3085
f 3182/3182 3083/3083 3085/3085
f 3182/3182 3181/3181 3081/3081
f 3181/3181 3013/3013 3081/3081
f 3081/3081 3013/3013 3183/3183
f 3013/3013 3011/3011 3183/3183
f 3183/3183 3011/3011 3009/3009
f 3009/3009 3079/3079 3183/3183
f 3079/3079 3081/3081 3183/3183
f 3018/3018 3142/3142 3016/3016
f 3142/3142 3014/3014 3016/3016
f 3008/3008 3010/3010 3006/3006
f 3010/3010 3046/3046 3006/3006
f 3060/3060 3059/3059 3184/3184
f 3059/3059 3058/3058 3184/3184
f 3184/3184 3058/3058 3185/3185
f 3058/3058 3186/3186 3185/3185
f 3186/3186 3058/3058 3187/3187
f 3058/3058 3057/3057 3187/3187
f 3187/3187 3057/3057 3056/3056
f 3186/3186 3187/3187 3188/3188
f 3187/3187 3056/3056 3188/3188
f 3188/3188 3056/3056 3189/3189
f 3056/3056 3190/3190 3189/3189
f 3189/3189 3190/3190 3191/3191
f 3190/3190 3054/3054 3191/3191
f 3191/3191 3054/3054 3164/3164
f 3054/3054 3192/3192 3164/3164
f 3164/3164 3192/3192 3162/3162
f 3192/3192 3052/3052 3162/3162
f 3056/3056 3055/3055 3190/3190
f 3055/3055 3054/3054 3190/3190
f 3168/3168 3193/3193 3166/3166
f 3193/3193 3194/3194 3166/3166
f 3166/3166 3194/3194 3164/3164
f 3194/3194 3191/3191 3164/3164
f 3191/3191 3194/3194 3189/3189
f 3194/3194 3193/3193 3189/3189
f 3189/3189 3193/3193 3195/3195
f 3195/3195 3196/3196 3189/3189
f 3196/3196 3188/3188 3189/3189
f 3054/3054 3053/3053 3192/3192
f 3053/3053 3052/3052 3192/3192
f 1812/1812 1884/1884 1814/1814
f 1884/1884 1815/1815 1814/1814
f 1815/1815 1884/1884 1817/1817
f 1884/1884 1819/1819 1817/1817
f 1884/1884 1886/1886 1819/1819
f 1886/1886 1888/1888 1819/1819
f 1819/1819 1888/1888 1890/1890
f 1821/1821 1893/1893 1823/1823
f 1893/1893 1824/1824 1823/1823
f 1824/1824 1893/1893 1826/1826
f 1893/1893 1828/1828 1826/1826
f 1893/1893 1895/1895 1828/1828
f 1895/1895 1897/1897 1828/1828
f 1828/1828 1897/1897 1899/1899
f 2985/2985 3063/3063 2987/2987
f 3063/3063 3065/3065 2987/2987
f 2987/2987 3065/3065 2989/2989
f 3065/3065 2991/2991 2989/2989
f 977/977 1005/1005 978/978
f 1005/1005 979/979 978/978
f 1438/1438 1833/1833 1436/1436
f 1833/1833 1832/1832 1436/1436
f 1436/1436 1832/1832 1830/1830
f 1430/1430 1988/1988 1428/1428
f 1988/1988 1986/1986 1428/1428
f 1428/1428 1986/1986 3197/3197
f 1986/1986 3198/3198 3197/3197
f 3197/3197 3198/3198 1466/1466
f 3198/3198 3199/3199 1466/1466
f 1466/1466 3199/3199 1465/1465
f 3199/3199 3200/3200 1465/1465
f 1465/1465 3200/3200 1464/1464
f 3200/3200 1463/1463 1464/1464
f 3199/3199 3201/3201 3200/3200
f 3201/3201 3202/3202 3200/3200
f 3200/3200 3202/3202 1463/1463
f 3202/3202 3203/3203 1463/1463
f 1463/1463 3203/3203 1461/1461
f 3203/3203 3204/3204 1461/1461
f 1461/1461 3204/3204 3205/3205
f 3204/3204 3206/3206 3205/3205
f 3205/3205 3206/3206 3207/3207
f 3206/3206 3208/3208 3207/3207
f 3207/3207 3208/3208 1457/1457
f 3208/3208 3209/3209 1457/1457
f 1457/1457 3209/3209 3210/3210
f 3209/3209 3211/3211 3210/3210
f 3210/3210 3211/3211 3212/3212
f 3211/3211 3121/3121 3212/3212
f 3212/3212 3121/3121 3213/3213
f 3121/3121 3123/3123 3213/3213
f 3213/3213 3123/3123 3214/3214
f 3123/3123 3125/3125 3214/3214
f 3214/3214 3125/3125 3215/3215
f 3125/3125 3126/3126 3215/3215
f 3215/3215 3126/3126 3216/3216
f 3126/3126 3094/3094 3216/3216
f 3216/3216 3094/3094 3093/3093
f 3121/3121 3211/3211 3119/3119
f 3211/3211 3217/3217 3119/3119
f 3119/3119 3217/3217 3117/3117
f 3217/3217 3206/3206 3117/3117
f 3117/3117 3206/3206 3218/3218
f 3206/3206 3204/3204 3218/3218
f 3218/3218 3204/3204 3219/3219
f 3204/3204 3220/3220 3219/3219
f 3219/3219 3220/3220 3221/3221
f 3220/3220 3222/3222 3221/3221
f 3221/3221 3222/3222 3223/3223
f 3222/3222 3224/3224 3223/3223
f 3223/3223 3224/3224 3110/3110
f 3224/3224 3225/3225 3110/3110
f 3110/3110 3225/3225 1980/1980
f 3225/3225 3226/3226 1980/1980
f 1980/1980 3226/3226 1982/1982
f 3226/3226 1984/1984 1982/1982
f 3223/3223 3112/3112 3221/3221
f 3112/3112 3113/3113 3221/3221
f 3221/3221 3113/3113 3219/3219
f 3113/3113 3115/3115 3219/3219
f 3219/3219 3115/3115 3117/3117
f 2655/2655 2670/2670 2653/2653
f 2670/2670 3227/3227 2653/2653
f 2653/2653 3227/3227 2651/2651
f 3227/3227 2649/2649 2651/2651
f 2649/2649 3227/3227 2647/2647
f 3227/3227 2670/2670 2647/2647
f 3199/3199 3198/3198 3201/3201
f 3198/3198 3228/3228 3201/3201
f 3201/3201 3228/3228 3222/3222
f 3228/3228 3224/3224 3222/3222
f 3224/3224 3228/3228 3226/3226
f 3228/3228 3198/3198 3226/3226
f 3226/3226 3198/3198 3229/3229
f 3198/3198 1986/1986 3229/3229
f 3229/3229 1986/1986 1984/1984
f 1457/1457 1458/1458 3207/3207
f 1458/1458 1460/1460 3207/3207
f 3207/3207 1460/1460 1461/1461
f 3211/3211 3209/3209 3217/3217
f 3209/3209 3206/3206 3217/3217
f 1973/1973 1975/1975 1993/1993
f 1975/1975 1977/1977 1993/1993
f 1993/1993 1977/1977 3230/3230
f 1977/1977 1979/1979 3230/3230
f 3230/3230 1979/1979 1981/1981
f 1981/1981 1983/1983 3230/3230
f 1983/1983 1998/1998 3230/3230
f 3230/3230 1998/1998 1996/1996
f 1996/1996 1995/1995 3230/3230
f 1995/1995 1993/1993 3230/3230
f 3201/3201 3222/3222 3202/3202
f 3222/3222 3231/3231 3202/3202
f 3202/3202 3231/3231 3203/3203
f 3231/3231 3204/3204 3203/3203
f 3204/3204 3231/3231 3220/3220
f 3231/3231 3222/3222 3220/3220
f 1963/1963 1961/1961 2309/2309
f 1961/1961 3232/3232 2309/2309
f 2309/2309 3232/3232 2392/2392
f 3232/3232 3233/3233 2392/2392
f 2392/2392 3233/3233 2393/2393
f 3233/3233 2394/2394 2393/2393
f 1961/1961 1959/1959 3232/3232
f 1959/1959 3233/3233 3232/3232
f 3233/3233 1959/1959 3234/3234
f 1959/1959 1957/1957 3234/3234
f 3234/3234 1957/1957 2394/2394
f 1603/1603 2025/2025 1605/1605
f 2025/2025 2027/2027 1605/1605
f 1605/1605 2027/2027 2029/2029
f 2029/2029 2031/2031 1605/1605
f 2031/2031 1607/1607 1605/1605
f 1607/1607 2031/2031 1609/1609
f 2031/2031 1611/1611 1609/1609
f 1457/1457 3210/3210 1455/1455
f 3210/3210 1454/1454 1455/1455
f 3210/3210 3212/3212 1454/1454
f 3212/3212 1452/1452 1454/1454
f 3212/3212 3213/3213 1452/1452
f 3213/3213 1450/1450 1452/1452
f 3213/3213 3214/3214 1450/1450
f 3214/3214 3215/3215 1450/1450
f 1450/1450 3215/3215 1448/1448
f 3215/3215 3216/3216 1448/1448
f 1448/1448 3216/3216 3235/3235
f 3216/3216 3093/3093 3235/3235
f 3235/3235 3093/3093 3092/3092
f 1448/1448 3235/3235 1447/1447
f 3235/3235 3236/3236 1447/1447
f 1447/1447 3236/3236 1394/1394
f 3236/3236 1392/1392 1394/1394
f 1392/1392 3236/3236 3092/3092
f 3236/3236 3235/3235 3092/3092
f 2314/2314 3237/3237 2316/2316
f 3237/3237 3238/3238 2316/2316
f 2316/2316 3238/3238 3239/3239
f 3238/3238 3240/3240 3239/3239
f 3239/3239 3240/3240 3241/3241
f 3240/3240 3242/3242 3241/3241
f 3241/3241 3242/3242 3243/3243
f 3242/3242 3244/3244 3243/3243
f 3243/3243 3244/3244 3245/3245
f 3244/3244 3246/3246 3245/3245
f 3245/3245 3246/3246 2356/2356
f 3246/3246 2357/2357 2356/2356
f 2316/2316 3239/3239 3247/3247
f 3239/3239 3241/3241 3247/3247
f 3247/3247 3241/3241 3248/3248
f 3241/3241 3243/3243 3248/3248
f 3248/3248 3243/3243 3245/3245
f 3247/3247 3248/3248 2322/2322
f 3248/3248 3245/3245 2322/2322
f 2322/2322 3245/3245 2356/2356
f 2322/2322 2320/2320 3247/3247
f 2320/2320 2319/2319 3247/3247
f 3247/3247 2319/2319 2318/2318
f 606/606 651/651 607/607
f 651/651 609/609 607/607
f 3242/3242 3249/3249 3244/3244
f 3249/3249 3250/3250 3244/3244
f 3244/3244 3250/3250 3251/3251
f 3250/3250 3252/3252 3251/3251
f 3251/3251 3252/3252 3253/3253
f 3252/3252 3254/3254 3253/3253
f 3253/3253 3254/3254 3255/3255
f 3254/3254 3256/3256 3255/3255
f 3255/3255 3256/3256 2361/2361
f 3256/3256 3257/3257 2361/2361
f 2361/2361 3257/3257 2363/2363
f 3257/3257 3258/3258 2363/2363
f 2363/2363 3258/3258 2365/2365
f 3258/3258 3259/3259 2365/2365
f 2365/2365 3259/3259 3260/3260
f 3259/3259 3261/3261 3260/3260
f 3260/3260 3261/3261 3262/3262
f 3261/3261 3263/3263 3262/3262
f 3262/3262 3263/3263 2372/2372
f 3263/3263 3264/3264 2372/2372
f 2372/2372 3264/3264 2374/2374
f 3264/3264 3176/3176 2374/2374
f 3264/3264 3263/3263 3265/3265
f 3263/3263 3266/3266 3265/3265
f 3265/3265 3266/3266 3174/3174
f 3266/3266 3267/3267 3174/3174
f 3174/3174 3267/3267 3268/3268
f 3267/3267 3269/3269 3268/3268
f 3268/3268 3269/3269 3172/3172
f 3269/3269 3270/3270 3172/3172
f 3172/3172 3270/3270 3271/3271
f 3270/3270 3272/3272 3271/3271
f 3271/3271 3272/3272 3170/3170
f 3272/3272 3273/3273 3170/3170
f 3170/3170 3273/3273 3274/3274
f 3273/3273 3275/3275 3274/3274
f 3274/3274 3275/3275 3161/3161
f 3275/3275 3276/3276 3161/3161
f 3161/3161 3276/3276 3163/3163
f 3276/3276 3277/3277 3163/3163
f 3163/3163 3277/3277 3165/3165
f 3277/3277 3167/3167 3165/3165
f 3266/3266 3263/3263 3278/3278
f 3263/3263 3261/3261 3278/3278
f 3278/3278 3261/3261 3279/3279
f 3261/3261 3280/3280 3279/3279
f 3279/3279 3280/3280 3281/3281
f 3280/3280 3258/3258 3281/3281
f 3281/3281 3258/3258 3282/3282
f 3258/3258 3257/3257 3282/3282
f 3282/3282 3257/3257 3283/3283
f 3257/3257 3256/3256 3283/3283
f 3283/3283 3256/3256 3254/3254
f 3278/3278 3279/3279 3266/3266
f 3279/3279 3284/3284 3266/3266
f 3266/3266 3284/3284 3285/3285
f 3284/3284 3286/3286 3285/3285
f 3285/3285 3286/3286 3269/3269
f 3286/3286 3287/3287 3269/3269
f 3269/3269 3287/3287 3288/3288
f 3287/3287 3289/3289 3288/3288
f 3288/3288 3289/3289 3272/3272
f 3289/3289 3290/3290 3272/3272
f 3272/3272 3290/3290 3291/3291
f 3290/3290 3292/3292 3291/3291
f 3291/3291 3292/3292 3275/3275
f 3292/3292 3293/3293 3275/3275
f 3275/3275 3293/3293 3277/3277
f 3293/3293 3294/3294 3277/3277
f 3277/3277 3294/3294 3295/3295
f 3279/3279 3296/3296 3284/3284
f 3296/3296 3297/3297 3284/3284
f 3284/3284 3297/3297 3286/3286
f 3297/3297 3298/3298 3286/3286
f 3286/3286 3298/3298 3287/3287
f 3298/3298 3299/3299 3287/3287
f 3287/3287 3299/3299 3289/3289
f 3299/3299 3300/3300 3289/3289
f 3289/3289 3300/3300 3290/3290
f 3300/3300 3301/3301 3290/3290
f 3290/3290 3301/3301 3292/3292
f 3301/3301 3302/3302 3292/3292
f 3292/3292 3302/3302 3294/3294
f 3279/3279 3281/3281 3296/3296
f 3281/3281 3303/3303 3296/3296
f 3296/3296 3303/3303 3297/3297
f 3303/3303 3304/3304 3297/3297
f 3297/3297 3304/3304 3298/3298
f 3304/3304 3305/3305 3298/3298
f 3298/3298 3305/3305 3299/3299
f 3305/3305 3306/3306 3299/3299
f 3299/3299 3306/3306 3300/3300
f 3306/3306 3307/3307 3300/3300
f 3300/3300 3307/3307 3301/3301
f 3307/3307 3308/3308 3301/3301
f 3301/3301 3308/3308 3302/3302
f 3281/3281 3309/3309 3303/3303
f 3309/3309 3310/3310 3303/3303
f 3303/3303 3310/3310 3304/3304
f 3310/3310 3311/3311 3304/3304
f 3304/3304 3311/3311 3305/3305
f 3311/3311 3312/3312 3305/3305
f 3305/3305 3312/3312 3306/3306
f 3312/3312 3313/3313 3306/3306
f 3306/3306 3313/3313 3307/3307
f 3281/3281 3283/3283 3309/3309
f 3283/3283 3314/3314 3309/3309
f 3309/3309 3314/3314 3310/3310
f 3314/3314 3315/3315 3310/3310
f 3310/3310 3315/3315 3311/3311
f 3315/3315 3316/3316 3311/3311
f 3311/3311 3316/3316 3312/3312
f 3314/3314 3283/3283 3317/3317
f 3283/3283 3254/3254 3317/3317
f 3317/3317 3254/3254 3318/3318
f 3254/3254 3319/3319 3318/3318
f 3317/3317 3318/3318 3314/3314
f 3318/3318 3320/3320 3314/3314
f 3314/3314 3320/3320 3315/3315
f 3259/3259 3258/3258 3261/3261
f 3258/3258 3280/3280 3261/3261
f 3266/3266 3285/3285 3267/3267
f 3285/3285 3269/3269 3267/3267
f 2365/2365 3260/3260 2367/2367
f 3260/3260 2368/2368 2367/2367
f 2368/2368 3260/3260 2370/2370
f 3260/3260 2372/2372 2370/2370
f 3272/3272 3270/3270 3288/3288
f 3270/3270 3269/3269 3288/3288
f 3172/3172 3271/3271 3171/3171
f 3271/3271 3170/3170 3171/3171
f 3275/3275 3273/3273 3291/3291
f 3273/3273 3272/3272 3291/3291
f 3174/3174 3268/3268 3173/3173
f 3268/3268 3172/3172 3173/3173
f 3161/3161 3169/3169 3274/3274
f 3169/3169 3170/3170 3274/3274
f 3174/3174 3176/3176 3265/3265
f 3176/3176 3264/3264 3265/3265
f 2135/2135 2133/2133 3321/3321
f 2133/2133 2131/2131 3321/3321
f 3321/3321 2131/2131 2062/2062
f 2062/2062 2060/2060 3321/3321
f 2060/2060 2059/2059 3321/3321
f 3321/3321 2059/2059 2058/2058
f 2058/2058 2056/2056 3321/3321
f 2056/2056 2135/2135 3321/3321
f 2044/2044 2042/2042 3322/3322
f 2042/2042 2041/2041 3322/3322
f 3322/3322 2041/2041 2039/2039
f 2039/2039 2037/2037 3322/3322
f 2037/2037 2077/2077 3322/3322
f 3322/3322 2077/2077 2079/2079
f 2079/2079 2081/2081 3322/3322
f 2081/2081 2044/2044 3322/3322
f 1403/1403 3323/3323 1405/1405
f 3323/3323 3324/3324 1405/1405
f 1405/1405 3324/3324 3325/3325
f 3324/3324 3326/3326 3325/3325
f 3325/3325 3326/3326 3327/3327
f 3326/3326 2966/2966 3327/3327
f 3327/3327 2966/2966 2964/2964
f 2964/2964 1411/1411 3327/3327
f 1411/1411 1409/1409 3327/3327
f 3327/3327 1409/1409 3325/3325
f 1409/1409 1407/1407 3325/3325
f 3325/3325 1407/1407 1405/1405
f 2966/2966 3326/3326 2968/2968
f 3326/3326 3328/3328 2968/2968
f 2968/2968 3328/3328 2970/2970
f 3328/3328 3329/3329 2970/2970
f 2970/2970 3329/3329 2972/2972
f 3329/3329 2974/2974 2972/2972
f 3326/3326 3324/3324 3328/3328
f 3324/3324 3330/3330 3328/3328
f 3328/3328 3330/3330 3329/3329
f 3330/3330 3331/3331 3329/3329
f 3329/3329 3331/3331 2974/2974
f 3331/3331 1395/1395 2974/2974
f 3324/3324 3323/3323 3330/3330
f 3323/3323 3332/3332 3330/3330
f 3330/3330 3332/3332 3331/3331
f 3332/3332 3333/3333 3331/3331
f 3331/3331 3333/3333 1395/1395
f 3333/3333 1397/1397 1395/1395
f 3332/3332 3323/3323 3334/3334
f 3323/3323 1403/1403 3334/3334
f 3334/3334 1403/1403 1401/1401
f 3334/3334 1401/1401 3332/3332
f 1401/1401 1399/1399 3332/3332
f 3332/3332 1399/1399 1397/1397
f 110/110 108/108 3335/3335
f 108/108 1271/1271 3335/3335
f 3335/3335 1271/1271 1273/1273
f 110/110 3335/3335 112/112
f 3335/3335 1273/1273 112/112
f 112/112 1273/1273 3336/3336
f 1273/1273 1275/1275 3336/3336
f 3336/3336 1275/1275 1276/1276
f 112/112 3336/3336 3337/3337
f 3336/3336 1276/1276 3337/3337
f 3337/3337 1276/1276 116/116
f 1276/1276 3338/3338 116/116
f 116/116 3338/3338 3339/3339
f 3338/3338 1279/1279 3339/3339
f 3339/3339 1279/1279 120/120
f 1279/1279 3340/3340 120/120
f 120/120 3340/3340 3341/3341
f 3340/3340 1282/1282 3341/3341
f 3341/3341 1282/1282 124/124
f 1282/1282 3342/3342 124/124
f 124/124 3342/3342 2931/2931
f 3342/3342 1286/1286 2931/2931
f 1286/1286 3342/3342 1284/1284
f 3342/3342 1282/1282 1284/1284
f 112/112 3337/3337 114/114
f 3337/3337 116/116 114/114
f 116/116 3339/3339 118/118
f 3339/3339 120/120 118/118
f 1282/1282 3340/3340 1281/1281
f 3340/3340 1279/1279 1281/1281
f 1276/1276 1278/1278 3338/3338
f 1278/1278 1279/1279 3338/3338
f 120/120 3341/3341 122/122
f 3341/3341 124/124 122/122
f 2211/2211 2213/2213 3343/3343
f 2213/2213 2215/2215 3343/3343
f 3343/3343 2215/2215 2204/2204
f 2204/2204 2202/2202 3343/3343
f 2202/2202 2201/2201 3343/3343
f 3343/3343 2201/2201 2200/2200
f 2200/2200 2198/2198 3343/3343
f 2198/2198 2211/2211 3343/3343
f 2053/2053 2055/2055 3344/3344
f 2055/2055 2057/2057 3344/3344
f 3344/3344 2057/2057 2017/2017
f 2017/2017 2015/2015 3344/3344
f 2015/2015 2014/2014 3344/3344
f 3344/3344 2014/2014 2012/2012
f 2012/2012 2010/2010 3344/3344
f 2010/2010 2053/2053 3344/3344
f 327/327 325/325 3345/3345
f 325/325 536/536 3345/3345
f 3345/3345 536/536 531/531
f 531/531 532/532 3345/3345
f 532/532 327/327 3345/3345
f 2258/2258 2313/2313 3346/3346
f 2313/2313 2315/2315 3346/3346
f 3346/3346 2315/2315 2317/2317
f 2317/2317 2264/2264 3346/3346
f 2264/2264 2262/2262 3346/3346
f 3346/3346 2262/2262 2261/2261
f 2261/2261 2260/2260 3346/3346
f 2260/2260 2258/2258 3346/3346
f 2459/2459 2461/2461 3347/3347
f 2461/2461 2463/2463 3347/3347
f 3347/3347 2463/2463 2439/2439
f 2439/2439 2437/2437 3347/3347
f 2437/2437 2435/2435 3347/3347
f 3347/3347 2435/2435 2433/2433
f 2433/2433 2431/2431 3347/3347
f 2431/2431 2459/2459 3347/3347
f 1598/1598 1725/1725 3348/3348
f 1725/1725 1727/1727 3348/3348
f 3348/3348 1727/1727 1729/1729
f 1729/1729 1590/1590 3348/3348
f 1590/1590 1592/1592 3348/3348
f 3348/3348 1592/1592 1594/1594
f 1594/1594 1596/1596 3348/3348
f 1596/1596 1598/1598 3348/3348
f 1711/1711 1713/1713 3349/3349
f 1713/1713 1610/1610 3349/3349
f 3349/3349 1610/1610 1612/1612
f 1612/1612 1614/1614 3349/3349
f 1614/1614 1616/1616 3349/3349
f 3349/3349 1616/1616 1618/1618
f 1618/1618 1709/1709 3349/3349
f 1709/1709 1711/1711 3349/3349
f 999/999 1001/1001 3350/3350
f 1001/1001 981/981 3350/3350
f 3350/3350 981/981 982/982
f 982/982 983/983 3350/3350
f 983/983 984/984 3350/3350
f 3350/3350 984/984 986/986
f 986/986 997/997 3350/3350
f 997/997 999/999 3350/3350
f 1225/1225 1227/1227 3351/3351
f 1227/1227 1229/1229 3351/3351
f 3351/3351 1229/1229 1211/1211
f 1211/1211 1213/1213 3351/3351
f 1213/1213 1214/1214 3351/3351
f 3351/3351 1214/1214 1216/1216
f 1216/1216 1218/1218 3351/3351
f 1218/1218 1225/1225 3351/3351
f 3352/3352 3353/3353 3354/3354
f 3353/3353 3355/3355 3354/3354
f 3354/3354 3355/3355 3356/3356
f 3355/3355 3357/3357 3356/3356
f 3356/3356 3357/3357 3358/3358
f 3357/3357 3359/3359 3358/3358
f 3358/3358 3359/3359 3360/3360
f 3359/3359 3361/3361 3360/3360
f 3360/3360 3361/3361 3362/3362
f 3361/3361 3363/3363 3362/3362
f 3362/3362 3363/3363 3364/3364
f 3363/3363 3365/3365 3364/3364
f 3364/3364 3365/3365 3366/3366
f 3365/3365 3367/3367 3366/3366
f 3366/3366 3367/3367 3368/3368
f 3367/3367 3369/3369 3368/3368
f 3368/3368 3369/3369 3370/3370
f 3369/3369 3371/3371 3370/3370
f 3370/3370 3371/3371 3372/3372
f 3371/3371 3373/3373 3372/3372
f 3372/3372 3373/3373 3374/3374
f 3373/3373 3375/3375 3374/3374
f 3374/3374 3375/3375 3376/3376
f 3375/3375 3377/3377 3376/3376
f 3376/3376 3377/3377 1427/1427
f 3377/3377 1429/1429 1427/1427
f 3366/3366 3378/3378 3364/3364
f 3378/3378 3379/3379 3364/3364
f 3364/3364 3379/3379 3362/3362
f 3379/3379 3380/3380 3362/3362
f 3362/3362 3380/3380 3360/3360
f 3380/3380 3356/3356 3360/3360
f 3360/3360 3356/3356 3358/3358
f 3356/3356 3380/3380 3381/3381
f 3380/3380 3382/3382 3381/3381
f 3381/3381 3382/3382 3383/3383
f 3382/3382 3379/3379 3383/3383
f 3383/3383 3379/3379 3384/3384
f 3379/3379 3378/3378 3384/3384
f 3384/3384 3378/3378 3385/3385
f 3378/3378 3386/3386 3385/3385
f 3385/3385 3386/3386 3387/3387
f 3386/3386 3370/3370 3387/3387
f 3387/3387 3370/3370 3388/3388
f 3370/3370 3372/3372 3388/3388
f 3388/3388 3372/3372 3389/3389
f 3372/3372 3390/3390 3389/3389
f 3389/3389 3390/3390 1421/1421
f 3390/3390 3391/3391 1421/1421
f 1421/1421 3391/3391 1423/1423
f 3391/3391 1425/1425 1423/1423
f 3383/3383 3384/3384 3392/3392
f 3384/3384 3385/3385 3392/3392
f 3392/3392 3385/3385 3393/3393
f 3385/3385 3387/3387 3393/3393
f 3393/3393 3387/3387 3394/3394
f 3387/3387 3389/3389 3394/3394
f 3394/3394 3389/3389 2935/2935
f 3389/3389 3395/3395 2935/2935
f 2935/2935 3395/3395 1419/1419
f 3395/3395 1421/1421 1419/1419
f 3394/3394 2937/2937 3393/3393
f 2937/2937 2939/2939 3393/3393
f 3393/3393 2939/2939 3392/3392
f 2939/2939 2941/2941 3392/3392
f 3392/3392 2941/2941 3383/3383
f 2941/2941 2943/2943 3383/3383
f 3383/3383 2943/2943 3396/3396
f 2943/2943 2945/2945 3396/3396
f 3396/3396 2945/2945 3354/3354
f 2945/2945 2947/2947 3354/3354
f 3354/3354 2947/2947 3352/3352
f 3383/3383 3396/3396 3381/3381
f 3396/3396 3354/3354 3381/3381
f 3381/3381 3354/3354 3356/3356
f 3353/3353 3397/3397 3355/3355
f 3397/3397 3357/3357 3355/3355
f 3397/3397 3398/3398 3357/3357
f 3398/3398 3359/3359 3357/3357
f 3397/3397 3399/3399 3398/3398
f 3399/3399 3400/3400 3398/3398
f 3398/3398 3400/3400 3401/3401
f 3400/3400 3402/3402 3401/3401
f 3401/3401 3402/3402 3403/3403
f 3402/3402 3404/3404 3403/3403
f 3403/3403 3404/3404 3405/3405
f 3404/3404 3406/3406 3405/3405
f 3405/3405 3406/3406 3407/3407
f 3406/3406 3408/3408 3407/3407
f 3407/3407 3408/3408 3409/3409
f 3408/3408 3410/3410 3409/3409
f 3409/3409 3410/3410 3367/3367
f 3410/3410 3411/3411 3367/3367
f 3367/3367 3411/3411 3369/3369
f 3411/3411 3412/3412 3369/3369
f 3369/3369 3412/3412 3413/3413
f 3412/3412 3414/3414 3413/3413
f 3413/3413 3414/3414 3415/3415
f 3414/3414 3416/3416 3415/3415
f 3415/3415 3416/3416 3417/3417
f 3416/3416 3418/3418 3417/3417
f 3417/3417 3418/3418 3419/3419
f 3418/3418 3420/3420 3419/3419
f 3419/3419 3420/3420 3377/3377
f 3420/3420 3421/3421 3377/3377
f 3377/3377 3421/3421 1429/1429
f 3421/3421 1431/1431 1429/1429
f 3415/3415 3375/3375 3413/3413
f 3375/3375 3373/3373 3413/3413
f 3413/3413 3373/3373 3369/3369
f 3373/3373 3371/3371 3369/3369
f 3415/3415 3417/3417 3375/3375
f 3417/3417 3419/3419 3375/3375
f 3375/3375 3419/3419 3377/3377
f 3368/3368 3370/3370 3366/3366
f 3370/3370 3386/3386 3366/3366
f 3366/3366 3386/3386 3378/3378
f 3390/3390 3372/3372 3391/3391
f 3372/3372 3374/3374 3391/3391
f 3391/3391 3374/3374 3376/3376
f 3391/3391 3376/3376 1425/1425
f 3376/3376 1427/1427 1425/1425
f 1431/1431 3421/3421 1433/1433
f 3421/3421 3420/3420 1433/1433
f 1433/1433 3420/3420 3418/3418
f 1433/1433 3418/3418 3422/3422
f 3418/3418 3423/3423 3422/3422
f 3422/3422 3423/3423 1437/1437
f 3423/3423 3424/3424 1437/1437
f 1437/1437 3424/3424 3425/3425
f 3424/3424 3426/3426 3425/3425
f 3425/3425 3426/3426 1441/1441
f 3426/3426 3427/3427 1441/1441
f 1441/1441 3427/3427 3428/3428
f 3427/3427 3429/3429 3428/3428
f 3428/3428 3429/3429 1445/1445
f 3427/3427 3426/3426 3430/3430
f 3426/3426 3424/3424 3430/3430
f 3430/3430 3424/3424 3431/3431
f 3424/3424 3432/3432 3431/3431
f 3431/3431 3432/3432 3433/3433
f 3432/3432 3416/3416 3433/3433
f 3433/3433 3416/3416 3434/3434
f 3416/3416 3414/3414 3434/3434
f 3434/3434 3414/3414 3412/3412
f 3433/3433 3434/3434 3435/3435
f 3434/3434 3436/3436 3435/3435
f 3435/3435 3436/3436 3437/3437
f 3436/3436 3438/3438 3437/3437
f 3437/3437 3438/3438 3439/3439
f 3438/3438 3440/3440 3439/3439
f 3439/3439 3440/3440 3441/3441
f 3440/3440 3406/3406 3441/3441
f 3441/3441 3406/3406 3442/3442
f 3406/3406 3404/3404 3442/3442
f 3435/3435 3437/3437 3431/3431
f 3437/3437 3443/3443 3431/3431
f 3431/3431 3443/3443 3444/3444
f 3443/3443 3445/3445 3444/3444
f 3444/3444 3445/3445 3427/3427
f 3445/3445 3446/3446 3427/3427
f 3427/3427 3446/3446 3429/3429
f 3445/3445 3443/3443 3447/3447
f 3443/3443 3437/3437 3447/3447
f 3447/3447 3437/3437 3448/3448
f 3437/3437 3439/3439 3448/3448
f 3431/3431 3444/3444 3430/3430
f 3444/3444 3427/3427 3430/3430
f 1445/1445 1443/1443 3428/3428
f 1443/1443 1441/1441 3428/3428
f 1433/1433 3422/3422 1435/1435
f 3422/3422 1437/1437 1435/1435
f 1441/1441 1439/1439 3425/3425
f 1439/1439 1437/1437 3425/3425
f 1737/1737 1580/1580 3449/3449
f 1580/1580 1582/1582 3449/3449
f 3449/3449 1582/1582 1584/1584
f 1584/1584 1586/1586 3449/3449
f 1586/1586 1588/1588 3449/3449
f 3449/3449 1588/1588 1733/1733
f 1733/1733 1735/1735 3449/3449
f 1735/1735 1737/1737 3449/3449
f 3408/3408 3406/3406 3450/3450
f 3406/3406 3440/3440 3450/3450
f 3450/3450 3440/3440 3438/3438
f 3438/3438 3436/3436 3450/3450
f 3436/3436 3434/3434 3450/3450
f 3450/3450 3434/3434 3451/3451
f 3434/3434 3412/3412 3451/3451
f 3451/3451 3412/3412 3411/3411
f 3411/3411 3410/3410 3451/3451
f 3410/3410 3450/3450 3451/3451
f 2259/2259 1923/1923 3452/3452
f 1923/1923 1925/1925 3452/3452
f 3452/3452 1925/1925 1926/1926
f 1926/1926 1928/1928 3452/3452
f 1928/1928 1930/1930 3452/3452
f 3452/3452 1930/1930 2255/2255
f 2255/2255 2257/2257 3452/3452
f 2257/2257 2259/2259 3452/3452
f 2126/2126 2128/2128 3453/3453
f 2128/2128 2129/2129 3453/3453
f 3453/3453 2129/2129 2130/2130
f 2130/2130 2132/2132 3453/3453
f 2132/2132 2140/2140 3453/3453
f 3453/3453 2140/2140 2142/2142
f 2142/2142 2144/2144 3453/3453
f 2144/2144 2126/2126 3453/3453
f 2333/2333 2282/2282 3454/3454
f 2282/2282 2280/2280 3454/3454
f 3454/3454 2280/2280 2278/2278
f 2278/2278 2276/2276 3454/3454
f 2276/2276 2274/2274 3454/3454
f 3454/3454 2274/2274 2329/2329
f 2329/2329 2331/2331 3454/3454
f 2331/2331 2333/2333 3454/3454
f 2066/2066 2064/2064 3455/3455
f 2064/2064 2127/2127 3455/3455
f 3455/3455 2127/2127 2125/2125
f 2125/2125 2123/2123 3455/3455
f 2123/2123 2070/2070 3455/3455
f 3455/3455 2070/2070 2068/2068
f 2068/2068 2067/2067 3455/3455
f 2067/2067 2066/2066 3455/3455
f 1628/1628 1701/1701 3456/3456
f 1701/1701 1703/1703 3456/3456
f 3456/3456 1703/1703 1705/1705
f 1705/1705 1620/1620 3456/3456
f 1620/1620 1622/1622 3456/3456
f 3456/3456 1622/1622 1624/1624
f 1624/1624 1626/1626 3456/3456
f 1626/1626 1628/1628 3456/3456
f 1606/1606 1608/1608 3457/3457
f 1608/1608 1717/1717 3457/3457
f 3457/3457 1717/1717 1719/1719
f 1719/1719 1721/1721 3457/3457
f 1721/1721 1600/1600 3457/3457
f 3457/3457 1600/1600 1602/1602
f 1602/1602 1604/1604 3457/3457
f 1604/1604 1606/1606 3457/3457
f 2272/2272 2270/2270 3458/3458
f 2270/2270 2269/2269 3458/3458
f 3458/3458 2269/2269 2268/2268
f 2268/2268 2266/2266 3458/3458
f 2266/2266 2321/2321 3458/3458
f 3458/3458 2321/2321 2323/2323
f 2323/2323 2325/2325 3458/3458
f 2325/2325 2272/2272 3458/3458
f 2341/2341 2292/2292 3459/3459
f 2292/2292 2290/2290 3459/3459
f 3459/3459 2290/2290 2288/2288
f 2288/2288 2286/2286 3459/3459
f 2286/2286 2284/2284 3459/3459
f 3459/3459 2284/2284 2337/2337
f 2337/2337 2339/2339 3459/3459
f 2339/2339 2341/2341 3459/3459
f 2449/2449 2447/2447 3460/3460
f 2447/2447 2445/2445 3460/3460
f 3460/3460 2445/2445 2443/2443
f 2443/2443 2441/2441 3460/3460
f 2441/2441 2467/2467 3460/3460
f 3460/3460 2467/2467 2469/2469
f 2469/2469 2471/2471 3460/3460
f 2471/2471 2449/2449 3460/3460
f 2105/2105 3461/3461 2107/2107
f 3461/3461 2086/2086 2107/2107
f 2107/2107 2086/2086 3462/3462
f 2086/2086 3463/3463 3462/3462
f 3462/3462 3463/3463 2109/2109
f 3463/3463 2111/2111 2109/2109
f 2105/2105 3464/3464 3461/3461
f 3464/3464 2088/2088 3461/3461
f 3461/3461 2088/2088 2086/2086
f 2105/2105 2091/2091 3464/3464
f 2091/2091 2090/2090 3464/3464
f 3464/3464 2090/2090 2088/2088
f 2111/2111 3463/3463 2080/2080
f 3463/3463 2082/2082 2080/2080
f 2082/2082 3463/3463 2083/2083
f 3463/3463 2084/2084 2083/2083
f 3405/3405 3465/3465 3403/3403
f 3465/3465 3466/3466 3403/3403
f 3403/3403 3466/3466 3401/3401
f 3466/3466 3398/3398 3401/3401
f 3405/3405 3407/3407 3465/3465
f 3407/3407 3409/3409 3465/3465
f 3465/3465 3409/3409 3467/3467
f 3409/3409 3367/3367 3467/3467
f 3467/3467 3367/3367 3365/3365
f 3365/3365 3363/3363 3467/3467
f 3363/3363 3466/3466 3467/3467
f 3467/3467 3466/3466 3465/3465
f 3363/3363 3361/3361 3466/3466
f 3361/3361 3359/3359 3466/3466
f 3466/3466 3359/3359 3398/3398
f 2641/2641 2643/2643 3468/3468
f 2643/2643 2710/2710 3468/3468
f 3468/3468 2710/2710 1532/1532
f 1532/1532 1530/1530 3468/3468
f 1530/1530 1528/1528 3468/3468
f 3468/3468 1528/1528 2641/2641
f 2149/2149 2147/2147 3469/3469
f 2147/2147 2146/2146 3469/3469
f 3469/3469 2146/2146 2145/2145
f 2145/2145 2143/2143 3469/3469
f 2143/2143 2195/2195 3469/3469
f 3469/3469 2195/2195 2197/2197
f 2197/2197 2199/2199 3469/3469
f 2199/2199 2149/2149 3469/3469
f 2028/2028 2069/2069 3470/3470
f 2069/2069 2071/2071 3470/3470
f 3470/3470 2071/2071 2073/2073
f 2073/2073 2035/2035 3470/3470
f 2035/2035 2033/2033 3470/3470
f 3470/3470 2033/2033 2032/2032
f 2032/2032 2030/2030 3470/3470
f 2030/2030 2028/2028 3470/3470
f 2026/2026 2024/2024 3471/3471
f 2024/2024 2023/2023 3471/3471
f 3471/3471 2023/2023 2021/2021
f 2021/2021 2019/2019 3471/3471
f 2019/2019 2061/2061 3471/3471
f 3471/3471 2061/2061 2063/2063
f 2063/2063 2065/2065 3471/3471
f 2065/2065 2026/2026 3471/3471
f 1919/1919 1921/1921 3472/3472
f 1921/1921 2263/2263 3472/3472
f 3472/3472 2263/2263 2265/2265
f 2265/2265 2267/2267 3472/3472
f 2267/2267 1915/1915 3472/3472
f 3472/3472 1915/1915 1917/1917
f 1917/1917 1918/1918 3472/3472
f 1918/1918 1919/1919 3472/3472
f 3116/3116 3130/3130 3473/3473
f 3130/3130 3128/3128 3473/3473
f 3473/3473 3128/3128 3122/3122
f 3122/3122 3120/3120 3473/3473
f 3120/3120 3118/3118 3473/3473
f 3473/3473 3118/3118 3116/3116
f 2524/2524 2542/2542 3474/3474
f 2542/2542 2534/2534 3474/3474
f 3474/3474 2534/2534 2532/2532
f 2532/2532 2526/2526 3474/3474
f 2526/2526 2524/2524 3474/3474
f 1003/1003 1002/1002 3475/3475
f 1002/1002 1000/1000 3475/3475
f 3475/3475 1000/1000 1011/1011
f 1011/1011 1013/1013 3475/3475
f 1013/1013 1015/1015 3475/3475
f 3475/3475 1015/1015 1006/1006
f 1006/1006 1004/1004 3475/3475
f 1004/1004 1003/1003 3475/3475
f 2776/2776 2810/2810 3476/3476
f 2810/2810 3477/3477 3476/3476
f 3476/3476 3477/3477 3478/3478
f 3477/3477 3479/3479 3478/3478
f 3478/3478 3479/3479 3480/3480
f 3479/3479 1667/1667 3480/3480
f 3480/3480 1667/1667 2102/2102
f 2810/2810 2809/2809 3477/3477
f 2809/2809 3481/3481 3477/3477
f 3477/3477 3481/3481 3479/3479
f 3481/3481 3482/3482 3479/3479
f 3479/3479 3482/3482 1667/1667
f 3482/3482 1669/1669 1667/1667
f 1669/1669 3482/3482 2825/2825
f 3482/3482 3481/3481 2825/2825
f 2825/2825 3481/3481 2807/2807
f 3481/3481 2809/2809 2807/2807
f 2776/2776 3476/3476 2775/2775
f 3476/3476 3483/3483 2775/2775
f 2775/2775 3483/3483 2774/2774
f 3483/3483 3484/3484 2774/2774
f 2774/2774 3484/3484 2099/2099
f 3484/3484 2100/2100 2099/2099
f 2100/2100 3484/3484 2101/2101
f 3484/3484 3483/3483 2101/2101
f 2101/2101 3483/3483 3478/3478
f 3483/3483 3476/3476 3478/3478
f 3478/3478 3480/3480 2101/2101
f 3480/3480 2102/2102 2101/2101
f 3424/3424 3423/3423 3485/3485
f 3423/3423 3418/3418 3485/3485
f 3485/3485 3418/3418 3416/3416
f 3416/3416 3432/3432 3485/3485
f 3432/3432 3424/3424 3485/3485
f 2148/2148 2150/2150 3486/3486
f 2150/2150 2152/2152 3486/3486
f 3486/3486 2152/2152 2118/2118
f 2118/2118 2120/2120 3486/3486
f 2120/2120 2121/2121 3486/3486
f 3486/3486 2121/2121 2122/2122
f 2122/2122 2124/2124 3486/3486
f 2124/2124 2148/2148 3486/3486
f 2119/2119 2117/2117 3487/3487
f 2117/2117 2115/2115 3487/3487
f 3487/3487 2115/2115 2078/2078
f 2078/2078 2076/2076 3487/3487
f 2076/2076 2075/2075 3487/3487
f 3487/3487 2075/2075 2074/2074
f 2074/2074 2072/2072 3487/3487
f 2072/2072 2119/2119 3487/3487
f 3246/3246 3244/3244 3488/3488
f 3244/3244 3251/3251 3488/3488
f 3488/3488 3251/3251 3253/3253
f 3253/3253 3255/3255 3488/3488
f 3255/3255 2361/2361 3488/3488
f 3488/3488 2361/2361 2359/2359
f 2359/2359 2357/2357 3488/3488
f 2357/2357 3246/3246 3488/3488
f 2085/2085 2087/2087 3489/3489
f 2087/2087 2089/2089 3489/3489
f 3489/3489 2089/2089 1633/1633
f 1633/1633 1631/1631 3489/3489
f 1631/1631 2050/2050 3489/3489
f 3489/3489 2050/2050 2048/2048
f 2048/2048 2046/2046 3489/3489
f 2046/2046 2085/2085 3489/3489
f 2984/2984 2986/2986 2988/2988
f 58/58 68/68 59/59
f 262/262 260/260 259/259
f 2911/2911 2422/2422 3490/3490
f 3233/3233 3234/3234 2394/2394
f 2166/2166 2844/2844 2164/2164
f 2110/2110 2251/2251 2191/2191
f 1615/1615 1613/1613 2034/2034
f 1613/1613 1611/1611 2031/2031
f 1603/1603 1601/1601 2022/2022
f 1585/1585 1583/1583 2007/2007
f 1090/1090 1270/1270 1088/1088
f 2865/2865 2867/2867 2868/2868
f 169/169 167/167 168/168
f 105/105 101/101 103/103
f 96/96 1086/1086 98/98
f 2882/2882 2903/2903 2880/2880
f 2886/2886 2980/2980 2982/2982
f 1176/1176 1178/1178 1212/1212
f 3463/3463 2086/2086 2084/2084
f 1704/1704 1798/1798 1706/1706
f 1712/1712 1807/1807 1714/1714
f 1726/1726 1822/1822 1728/1728
f 1728/1728 1825/1825 1730/1730
f 452/452 487/487 451/451
f 402/402 436/436 401/401
f 375/375 377/377 376/376
f 392/392 394/394 1040/1040
f 2898/2898 2948/2948 2946/2946
f 3186/3186 3188/3188 3196/3196
f 1801/1801 1872/1872 1803/1803
f 1803/1803 1875/1875 1805/1805
f 1819/1819 1890/1890 1821/1821
f 1828/1828 1899/1899 1830/1830
f 3431/3431 3433/3433 3435/3435
f 389/389 448/448 391/391
f 2951/2951 2950/2950 2979/2979
f 2171/2171 2233/2233 2173/2173
f 2093/2093 2184/2184 2094/2094
f 1902/1902 1860/1860 1858/1858
f 1862/1862 1954/1954 1864/1864
f 1869/1869 2250/2250 1871/1871
f 1896/1896 2001/2001 1898/1898
f 1432/1432 1434/1434 1901/1901
f 3450/3450 3410/3410 3408/3408
f 440/440 492/492 442/442
f 2937/2937 3394/3394 2935/2935
f 3003/3003 3007/3007 3005/3005
f 1289/1289 1287/1287 1285/1285
f 2699/2699 2879/2879 2872/2872
f 895/895 923/923 897/897
f 829/829 863/863 831/831
f 711/711 754/754 713/713
f 621/621 667/667 623/623
f 528/528 541/541 526/526
f 430/430 479/479 428/428
f 347/347 429/429 349/349
f 138/138 2926/2926 140/140
f 1139/1139 2921/2921 2923/2923
f 1122/1122 1124/1124 1138/1138
f 1124/1124 1126/1126 1128/1128
f 1125/1125 1165/1165 1127/1127
f 1125/1125 1123/1123 1121/1121
f 3294/3294 3293/3293 3292/3292
f 3277/3277 3276/3276 3275/3275
f 3277/3277 3295/3295 3167/3167
f 3078/3078 3077/3077 3102/3102
f 3117/3117 3218/3218 3219/3219
f 3206/3206 3209/3209 3208/3208
f 1461/1461 3205/3205 3207/3207
f 1416/1416 1418/1418 1462/1462
f 1416/1416 1459/1459 1414/1414
f 1418/1418 1420/1420 1422/1422
f 1421/1421 3395/3395 3389/3389
f 3389/3389 3387/3387 3388/3388
f 3081/3081 3083/3083 3182/3182
f 535/535 539/539 534/534
f 574/574 577/577 573/573
f 617/617 620/620 616/616
f 661/661 665/665 660/660
f 704/704 710/710 703/703
f 746/746 752/752 745/745
f 785/785 791/791 784/784
f 821/821 828/828 820/820
f 855/855 861/861 854/854
f 885/885 894/894 884/884
f 915/915 921/921 914/914
f 939/939 1021/1021 938/938
f 2696/2696 2823/2823 2694/2694
f 2811/2811 2242/2242 2240/2240
f 2095/2095 2247/2247 2096/2096
f 2387/2387 2386/2386 3023/3023
f 3086/3086 3111/3111 1978/1978
f 3110/3110 3112/3112 3223/3223
f 3226/3226 3229/3229 1984/1984
f 3226/3226 3225/3225 3224/3224
f 1428/1428 3197/3197 1466/1466
f 244/244 245/245 341/341
f 486/486 333/333 331/331
f 538/538 321/321 319/319
f 664/664 311/311 708/708
f 888/888 890/890 919/919
f 291/291 289/289 1060/1060
f 292/292 294/294 2506/2506
f 2316/2316 3247/3247 2318/2318
f 2332/2332 2369/2369 2334/2334
f 2346/2346 2384/2384 2348/2348
f 2348/2348 2352/2352 2350/2350
f 2349/2349 2345/2345 2347/2347
f 2349/2349 2351/2351 2959/2959
f 2515/2515 2548/2548 2517/2517
f 2704/2704 2718/2718 2705/2705
f 2658/2658 2656/2656 2654/2654
f 2297/2297 2299/2299 2399/2399
f 2412/2412 2279/2279 2281/2281
f 2279/2279 2414/2414 2277/2277
f 1937/1937 1911/1911 1913/1913
f 1847/1847 1776/1776 1775/1775
f 1757/1757 1759/1759 1924/1924
f 1766/1766 1768/1768 1933/1933
f 1768/1768 1770/1770 1936/1936
f 2571/2571 274/274 2568/2568
f 1482/1482 1480/1480 964/964
f 2683/2683 2710/2710 2643/2643
f 2814/2814 2785/2785 2783/2783
f 2778/2778 2791/2791 2808/2808
f 1662/1662 1664/1664 1760/1760
f 1672/1672 1674/1674 1769/1769
f 1772/1772 2249/2249 1774/1774
f 2827/2827 2826/2826 2828/2828
f 2827/2827 1675/1675 1673/1673
f 2789/2789 2812/2812 2913/2913
f 13/13 11/11 10/10
f 1555/1555 1572/1572 1553/1553
f 1535/1535 1516/1516 1517/1517
f 37/37 35/35 39/39
f 62/62 61/61 1081/1081
f 1314/1314 1312/1312 1503/1503
f 2423/2423 2422/2422 2911/2911
f 1665/1665 1663/1663 1661/1661
f 1777/1777 1846/1846 1778/1778
f 2383/2383 2381/2381 3139/3139
f 210/210 153/153 155/155
f 203/203 205/205 249/249
f 322/322 2617/2617 320/320
f 300/300 302/302 304/304
f 3252/3252 3319/3319 3254/3254
f 3283/3283 3281/3281 3282/3282
f 3260/3260 3262/3262 2372/2372
f 3178/3178 2379/2379 2377/2377
f 2593/2593 2595/2595 2614/2614
f 2595/2595 2596/2596 2598/2598
f 2597/2597 2446/2446 2448/2448
f 2446/2446 2594/2594 2444/2444
f 2591/2591 2589/2589 2436/2436
f 2583/2583 2426/2426 2428/2428
f 2667/2667 2231/2231 2230/2230
f 1005/1005 1007/1007 979/979
f 2212/2212 2910/2910 2214/2214
f 3379/3379 3382/3382 3380/3380
f 1397/1397 3333/3333 3332/3332
f 2107/2107 3462/3462 2109/2109
f 2113/2113 2114/2114 2252/2252
# num_faces: 6668
